[2026-03-03T08:59:06.034Z] {"timestamp":1772528343311,"level":"LOG","args":["[DEBUG] IRR calculated:","0.06935038224521865","as percentage:","6.94%"],"stack":null}
[2026-03-03T08:59:06.034Z] {"timestamp":1772528343311,"level":"LOG","args":["[DEBUG] IRR cashFlows:",[-20755520,2347245.6,2332105.4176000003,2316924.2959296005,2301699.8612458818,2286429.685863398,2271111.286784007,2255742.1242925352,2240319.600517421,2224841.0579554588,2209303.777959746,2193704.97918992,2178041.8160237223,2162311.3769289553,2146510.682794799,2130636.6852215184]],"stack":null}
[2026-03-03T08:59:06.034Z] {"timestamp":1772528343311,"level":"LOG","args":["[DEBUG] IRR calculated:","0.06859199042281805","as percentage:","6.86%"],"stack":null}
[2026-03-03T08:59:06.034Z] {"timestamp":1772528343312,"level":"LOG","args":["[DEBUG] IRR cashFlows:",[-20900995,2347245.6,2332105.4176000003,2316924.2959296005,2301699.8612458818,2286429.685863398,2271111.286784007,2255742.1242925352,2240319.600517421,2224841.0579554588,2209303.777959746,2193704.97918992,2178041.8160237223,2162311.3769289553,2146510.682794799,2130636.6852215184]],"stack":null}
[2026-03-03T08:59:06.034Z] {"timestamp":1772528343312,"level":"LOG","args":["[DEBUG] IRR calculated:","0.06747349355098918","as percentage:","6.75%"],"stack":null}
[2026-03-03T08:59:06.034Z] {"timestamp":1772528343312,"level":"LOG","args":["[DEBUG] IRR cashFlows:",[-21149970,2347245.6,2332105.4176000003,2316924.2959296005,2301699.8612458818,2286429.685863398,2271111.286784007,2255742.1242925352,2240319.600517421,2224841.0579554588,2209303.777959746,2193704.97918992,2178041.8160237223,2162311.3769289553,2146510.682794799,2130636.6852215184]],"stack":null}
[2026-03-03T08:59:06.034Z] {"timestamp":1772528343312,"level":"LOG","args":["[DEBUG] IRR calculated:","0.06558685445344957","as percentage:","6.56%"],"stack":null}
[2026-03-03T08:59:06.034Z] {"timestamp":1772528343314,"level":"LOG","args":["[DEBUG] IRR cashFlows:",[-21509920,2347245.6,2332105.4176000003,2316924.2959296005,2301699.8612458818,2286429.685863398,2271111.286784007,2255742.1242925352,2240319.600517421,2224841.0579554588,2209303.777959746,2193704.97918992,2178041.8160237223,2162311.3769289553,2146510.682794799,2130636.6852215184]],"stack":null}
[2026-03-03T08:59:06.034Z] {"timestamp":1772528343315,"level":"LOG","args":["[DEBUG] IRR calculated:","0.06291897990856639","as percentage:","6.29%"],"stack":null}
[2026-03-03T08:59:06.034Z] {"timestamp":1772528343315,"level":"LOG","args":["[DEBUG] IRR cashFlows:",[-20822970,2347245.6,2332105.4176000003,2316924.2959296005,2301699.8612458818,2286429.685863398,2271111.286784007,2255742.1242925352,2240319.600517421,2224841.0579554588,2209303.777959746,2193704.97918992,2178041.8160237223,2162311.3769289553,2146510.682794799,2130636.6852215184]],"stack":null}
[2026-03-03T08:59:06.034Z] {"timestamp":1772528343315,"level":"LOG","args":["[DEBUG] IRR calculated:","0.06807189383610872","as percentage:","6.81%"],"stack":null}
[2026-03-03T08:59:06.034Z] {"timestamp":1772528343315,"level":"LOG","args":["[DEBUG] IRR cashFlows:",[-20928770,2347245.6,2332105.4176000003,2316924.2959296005,2301699.8612458818,2286429.685863398,2271111.286784007,2255742.1242925352,2240319.600517421,2224841.0579554588,2209303.777959746,2193704.97918992,2178041.8160237223,2162311.3769289553,2146510.682794799,2130636.6852215184]],"stack":null}
[2026-03-03T08:59:06.034Z] {"timestamp":1772528343315,"level":"LOG","args":["[DEBUG] IRR calculated:","0.06726130973497235","as percentage:","6.73%"],"stack":null}
[2026-03-03T08:59:06.034Z] {"timestamp":1772528343315,"level":"LOG","args":["[DEBUG] IRR cashFlows:",[-21072520,2347245.6,2332105.4176000003,2316924.2959296005,2301699.8612458818,2286429.685863398,2271111.286784007,2255742.1242925352,2240319.600517421,2224841.0579554588,2209303.777959746,2193704.97918992,2178041.8160237223,2162311.3769289553,2146510.682794799,2130636.6852215184]],"stack":null}
[2026-03-03T08:59:06.034Z] {"timestamp":1772528343315,"level":"LOG","args":["[DEBUG] IRR calculated:","0.06617005552855004","as percentage:","6.62%"],"stack":null}
[2026-03-03T08:59:06.034Z] {"timestamp":1772528343315,"level":"LOG","args":["[DEBUG] IRR cashFlows:",[-21286995,2347245.6,2332105.4176000003,2316924.2959296005,2301699.8612458818,2286429.685863398,2271111.286784007,2255742.1242925352,2240319.600517421,2224841.0579554588,2209303.777959746,2193704.97918992,2178041.8160237223,2162311.3769289553,2146510.682794799,2130636.6852215184]],"stack":null}
[2026-03-03T08:59:06.034Z] {"timestamp":1772528343315,"level":"LOG","args":["[DEBUG] IRR calculated:","0.0645630715551585","as percentage:","6.46%"],"stack":null}
[2026-03-03T08:59:06.034Z] {"timestamp":1772528343315,"level":"LOG","args":["[DEBUG] IRR cashFlows:",[-21650970,2347245.6,2332105.4176000003,2316924.2959296005,2301699.8612458818,2286429.685863398,2271111.286784007,2255742.1242925352,2240319.600517421,2224841.0579554588,2209303.777959746,2193704.97918992,2178041.8160237223,2162311.3769289553,2146510.682794799,2130636.6852215184]],"stack":null}
[2026-03-03T08:59:06.034Z] {"timestamp":1772528343315,"level":"LOG","args":["[DEBUG] IRR calculated:","0.06189218671006957","as percentage:","6.19%"],"stack":null}
[2026-03-03T08:59:06.034Z] {"timestamp":1772528343315,"level":"LOG","args":["[DEBUG] IRR cashFlows:",[-22171920,2347245.6,2332105.4176000003,2316924.2959296005,2301699.8612458818,2286429.685863398,2271111.286784007,2255742.1242925352,2240319.600517421,2224841.0579554588,2209303.777959746,2193704.97918992,2178041.8160237223,2162311.3769289553,2146510.682794799,2130636.6852215184]],"stack":null}
[2026-03-03T08:59:06.034Z] {"timestamp":1772528343315,"level":"LOG","args":["[DEBUG] IRR calculated:","0.05818702567430744","as percentage:","5.82%"],"stack":null}
[2026-03-03T08:59:06.034Z] {"timestamp":1772528343315,"level":"LOG","args":["[DEBUG] IRR cashFlows:",[-21059470,2347245.6,2332105.4176000003,2316924.2959296005,2301699.8612458818,2286429.685863398,2271111.286784007,2255742.1242925352,2240319.600517421,2224841.0579554588,2209303.777959746,2193704.97918992,2178041.8160237223,2162311.3769289553,2146510.682794799,2130636.6852215184]],"stack":null}
[2026-03-03T08:59:06.034Z] {"timestamp":1772528343315,"level":"LOG","args":["[DEBUG] IRR calculated:","0.06626864791267574","as percentage:","6.63%"],"stack":null}
[2026-03-03T08:59:06.034Z] {"timestamp":1772528343315,"level":"LOG","args":["[DEBUG] IRR cashFlows:",[-21199770,2347245.6,2332105.4176000003,2316924.2959296005,2301699.8612458818,2286429.685863398,2271111.286784007,2255742.1242925352,2240319.600517421,2224841.0579554588,2209303.777959746,2193704.97918992,2178041.8160237223,2162311.3769289553,2146510.682794799,2130636.6852215184]],"stack":null}
[2026-03-03T08:59:06.034Z] {"timestamp":1772528343315,"level":"LOG","args":["[DEBUG] IRR calculated:","0.06521359458773965","as percentage:","6.52%"],"stack":null}
[2026-03-03T08:59:06.034Z] {"timestamp":1772528343315,"level":"LOG","args":["[DEBUG] IRR cashFlows:",[-21389520,2347245.6,2332105.4176000003,2316924.2959296005,2301699.8612458818,2286429.685863398,2271111.286784007,2255742.1242925352,2240319.600517421,2224841.0579554588,2209303.777959746,2193704.97918992,2178041.8160237223,2162311.3769289553,2146510.682794799,2130636.6852215184]],"stack":null}
[2026-03-03T08:59:06.034Z] {"timestamp":1772528343315,"level":"LOG","args":["[DEBUG] IRR calculated:","0.06380366768687844","as percentage:","6.38%"],"stack":null}
[2026-03-03T08:59:06.034Z] {"timestamp":1772528343315,"level":"LOG","args":["[DEBUG] IRR cashFlows:",[-21672995,2347245.6,2332105.4176000003,2316924.2959296005,2301699.8612458818,2286429.685863398,2271111.286784007,2255742.1242925352,2240319.600517421,2224841.0579554588,2209303.777959746,2193704.97918992,2178041.8160237223,2162311.3769289553,2146510.682794799,2130636.6852215184]],"stack":null}
[2026-03-03T08:59:06.034Z] {"timestamp":1772528343315,"level":"LOG","args":["[DEBUG] IRR calculated:","0.06173277934950446","as percentage:","6.17%"],"stack":null}
[2026-03-03T08:59:06.034Z] {"timestamp":1772528343315,"level":"LOG","args":["[DEBUG] IRR cashFlows:",[-22151970,2347245.6,2332105.4176000003,2316924.2959296005,2301699.8612458818,2286429.685863398,2271111.286784007,2255742.1242925352,2240319.600517421,2224841.0579554588,2209303.777959746,2193704.97918992,2178041.8160237223,2162311.3769289553,2146510.682794799,2130636.6852215184]],"stack":null}
[2026-03-03T08:59:06.034Z] {"timestamp":1772528343315,"level":"LOG","args":["[DEBUG] IRR calculated:","0.058326456314478206","as percentage:","5.83%"],"stack":null}
[2026-03-03T08:59:06.034Z] {"timestamp":1772528343315,"level":"LOG","args":["[DEBUG] IRR cashFlows:",[-22833920,2347245.6,2332105.4176000003,2316924.2959296005,2301699.8612458818,2286429.685863398,2271111.286784007,2255742.1242925352,2240319.600517421,2224841.0579554588,2209303.777959746,2193704.97918992,2178041.8160237223,2162311.3769289553,2146510.682794799,2130636.6852215184]],"stack":null}
[2026-03-03T08:59:06.034Z] {"timestamp":1772528343315,"level":"LOG","args":["[DEBUG] IRR calculated:","0.05366621689490418","as percentage:","5.37%"],"stack":null}
[2026-03-03T08:59:06.034Z] {"timestamp":1772528343315,"level":"LOG","args":["[DEBUG] IRR cashFlows:",[-21295970,2347245.6,2332105.4176000003,2316924.2959296005,2301699.8612458818,2286429.685863398,2271111.286784007,2255742.1242925352,2240319.600517421,2224841.0579554588,2209303.777959746,2193704.97918992,2178041.8160237223,2162311.3769289553,2146510.682794799,2130636.6852215184]],"stack":null}
[2026-03-03T08:59:06.034Z] {"timestamp":1772528343315,"level":"LOG","args":["[DEBUG] IRR calculated:","0.06449636898574769","as percentage:","6.45%"],"stack":null}
[2026-03-03T08:59:06.034Z] {"timestamp":1772528343315,"level":"LOG","args":["[DEBUG] IRR cashFlows:",[-21470770,2347245.6,2332105.4176000003,2316924.2959296005,2301699.8612458818,2286429.685863398,2271111.286784007,2255742.1242925352,2240319.600517421,2224841.0579554588,2209303.777959746,2193704.97918992,2178041.8160237223,2162311.3769289553,2146510.682794799,2130636.6852215184]],"stack":null}
[2026-03-03T08:59:06.034Z] {"timestamp":1772528343315,"level":"LOG","args":["[DEBUG] IRR calculated:","0.06320581353613193","as percentage:","6.32%"],"stack":null}
[2026-03-03T08:59:06.034Z] {"timestamp":1772528343315,"level":"LOG","args":["[DEBUG] IRR cashFlows:",[-21706520,2347245.6,2332105.4176000003,2316924.2959296005,2301699.8612458818,2286429.685863398,2271111.286784007,2255742.1242925352,2240319.600517421,2224841.0579554588,2209303.777959746,2193704.97918992,2178041.8160237223,2162311.3769289553,2146510.682794799,2130636.6852215184]],"stack":null}
[2026-03-03T08:59:06.034Z] {"timestamp":1772528343315,"level":"LOG","args":["[DEBUG] IRR calculated:","0.06149061655758006","as percentage:","6.15%"],"stack":null}
[2026-03-03T08:59:06.034Z] {"timestamp":1772528343315,"level":"LOG","args":["[DEBUG] IRR cashFlows:",[-22058995,2347245.6,2332105.4176000003,2316924.2959296005,2301699.8612458818,2286429.685863398,2271111.286784007,2255742.1242925352,2240319.600517421,2224841.0579554588,2209303.777959746,2193704.97918992,2178041.8160237223,2162311.3769289553,2146510.682794799,2130636.6852215184]],"stack":null}
[2026-03-03T08:59:06.034Z] {"timestamp":1772528343315,"level":"LOG","args":["[DEBUG] IRR calculated:","0.05897880004117878","as percentage:","5.90%"],"stack":null}
[2026-03-03T08:59:06.034Z] {"timestamp":1772528343316,"level":"LOG","args":["[DEBUG] IRR cashFlows:",[-22652970,2347245.6,2332105.4176000003,2316924.2959296005,2301699.8612458818,2286429.685863398,2271111.286784007,2255742.1242925352,2240319.600517421,2224841.0579554588,2209303.777959746,2193704.97918992,2178041.8160237223,2162311.3769289553,2146510.682794799,2130636.6852215184]],"stack":null}
[2026-03-03T08:59:06.034Z] {"timestamp":1772528343316,"level":"LOG","args":["[DEBUG] IRR calculated:","0.05488191300298694","as percentage:","5.49%"],"stack":null}
[2026-03-03T08:59:06.034Z] {"timestamp":1772528343316,"level":"LOG","args":["[DEBUG] IRR cashFlows:",[-23495920,2347245.6,2332105.4176000003,2316924.2959296005,2301699.8612458818,2286429.685863398,2271111.286784007,2255742.1242925352,2240319.600517421,2224841.0579554588,2209303.777959746,2193704.97918992,2178041.8160237223,2162311.3769289553,2146510.682794799,2130636.6852215184]],"stack":null}
[2026-03-03T08:59:06.034Z] {"timestamp":1772528343316,"level":"LOG","args":["[DEBUG] IRR calculated:","0.04934042050246808","as percentage:","4.93%"],"stack":null}
[2026-03-03T08:59:06.034Z] {"timestamp":1772528343316,"level":"LOG","args":["[DEBUG] IRR cashFlows:",[-21532470,2347245.6,2332105.4176000003,2316924.2959296005,2301699.8612458818,2286429.685863398,2271111.286784007,2255742.1242925352,2240319.600517421,2224841.0579554588,2209303.777959746,2193704.97918992,2178041.8160237223,2162311.3769289553,2146510.682794799,2130636.6852215184]],"stack":null}
[2026-03-03T08:59:06.034Z] {"timestamp":1772528343316,"level":"LOG","args":["[DEBUG] IRR calculated:","0.06275413050974829","as percentage:","6.28%"],"stack":null}
[2026-03-03T08:59:06.034Z] {"timestamp":1772528343316,"level":"LOG","args":["[DEBUG] IRR cashFlows:",[-21741770,2347245.6,2332105.4176000003,2316924.2959296005,2301699.8612458818,2286429.685863398,2271111.286784007,2255742.1242925352,2240319.600517421,2224841.0579554588,2209303.777959746,2193704.97918992,2178041.8160237223,2162311.3769289553,2146510.682794799,2130636.6852215184]],"stack":null}
[2026-03-03T08:59:06.034Z] {"timestamp":1772528343316,"level":"LOG","args":["[DEBUG] IRR calculated:","0.06123661152255621","as percentage:","6.12%"],"stack":null}
[2026-03-03T08:59:06.034Z] {"timestamp":1772528343316,"level":"LOG","args":["[DEBUG] IRR cashFlows:",[-22023520,2347245.6,2332105.4176000003,2316924.2959296005,2301699.8612458818,2286429.685863398,2271111.286784007,2255742.1242925352,2240319.600517421,2224841.0579554588,2209303.777959746,2193704.97918992,2178041.8160237223,2162311.3769289553,2146510.682794799,2130636.6852215184]],"stack":null}
[2026-03-03T08:59:06.034Z] {"timestamp":1772528343316,"level":"LOG","args":["[DEBUG] IRR calculated:","0.059228814052242125","as percentage:","5.92%"],"stack":null}
[2026-03-03T08:59:06.034Z] {"timestamp":1772528343316,"level":"LOG","args":["[DEBUG] IRR cashFlows:",[-22444995,2347245.6,2332105.4176000003,2316924.2959296005,2301699.8612458818,2286429.685863398,2271111.286784007,2255742.1242925352,2240319.600517421,2224841.0579554588,2209303.777959746,2193704.97918992,2178041.8160237223,2162311.3769289553,2146510.682794799,2130636.6852215184]],"stack":null}
[2026-03-03T08:59:06.034Z] {"timestamp":1772528343316,"level":"LOG","args":["[DEBUG] IRR calculated:","0.05629756874796891","as percentage:","5.63%"],"stack":null}
[2026-03-03T08:59:06.034Z] {"timestamp":1772528343316,"level":"LOG","args":["[DEBUG] IRR cashFlows:",[-23153970,2347245.6,2332105.4176000003,2316924.2959296005,2301699.8612458818,2286429.685863398,2271111.286784007,2255742.1242925352,2240319.600517421,2224841.0579554588,2209303.777959746,2193704.97918992,2178041.8160237223,2162311.3769289553,2146510.682794799,2130636.6852215184]],"stack":null}
[2026-03-03T08:59:06.034Z] {"timestamp":1772528343316,"level":"LOG","args":["[DEBUG] IRR calculated:","0.05155144940558404","as percentage:","5.16%"],"stack":null}
[2026-03-03T08:59:06.034Z] {"timestamp":1772528343316,"level":"LOG","args":["[DEBUG] IRR cashFlows:",[-24157920,2347245.6,2332105.4176000003,2316924.2959296005,2301699.8612458818,2286429.685863398,2271111.286784007,2255742.1242925352,2240319.600517421,2224841.0579554588,2209303.777959746,2193704.97918992,2178041.8160237223,2162311.3769289553,2146510.682794799,2130636.6852215184]],"stack":null}
[2026-03-03T08:59:06.034Z] {"timestamp":1772528343316,"level":"LOG","args":["[DEBUG] IRR calculated:","0.045195194883333435","as percentage:","4.52%"],"stack":null}
[2026-03-03T08:59:06.034Z] {"timestamp":1772528343316,"level":"LOG","args":["[DEBUG] IRR cashFlows:",[-21768970,2347245.6,2332105.4176000003,2316924.2959296005,2301699.8612458818,2286429.685863398,2271111.286784007,2255742.1242925352,2240319.600517421,2224841.0579554588,2209303.777959746,2193704.97918992,2178041.8160237223,2162311.3769289553,2146510.682794799,2130636.6852215184]],"stack":null}
[2026-03-03T08:59:06.034Z] {"timestamp":1772528343316,"level":"LOG","args":["[DEBUG] IRR calculated:","0.06104104462173326","as percentage:","6.10%"],"stack":null}
[2026-03-03T08:59:06.034Z] {"timestamp":1772528343316,"level":"LOG","args":["[DEBUG] IRR cashFlows:",[-22012770,2347245.6,2332105.4176000003,2316924.2959296005,2301699.8612458818,2286429.685863398,2271111.286784007,2255742.1242925352,2240319.600517421,2224841.0579554588,2209303.777959746,2193704.97918992,2178041.8160237223,2162311.3769289553,2146510.682794799,2130636.6852215184]],"stack":null}
[2026-03-03T08:59:06.034Z] {"timestamp":1772528343316,"level":"LOG","args":["[DEBUG] IRR calculated:","0.059304697559518414","as percentage:","5.93%"],"stack":null}
[2026-03-03T08:59:06.034Z] {"timestamp":1772528343316,"level":"LOG","args":["[DEBUG] IRR cashFlows:",[-22340520,2347245.6,2332105.4176000003,2316924.2959296005,2301699.8612458818,2286429.685863398,2271111.286784007,2255742.1242925352,2240319.600517421,2224841.0579554588,2209303.777959746,2193704.97918992,2178041.8160237223,2162311.3769289553,2146510.682794799,2130636.6852215184]],"stack":null}
[2026-03-03T08:59:06.034Z] {"timestamp":1772528343316,"level":"LOG","args":["[DEBUG] IRR calculated:","0.057016285787792935","as percentage:","5.70%"],"stack":null}
[2026-03-03T08:59:06.034Z] {"timestamp":1772528343316,"level":"LOG","args":["[DEBUG] IRR cashFlows:",[-22830995,2347245.6,2332105.4176000003,2316924.2959296005,2301699.8612458818,2286429.685863398,2271111.286784007,2255742.1242925352,2240319.600517421,2224841.0579554588,2209303.777959746,2193704.97918992,2178041.8160237223,2162311.3769289553,2146510.682794799,2130636.6852215184]],"stack":null}
[2026-03-03T08:59:06.034Z] {"timestamp":1772528343316,"level":"LOG","args":["[DEBUG] IRR calculated:","0.05368575162351055","as percentage:","5.37%"],"stack":null}
[2026-03-03T08:59:06.034Z] {"timestamp":1772528343316,"level":"LOG","args":["[DEBUG] IRR cashFlows:",[-23654970,2347245.6,2332105.4176000003,2316924.2959296005,2301699.8612458818,2286429.685863398,2271111.286784007,2255742.1242925352,2240319.600517421,2224841.0579554588,2209303.777959746,2193704.97918992,2178041.8160237223,2162311.3769289553,2146510.682794799,2130636.6852215184]],"stack":null}
[2026-03-03T08:59:06.034Z] {"timestamp":1772528343316,"level":"LOG","args":["[DEBUG] IRR calculated:","0.04832853410409416","as percentage:","4.83%"],"stack":null}
[2026-03-03T08:59:06.034Z] {"timestamp":1772528343316,"level":"LOG","args":["[DEBUG] IRR cashFlows:",[-24819920,2347245.6,2332105.4176000003,2316924.2959296005,2301699.8612458818,2286429.685863398,2271111.286784007,2255742.1242925352,2240319.600517421,2224841.0579554588,2209303.777959746,2193704.97918992,2178041.8160237223,2162311.3769289553,2146510.682794799,2130636.6852215184]],"stack":null}
[2026-03-03T08:59:06.034Z] {"timestamp":1772528343316,"level":"LOG","args":["[DEBUG] IRR calculated:","0.04121756847793395","as percentage:","4.12%"],"stack":null}
[2026-03-03T08:59:06.034Z] {"timestamp":1772528343316,"level":"LOG","args":["[DEBUG] IRR cashFlows:",[-22005470,2347245.6,2332105.4176000003,2316924.2959296005,2301699.8612458818,2286429.685863398,2271111.286784007,2255742.1242925352,2240319.600517421,2224841.0579554588,2209303.777959746,2193704.97918992,2178041.8160237223,2162311.3769289553,2146510.682794799,2130636.6852215184]],"stack":null}
[2026-03-03T08:59:06.034Z] {"timestamp":1772528343316,"level":"LOG","args":["[DEBUG] IRR calculated:","0.05935626009265614","as percentage:","5.94%"],"stack":null}
[2026-03-03T08:59:06.034Z] {"timestamp":1772528343316,"level":"LOG","args":["[DEBUG] IRR cashFlows:",[-22283770,2347245.6,2332105.4176000003,2316924.2959296005,2301699.8612458818,2286429.685863398,2271111.286784007,2255742.1242925352,2240319.600517421,2224841.0579554588,2209303.777959746,2193704.97918992,2178041.8160237223,2162311.3769289553,2146510.682794799,2130636.6852215184]],"stack":null}
[2026-03-03T08:59:06.034Z] {"timestamp":1772528343316,"level":"LOG","args":["[DEBUG] IRR calculated:","0.05740884089179996","as percentage:","5.74%"],"stack":null}
[2026-03-03T08:59:06.034Z] {"timestamp":1772528343316,"level":"LOG","args":["[DEBUG] IRR cashFlows:",[-22657520,2347245.6,2332105.4176000003,2316924.2959296005,2301699.8612458818,2286429.685863398,2271111.286784007,2255742.1242925352,2240319.600517421,2224841.0579554588,2209303.777959746,2193704.97918992,2178041.8160237223,2162311.3769289553,2146510.682794799,2130636.6852215184]],"stack":null}
[2026-03-03T08:59:06.034Z] {"timestamp":1772528343316,"level":"LOG","args":["[DEBUG] IRR calculated:","0.05485116325604188","as percentage:","5.49%"],"stack":null}
[2026-03-03T08:59:06.034Z] {"timestamp":1772528343317,"level":"LOG","args":["[DEBUG] IRR cashFlows:",[-23216995,2347245.6,2332105.4176000003,2316924.2959296005,2301699.8612458818,2286429.685863398,2271111.286784007,2255742.1242925352,2240319.600517421,2224841.0579554588,2209303.777959746,2193704.97918992,2178041.8160237223,2162311.3769289553,2146510.682794799,2130636.6852215184]],"stack":null}
[2026-03-03T08:59:06.034Z] {"timestamp":1772528343317,"level":"LOG","args":["[DEBUG] IRR calculated:","0.05114022696919229","as percentage:","5.11%"],"stack":null}
[2026-03-03T08:59:06.034Z] {"timestamp":1772528343317,"level":"LOG","args":["[DEBUG] IRR cashFlows:",[-24155970,2347245.6,2332105.4176000003,2316924.2959296005,2301699.8612458818,2286429.685863398,2271111.286784007,2255742.1242925352,2240319.600517421,2224841.0579554588,2209303.777959746,2193704.97918992,2178041.8160237223,2162311.3769289553,2146510.682794799,2130636.6852215184]],"stack":null}
[2026-03-03T08:59:06.034Z] {"timestamp":1772528343317,"level":"LOG","args":["[DEBUG] IRR calculated:","0.04520715298860184","as percentage:","4.52%"],"stack":null}
[2026-03-03T08:59:06.034Z] {"timestamp":1772528343317,"level":"LOG","args":["[DEBUG] IRR cashFlows:",[-25481920,2347245.6,2332105.4176000003,2316924.2959296005,2301699.8612458818,2286429.685863398,2271111.286784007,2255742.1242925352,2240319.600517421,2224841.0579554588,2209303.777959746,2193704.97918992,2178041.8160237223,2162311.3769289553,2146510.682794799,2130636.6852215184]],"stack":null}
[2026-03-03T08:59:06.034Z] {"timestamp":1772528343317,"level":"LOG","args":["[DEBUG] IRR calculated:","0.037395852703504665","as percentage:","3.74%"],"stack":null}
[2026-03-03T08:59:06.034Z] {"timestamp":1772528343317,"level":"LOG","args":["[DEBUG] IRR cashFlows:",[-22241970,2347245.6,2332105.4176000003,2316924.2959296005,2301699.8612458818,2286429.685863398,2271111.286784007,2255742.1242925352,2240319.600517421,2224841.0579554588,2209303.777959746,2193704.97918992,2178041.8160237223,2162311.3769289553,2146510.682794799,2130636.6852215184]],"stack":null}
[2026-03-03T08:59:06.034Z] {"timestamp":1772528343317,"level":"LOG","args":["[DEBUG] IRR calculated:","0.057698960409099886","as percentage:","5.77%"],"stack":null}
[2026-03-03T08:59:06.034Z] {"timestamp":1772528343317,"level":"LOG","args":["[DEBUG] IRR cashFlows:",[-22554770,2347245.6,2332105.4176000003,2316924.2959296005,2301699.8612458818,2286429.685863398,2271111.286784007,2255742.1242925352,2240319.600517421,2224841.0579554588,2209303.777959746,2193704.97918992,2178041.8160237223,2162311.3769289553,2146510.682794799,2130636.6852215184]],"stack":null}
[2026-03-03T08:59:06.034Z] {"timestamp":1772528343317,"level":"LOG","args":["[DEBUG] IRR calculated:","0.05554786743469476","as percentage:","5.55%"],"stack":null}
[2026-03-03T08:59:06.034Z] {"timestamp":1772528343317,"level":"LOG","args":["[DEBUG] IRR cashFlows:",[-22974520,2347245.6,2332105.4176000003,2316924.2959296005,2301699.8612458818,2286429.685863398,2271111.286784007,2255742.1242925352,2240319.600517421,2224841.0579554588,2209303.777959746,2193704.97918992,2178041.8160237223,2162311.3769289553,2146510.682794799,2130636.6852215184]],"stack":null}
[2026-03-03T08:59:06.034Z] {"timestamp":1772528343317,"level":"LOG","args":["[DEBUG] IRR calculated:","0.052731676639772296","as percentage:","5.27%"],"stack":null}
[2026-03-03T08:59:06.034Z] {"timestamp":1772528343317,"level":"LOG","args":["[DEBUG] IRR cashFlows:",[-23602995,2347245.6,2332105.4176000003,2316924.2959296005,2301699.8612458818,2286429.685863398,2271111.286784007,2255742.1242925352,2240319.600517421,2224841.0579554588,2209303.777959746,2193704.97918992,2178041.8160237223,2162311.3769289553,2146510.682794799,2130636.6852215184]],"stack":null}
[2026-03-03T08:59:06.034Z] {"timestamp":1772528343317,"level":"LOG","args":["[DEBUG] IRR calculated:","0.04865806819294149","as percentage:","4.87%"],"stack":null}
[2026-03-03T08:59:06.034Z] {"timestamp":1772528343317,"level":"LOG","args":["[DEBUG] IRR cashFlows:",[-24656970,2347245.6,2332105.4176000003,2316924.2959296005,2301699.8612458818,2286429.685863398,2271111.286784007,2255742.1242925352,2240319.600517421,2224841.0579554588,2209303.777959746,2193704.97918992,2178041.8160237223,2162311.3769289553,2146510.682794799,2130636.6852215184]],"stack":null}
[2026-03-03T08:59:06.034Z] {"timestamp":1772528343318,"level":"LOG","args":["[DEBUG] IRR calculated:","0.04218175772827382","as percentage:","4.22%"],"stack":null}
[2026-03-03T08:59:06.034Z] {"timestamp":1772528343319,"level":"LOG","args":["[DEBUG] IRR cashFlows:",[-26143920,2347245.6,2332105.4176000003,2316924.2959296005,2301699.8612458818,2286429.685863398,2271111.286784007,2255742.1242925352,2240319.600517421,2224841.0579554588,2209303.777959746,2193704.97918992,2178041.8160237223,2162311.3769289553,2146510.682794799,2130636.6852215184]],"stack":null}
[2026-03-03T08:59:06.034Z] {"timestamp":1772528343319,"level":"LOG","args":["[DEBUG] IRR calculated:","0.033719483105901414","as percentage:","3.37%"],"stack":null}
[2026-03-03T08:59:06.034Z] {"timestamp":1772528343319,"level":"LOG","args":["[DEBUG] IRR cashFlows:",[-22478470,2347245.6,2332105.4176000003,2316924.2959296005,2301699.8612458818,2286429.685863398,2271111.286784007,2255742.1242925352,2240319.600517421,2224841.0579554588,2209303.777959746,2193704.97918992,2178041.8160237223,2162311.3769289553,2146510.682794799,2130636.6852215184]],"stack":null}
[2026-03-03T08:59:06.034Z] {"timestamp":1772528343319,"level":"LOG","args":["[DEBUG] IRR calculated:","0.056068361975843424","as percentage:","5.61%"],"stack":null}
[2026-03-03T08:59:06.034Z] {"timestamp":1772528343319,"level":"LOG","args":["[DEBUG] IRR cashFlows:",[-22825770,2347245.6,2332105.4176000003,2316924.2959296005,2301699.8612458818,2286429.685863398,2271111.286784007,2255742.1242925352,2240319.600517421,2224841.0579554588,2209303.777959746,2193704.97918992,2178041.8160237223,2162311.3769289553,2146510.682794799,2130636.6852215184]],"stack":null}
[2026-03-03T08:59:06.034Z] {"timestamp":1772528343319,"level":"LOG","args":["[DEBUG] IRR calculated:","0.05372065646529879","as percentage:","5.37%"],"stack":null}
[2026-03-03T08:59:06.034Z] {"timestamp":1772528343319,"level":"LOG","args":["[DEBUG] IRR cashFlows:",[-23291520,2347245.6,2332105.4176000003,2316924.2959296005,2301699.8612458818,2286429.685863398,2271111.286784007,2255742.1242925352,2240319.600517421,2224841.0579554588,2209303.777959746,2193704.97918992,2178041.8160237223,2162311.3769289553,2146510.682794799,2130636.6852215184]],"stack":null}
[2026-03-03T08:59:06.034Z] {"timestamp":1772528343319,"level":"LOG","args":["[DEBUG] IRR calculated:","0.05065614821353178","as percentage:","5.07%"],"stack":null}
[2026-03-03T08:59:06.034Z] {"timestamp":1772528343320,"level":"LOG","args":["[DEBUG] IRR cashFlows:",[-23988995,2347245.6,2332105.4176000003,2316924.2959296005,2301699.8612458818,2286429.685863398,2271111.286784007,2255742.1242925352,2240319.600517421,2224841.0579554588,2209303.777959746,2193704.97918992,2178041.8160237223,2162311.3769289553,2146510.682794799,2130636.6852215184]],"stack":null}
[2026-03-03T08:59:06.034Z] {"timestamp":1772528343320,"level":"LOG","args":["[DEBUG] IRR calculated:","0.04623652840614501","as percentage:","4.62%"],"stack":null}
[2026-03-03T08:59:06.034Z] {"timestamp":1772528343320,"level":"LOG","args":["[DEBUG] IRR cashFlows:",[-25157970,2347245.6,2332105.4176000003,2316924.2959296005,2301699.8612458818,2286429.685863398,2271111.286784007,2255742.1242925352,2240319.600517421,2224841.0579554588,2209303.777959746,2193704.97918992,2178041.8160237223,2162311.3769289553,2146510.682794799,2130636.6852215184]],"stack":null}
[2026-03-03T08:59:06.034Z] {"timestamp":1772528343320,"level":"LOG","args":["[DEBUG] IRR calculated:","0.03924722036257719","as percentage:","3.92%"],"stack":null}
[2026-03-03T08:59:06.034Z] {"timestamp":1772528343320,"level":"LOG","args":["[DEBUG] IRR cashFlows:",[-26805920,2347245.6,2332105.4176000003,2316924.2959296005,2301699.8612458818,2286429.685863398,2271111.286784007,2255742.1242925352,2240319.600517421,2224841.0579554588,2209303.777959746,2193704.97918992,2178041.8160237223,2162311.3769289553,2146510.682794799,2130636.6852215184]],"stack":null}
[2026-03-03T08:59:06.034Z] {"timestamp":1772528343320,"level":"LOG","args":["[DEBUG] IRR calculated:","0.03017888385735712","as percentage:","3.02%"],"stack":null}
[2026-03-03T08:59:06.034Z] {"timestamp":1772528343320,"level":"LOG","args":["[DEBUG SENSITIVITY] Matrix minIrr:","0.03017888385735712","maxIrr:","0.07177519955991235","minIrr%:","3.02","maxIrr%:","7.18"],"stack":null}
[2026-03-03T08:59:06.034Z] {"timestamp":1772528343336,"level":"WARN","args":["The width(0) and height(0) of chart should be greater than 0,\n       please check the style of container, or the props width(100%) and height(100%),\n       or add a minWidth(0) or minHeight(undefined) or use aspect(undefined) to control the\n       height and width."],"stack":null}
[2026-03-03T08:59:06.034Z] {"timestamp":1772528343529,"level":"LOG","args":["[DEBUG] IRR cashFlows:",[-20880146,2347245.6,2332105.4176000003,2316924.2959296005,2301699.8612458818,2286429.685863398,2271111.286784007,2255742.1242925352,2240319.600517421,2224841.0579554588,2209303.777959746,2193704.97918992,2178041.8160237223,2162311.3769289553,2146510.682794799,2130636.6852215184]],"stack":null}
[2026-03-03T08:59:06.034Z] {"timestamp":1772528343530,"level":"LOG","args":["[DEBUG] IRR calculated:","0.06763305336223482","as percentage:","6.76%"],"stack":null}
[2026-03-03T08:59:06.034Z] {"timestamp":1772528343530,"level":"LOG","args":["[DEBUG] IRR cashFlows:",[-17563783,2347245.6,2332105.4176000003,2316924.2959296005,2301699.8612458818,2286429.685863398,2271111.286784007,2255742.1242925352,2240319.600517421,2224841.0579554588,2209303.777959746,2193704.97918992,2178041.8160237223,2162311.3769289553,2146510.682794799,2130636.6852215184]],"stack":null}
[2026-03-03T08:59:06.034Z] {"timestamp":1772528343530,"level":"LOG","args":["[DEBUG] IRR calculated:","0.09668003628438167","as percentage:","9.67%"],"stack":null}
[2026-03-03T08:59:06.034Z] {"timestamp":1772528343530,"level":"LOG","args":["[DEBUG SENSITIVITY] First cell (6kV, 1km):",{"lcoe":111.65215894520438,"irr":0.09668003628438167,"irrPercent":"9.67"}],"stack":null}
[2026-03-03T08:59:06.034Z] {"timestamp":1772528343530,"level":"LOG","args":["[DEBUG] IRR cashFlows:",[-17600583,2347245.6,2332105.4176000003,2316924.2959296005,2301699.8612458818,2286429.685863398,2271111.286784007,2255742.1242925352,2240319.600517421,2224841.0579554588,2209303.777959746,2193704.97918992,2178041.8160237223,2162311.3769289553,2146510.682794799,2130636.6852215184]],"stack":null}
[2026-03-03T08:59:06.034Z] {"timestamp":1772528343530,"level":"LOG","args":["[DEBUG] IRR calculated:","0.09631090168591055","as percentage:","9.63%"],"stack":null}
[2026-03-03T08:59:06.034Z] {"timestamp":1772528343530,"level":"LOG","args":["[DEBUG] IRR cashFlows:",[-17652333,2347245.6,2332105.4176000003,2316924.2959296005,2301699.8612458818,2286429.685863398,2271111.286784007,2255742.1242925352,2240319.600517421,2224841.0579554588,2209303.777959746,2193704.97918992,2178041.8160237223,2162311.3769289553,2146510.682794799,2130636.6852215184]],"stack":null}
[2026-03-03T08:59:06.034Z] {"timestamp":1772528343530,"level":"LOG","args":["[DEBUG] IRR calculated:","0.09579388264387743","as percentage:","9.58%"],"stack":null}
[2026-03-03T08:59:06.034Z] {"timestamp":1772528343530,"level":"LOG","args":["[DEBUG] IRR cashFlows:",[-17728808,2347245.6,2332105.4176000003,2316924.2959296005,2301699.8612458818,2286429.685863398,2271111.286784007,2255742.1242925352,2240319.600517421,2224841.0579554588,2209303.777959746,2193704.97918992,2178041.8160237223,2162311.3769289553,2146510.682794799,2130636.6852215184]],"stack":null}
[2026-03-03T08:59:06.034Z] {"timestamp":1772528343530,"level":"LOG","args":["[DEBUG] IRR calculated:","0.09503424850781635","as percentage:","9.50%"],"stack":null}
[2026-03-03T08:59:06.034Z] {"timestamp":1772528343530,"level":"LOG","args":["[DEBUG] IRR cashFlows:",[-17862783,2347245.6,2332105.4176000003,2316924.2959296005,2301699.8612458818,2286429.685863398,2271111.286784007,2255742.1242925352,2240319.600517421,2224841.0579554588,2209303.777959746,2193704.97918992,2178041.8160237223,2162311.3769289553,2146510.682794799,2130636.6852215184]],"stack":null}
[2026-03-03T08:59:06.034Z] {"timestamp":1772528343530,"level":"LOG","args":["[DEBUG] IRR calculated:","0.09371595446422029","as percentage:","9.37%"],"stack":null}
[2026-03-03T08:59:06.034Z] {"timestamp":1772528343530,"level":"LOG","args":["[DEBUG] IRR cashFlows:",[-18061733,2347245.6,2332105.4176000003,2316924.2959296005,2301699.8612458818,2286429.685863398,2271111.286784007,2255742.1242925352,2240319.600517421,2224841.0579554588,2209303.777959746,2193704.97918992,2178041.8160237223,2162311.3769289553,2146510.682794799,2130636.6852215184]],"stack":null}
[2026-03-03T08:59:06.034Z] {"timestamp":1772528343530,"level":"LOG","args":["[DEBUG] IRR calculated:","0.09178704933593677","as percentage:","9.18%"],"stack":null}
[2026-03-03T08:59:06.034Z] {"timestamp":1772528343530,"level":"LOG","args":["[DEBUG] IRR cashFlows:",[-17800283,2347245.6,2332105.4176000003,2316924.2959296005,2301699.8612458818,2286429.685863398,2271111.286784007,2255742.1242925352,2240319.600517421,2224841.0579554588,2209303.777959746,2193704.97918992,2178041.8160237223,2162311.3769289553,2146510.682794799,2130636.6852215184]],"stack":null}
[2026-03-03T08:59:06.034Z] {"timestamp":1772528343530,"level":"LOG","args":["[DEBUG] IRR calculated:","0.0943289809287603","as percentage:","9.43%"],"stack":null}
[2026-03-03T08:59:06.034Z] {"timestamp":1772528343530,"level":"LOG","args":["[DEBUG] IRR cashFlows:",[-17871583,2347245.6,2332105.4176000003,2316924.2959296005,2301699.8612458818,2286429.685863398,2271111.286784007,2255742.1242925352,2240319.600517421,2224841.0579554588,2209303.777959746,2193704.97918992,2178041.8160237223,2162311.3769289553,2146510.682794799,2130636.6852215184]],"stack":null}
[2026-03-03T08:59:06.034Z] {"timestamp":1772528343530,"level":"LOG","args":["[DEBUG] IRR calculated:","0.09362991418266745","as percentage:","9.36%"],"stack":null}
[2026-03-03T08:59:06.034Z] {"timestamp":1772528343531,"level":"LOG","args":["[DEBUG] IRR cashFlows:",[-17969333,2347245.6,2332105.4176000003,2316924.2959296005,2301699.8612458818,2286429.685863398,2271111.286784007,2255742.1242925352,2240319.600517421,2224841.0579554588,2209303.777959746,2193704.97918992,2178041.8160237223,2162311.3769289553,2146510.682794799,2130636.6852215184]],"stack":null}
[2026-03-03T08:59:06.034Z] {"timestamp":1772528343531,"level":"LOG","args":["[DEBUG] IRR calculated:","0.09267868876733867","as percentage:","9.27%"],"stack":null}
[2026-03-03T08:59:06.034Z] {"timestamp":1772528343531,"level":"LOG","args":["[DEBUG] IRR cashFlows:",[-18114808,2347245.6,2332105.4176000003,2316924.2959296005,2301699.8612458818,2286429.685863398,2271111.286784007,2255742.1242925352,2240319.600517421,2224841.0579554588,2209303.777959746,2193704.97918992,2178041.8160237223,2162311.3769289553,2146510.682794799,2130636.6852215184]],"stack":null}
[2026-03-03T08:59:06.034Z] {"timestamp":1772528343531,"level":"LOG","args":["[DEBUG] IRR calculated:","0.09127815276863176","as percentage:","9.13%"],"stack":null}
[2026-03-03T08:59:06.034Z] {"timestamp":1772528343531,"level":"LOG","args":["[DEBUG] IRR cashFlows:",[-18363783,2347245.6,2332105.4176000003,2316924.2959296005,2301699.8612458818,2286429.685863398,2271111.286784007,2255742.1242925352,2240319.600517421,2224841.0579554588,2209303.777959746,2193704.97918992,2178041.8160237223,2162311.3769289553,2146510.682794799,2130636.6852215184]],"stack":null}
[2026-03-03T08:59:06.034Z] {"timestamp":1772528343531,"level":"LOG","args":["[DEBUG] IRR calculated:","0.08892208995499412","as percentage:","8.89%"],"stack":null}
[2026-03-03T08:59:06.034Z] {"timestamp":1772528343531,"level":"LOG","args":["[DEBUG] IRR cashFlows:",[-18723733,2347245.6,2332105.4176000003,2316924.2959296005,2301699.8612458818,2286429.685863398,2271111.286784007,2255742.1242925352,2240319.600517421,2224841.0579554588,2209303.777959746,2193704.97918992,2178041.8160237223,2162311.3769289553,2146510.682794799,2130636.6852215184]],"stack":null}
[2026-03-03T08:59:06.034Z] {"timestamp":1772528343531,"level":"LOG","args":["[DEBUG] IRR calculated:","0.08560375014554505","as percentage:","8.56%"],"stack":null}
[2026-03-03T08:59:06.034Z] {"timestamp":1772528343531,"level":"LOG","args":["[DEBUG] IRR cashFlows:",[-18036783,2347245.6,2332105.4176000003,2316924.2959296005,2301699.8612458818,2286429.685863398,2271111.286784007,2255742.1242925352,2240319.600517421,2224841.0579554588,2209303.777959746,2193704.97918992,2178041.8160237223,2162311.3769289553,2146510.682794799,2130636.6852215184]],"stack":null}
[2026-03-03T08:59:06.034Z] {"timestamp":1772528343531,"level":"LOG","args":["[DEBUG] IRR calculated:","0.09202709672062388","as percentage:","9.20%"],"stack":null}
[2026-03-03T08:59:06.034Z] {"timestamp":1772528343531,"level":"LOG","args":["[DEBUG] IRR cashFlows:",[-18142583,2347245.6,2332105.4176000003,2316924.2959296005,2301699.8612458818,2286429.685863398,2271111.286784007,2255742.1242925352,2240319.600517421,2224841.0579554588,2209303.777959746,2193704.97918992,2178041.8160237223,2162311.3769289553,2146510.682794799,2130636.6852215184]],"stack":null}
[2026-03-03T08:59:06.034Z] {"timestamp":1772528343531,"level":"LOG","args":["[DEBUG] IRR calculated:","0.09101278033915583","as percentage:","9.10%"],"stack":null}
[2026-03-03T08:59:06.034Z] {"timestamp":1772528343531,"level":"LOG","args":["[DEBUG] IRR cashFlows:",[-18286333,2347245.6,2332105.4176000003,2316924.2959296005,2301699.8612458818,2286429.685863398,2271111.286784007,2255742.1242925352,2240319.600517421,2224841.0579554588,2209303.777959746,2193704.97918992,2178041.8160237223,2162311.3769289553,2146510.682794799,2130636.6852215184]],"stack":null}
[2026-03-03T08:59:06.034Z] {"timestamp":1772528343531,"level":"LOG","args":["[DEBUG] IRR calculated:","0.08964955897947152","as percentage:","8.96%"],"stack":null}
[2026-03-03T08:59:06.034Z] {"timestamp":1772528343532,"level":"LOG","args":["[DEBUG] IRR cashFlows:",[-18500808,2347245.6,2332105.4176000003,2316924.2959296005,2301699.8612458818,2286429.685863398,2271111.286784007,2255742.1242925352,2240319.600517421,2224841.0579554588,2209303.777959746,2193704.97918992,2178041.8160237223,2162311.3769289553,2146510.682794799,2130636.6852215184]],"stack":null}
[2026-03-03T08:59:06.034Z] {"timestamp":1772528343532,"level":"LOG","args":["[DEBUG] IRR calculated:","0.08764685908284836","as percentage:","8.76%"],"stack":null}
[2026-03-03T08:59:06.034Z] {"timestamp":1772528343532,"level":"LOG","args":["[DEBUG] IRR cashFlows:",[-18864783,2347245.6,2332105.4176000003,2316924.2959296005,2301699.8612458818,2286429.685863398,2271111.286784007,2255742.1242925352,2240319.600517421,2224841.0579554588,2209303.777959746,2193704.97918992,2178041.8160237223,2162311.3769289553,2146510.682794799,2130636.6852215184]],"stack":null}
[2026-03-03T08:59:06.034Z] {"timestamp":1772528343532,"level":"LOG","args":["[DEBUG] IRR calculated:","0.08433072067637398","as percentage:","8.43%"],"stack":null}
[2026-03-03T08:59:06.034Z] {"timestamp":1772528343532,"level":"LOG","args":["[DEBUG] IRR cashFlows:",[-19385733,2347245.6,2332105.4176000003,2316924.2959296005,2301699.8612458818,2286429.685863398,2271111.286784007,2255742.1242925352,2240319.600517421,2224841.0579554588,2209303.777959746,2193704.97918992,2178041.8160237223,2162311.3769289553,2146510.682794799,2130636.6852215184]],"stack":null}
[2026-03-03T08:59:06.034Z] {"timestamp":1772528343532,"level":"LOG","args":["[DEBUG] IRR calculated:","0.07975568445534231","as percentage:","7.98%"],"stack":null}
[2026-03-03T08:59:06.034Z] {"timestamp":1772528343532,"level":"LOG","args":["[DEBUG] IRR cashFlows:",[-18273283,2347245.6,2332105.4176000003,2316924.2959296005,2301699.8612458818,2286429.685863398,2271111.286784007,2255742.1242925352,2240319.600517421,2224841.0579554588,2209303.777959746,2193704.97918992,2178041.8160237223,2162311.3769289553,2146510.682794799,2130636.6852215184]],"stack":null}
[2026-03-03T08:59:06.034Z] {"timestamp":1772528343532,"level":"LOG","args":["[DEBUG] IRR calculated:","0.08977261457938893","as percentage:","8.98%"],"stack":null}
[2026-03-03T08:59:06.034Z] {"timestamp":1772528343532,"level":"LOG","args":["[DEBUG] IRR cashFlows:",[-18413583,2347245.6,2332105.4176000003,2316924.2959296005,2301699.8612458818,2286429.685863398,2271111.286784007,2255742.1242925352,2240319.600517421,2224841.0579554588,2209303.777959746,2193704.97918992,2178041.8160237223,2162311.3769289553,2146510.682794799,2130636.6852215184]],"stack":null}
[2026-03-03T08:59:06.034Z] {"timestamp":1772528343532,"level":"LOG","args":["[DEBUG] IRR calculated:","0.08845688874254404","as percentage:","8.85%"],"stack":null}
[2026-03-03T08:59:06.034Z] {"timestamp":1772528343532,"level":"LOG","args":["[DEBUG] IRR cashFlows:",[-18603333,2347245.6,2332105.4176000003,2316924.2959296005,2301699.8612458818,2286429.685863398,2271111.286784007,2255742.1242925352,2240319.600517421,2224841.0579554588,2209303.777959746,2193704.97918992,2178041.8160237223,2162311.3769289553,2146510.682794799,2130636.6852215184]],"stack":null}
[2026-03-03T08:59:06.034Z] {"timestamp":1772528343532,"level":"LOG","args":["[DEBUG] IRR calculated:","0.08670242017764893","as percentage:","8.67%"],"stack":null}
[2026-03-03T08:59:06.034Z] {"timestamp":1772528343532,"level":"LOG","args":["[DEBUG] IRR cashFlows:",[-18886808,2347245.6,2332105.4176000003,2316924.2959296005,2301699.8612458818,2286429.685863398,2271111.286784007,2255742.1242925352,2240319.600517421,2224841.0579554588,2209303.777959746,2193704.97918992,2178041.8160237223,2162311.3769289553,2146510.682794799,2130636.6852215184]],"stack":null}
[2026-03-03T08:59:06.034Z] {"timestamp":1772528343533,"level":"LOG","args":["[DEBUG] IRR calculated:","0.08413328867546566","as percentage:","8.41%"],"stack":null}
[2026-03-03T08:59:06.034Z] {"timestamp":1772528343533,"level":"LOG","args":["[DEBUG] IRR cashFlows:",[-19365783,2347245.6,2332105.4176000003,2316924.2959296005,2301699.8612458818,2286429.685863398,2271111.286784007,2255742.1242925352,2240319.600517421,2224841.0579554588,2209303.777959746,2193704.97918992,2178041.8160237223,2162311.3769289553,2146510.682794799,2130636.6852215184]],"stack":null}
[2026-03-03T08:59:06.034Z] {"timestamp":1772528343533,"level":"LOG","args":["[DEBUG] IRR calculated:","0.0799273263519874","as percentage:","7.99%"],"stack":null}
[2026-03-03T08:59:06.034Z] {"timestamp":1772528343533,"level":"LOG","args":["[DEBUG] IRR cashFlows:",[-20047733,2347245.6,2332105.4176000003,2316924.2959296005,2301699.8612458818,2286429.685863398,2271111.286784007,2255742.1242925352,2240319.600517421,2224841.0579554588,2209303.777959746,2193704.97918992,2178041.8160237223,2162311.3769289553,2146510.682794799,2130636.6852215184]],"stack":null}
[2026-03-03T08:59:06.034Z] {"timestamp":1772528343533,"level":"LOG","args":["[DEBUG] IRR calculated:","0.07421222389389265","as percentage:","7.42%"],"stack":null}
[2026-03-03T08:59:06.034Z] {"timestamp":1772528343533,"level":"LOG","args":["[DEBUG] IRR cashFlows:",[-18509783,2347245.6,2332105.4176000003,2316924.2959296005,2301699.8612458818,2286429.685863398,2271111.286784007,2255742.1242925352,2240319.600517421,2224841.0579554588,2209303.777959746,2193704.97918992,2178041.8160237223,2162311.3769289553,2146510.682794799,2130636.6852215184]],"stack":null}
[2026-03-03T08:59:06.034Z] {"timestamp":1772528343533,"level":"LOG","args":["[DEBUG] IRR calculated:","0.08756385352407188","as percentage:","8.76%"],"stack":null}
[2026-03-03T08:59:06.034Z] {"timestamp":1772528343533,"level":"LOG","args":["[DEBUG] IRR cashFlows:",[-18684583,2347245.6,2332105.4176000003,2316924.2959296005,2301699.8612458818,2286429.685863398,2271111.286784007,2255742.1242925352,2240319.600517421,2224841.0579554588,2209303.777959746,2193704.97918992,2178041.8160237223,2162311.3769289553,2146510.682794799,2130636.6852215184]],"stack":null}
[2026-03-03T08:59:06.034Z] {"timestamp":1772528343533,"level":"LOG","args":["[DEBUG] IRR calculated:","0.08595977554840491","as percentage:","8.60%"],"stack":null}
[2026-03-03T08:59:06.034Z] {"timestamp":1772528343533,"level":"LOG","args":["[DEBUG] IRR cashFlows:",[-18920333,2347245.6,2332105.4176000003,2316924.2959296005,2301699.8612458818,2286429.685863398,2271111.286784007,2255742.1242925352,2240319.600517421,2224841.0579554588,2209303.777959746,2193704.97918992,2178041.8160237223,2162311.3769289553,2146510.682794799,2130636.6852215184]],"stack":null}
[2026-03-03T08:59:06.034Z] {"timestamp":1772528343533,"level":"LOG","args":["[DEBUG] IRR calculated:","0.08383346500541365","as percentage:","8.38%"],"stack":null}
[2026-03-03T08:59:06.034Z] {"timestamp":1772528343533,"level":"LOG","args":["[DEBUG] IRR cashFlows:",[-19272808,2347245.6,2332105.4176000003,2316924.2959296005,2301699.8612458818,2286429.685863398,2271111.286784007,2255742.1242925352,2240319.600517421,2224841.0579554588,2209303.777959746,2193704.97918992,2178041.8160237223,2162311.3769289553,2146510.682794799,2130636.6852215184]],"stack":null}
[2026-03-03T08:59:06.034Z] {"timestamp":1772528343533,"level":"LOG","args":["[DEBUG] IRR calculated:","0.08073091445301997","as percentage:","8.07%"],"stack":null}
[2026-03-03T08:59:06.034Z] {"timestamp":1772528343533,"level":"LOG","args":["[DEBUG] IRR cashFlows:",[-19866783,2347245.6,2332105.4176000003,2316924.2959296005,2301699.8612458818,2286429.685863398,2271111.286784007,2255742.1242925352,2240319.600517421,2224841.0579554588,2209303.777959746,2193704.97918992,2178041.8160237223,2162311.3769289553,2146510.682794799,2130636.6852215184]],"stack":null}
[2026-03-03T08:59:06.034Z] {"timestamp":1772528343533,"level":"LOG","args":["[DEBUG] IRR calculated:","0.07569880981070637","as percentage:","7.57%"],"stack":null}
[2026-03-03T08:59:06.034Z] {"timestamp":1772528343534,"level":"LOG","args":["[DEBUG] IRR cashFlows:",[-20709733,2347245.6,2332105.4176000003,2316924.2959296005,2301699.8612458818,2286429.685863398,2271111.286784007,2255742.1242925352,2240319.600517421,2224841.0579554588,2209303.777959746,2193704.97918992,2178041.8160237223,2162311.3769289553,2146510.682794799,2130636.6852215184]],"stack":null}
[2026-03-03T08:59:06.034Z] {"timestamp":1772528343534,"level":"LOG","args":["[DEBUG] IRR calculated:","0.06894653864098317","as percentage:","6.89%"],"stack":null}
[2026-03-03T08:59:06.034Z] {"timestamp":1772528343534,"level":"LOG","args":["[DEBUG] IRR cashFlows:",[-18746283,2347245.6,2332105.4176000003,2316924.2959296005,2301699.8612458818,2286429.685863398,2271111.286784007,2255742.1242925352,2240319.600517421,2224841.0579554588,2209303.777959746,2193704.97918992,2178041.8160237223,2162311.3769289553,2146510.682794799,2130636.6852215184]],"stack":null}
[2026-03-03T08:59:06.034Z] {"timestamp":1772528343534,"level":"LOG","args":["[DEBUG] IRR calculated:","0.08539921514088397","as percentage:","8.54%"],"stack":null}
[2026-03-03T08:59:06.034Z] {"timestamp":1772528343534,"level":"LOG","args":["[DEBUG] IRR cashFlows:",[-18955583,2347245.6,2332105.4176000003,2316924.2959296005,2301699.8612458818,2286429.685863398,2271111.286784007,2255742.1242925352,2240319.600517421,2224841.0579554588,2209303.777959746,2193704.97918992,2178041.8160237223,2162311.3769289553,2146510.682794799,2130636.6852215184]],"stack":null}
[2026-03-03T08:59:06.034Z] {"timestamp":1772528343534,"level":"LOG","args":["[DEBUG] IRR calculated:","0.08351911398334627","as percentage:","8.35%"],"stack":null}
[2026-03-03T08:59:06.034Z] {"timestamp":1772528343534,"level":"LOG","args":["[DEBUG] IRR cashFlows:",[-19237333,2347245.6,2332105.4176000003,2316924.2959296005,2301699.8612458818,2286429.685863398,2271111.286784007,2255742.1242925352,2240319.600517421,2224841.0579554588,2209303.777959746,2193704.97918992,2178041.8160237223,2162311.3769289553,2146510.682794799,2130636.6852215184]],"stack":null}
[2026-03-03T08:59:06.034Z] {"timestamp":1772528343534,"level":"LOG","args":["[DEBUG] IRR calculated:","0.0810391300737834","as percentage:","8.10%"],"stack":null}
[2026-03-03T08:59:06.034Z] {"timestamp":1772528343535,"level":"LOG","args":["[DEBUG] IRR cashFlows:",[-19658808,2347245.6,2332105.4176000003,2316924.2959296005,2301699.8612458818,2286429.685863398,2271111.286784007,2255742.1242925352,2240319.600517421,2224841.0579554588,2209303.777959746,2193704.97918992,2178041.8160237223,2162311.3769289553,2146510.682794799,2130636.6852215184]],"stack":null}
[2026-03-03T08:59:06.034Z] {"timestamp":1772528343535,"level":"LOG","args":["[DEBUG] IRR calculated:","0.07743370716804739","as percentage:","7.74%"],"stack":null}
[2026-03-03T08:59:06.034Z] {"timestamp":1772528343535,"level":"LOG","args":["[DEBUG] IRR cashFlows:",[-20367783,2347245.6,2332105.4176000003,2316924.2959296005,2301699.8612458818,2286429.685863398,2271111.286784007,2255742.1242925352,2240319.600517421,2224841.0579554588,2209303.777959746,2193704.97918992,2178041.8160237223,2162311.3769289553,2146510.682794799,2130636.6852215184]],"stack":null}
[2026-03-03T08:59:06.034Z] {"timestamp":1772528343535,"level":"LOG","args":["[DEBUG] IRR calculated:","0.07163332321180024","as percentage:","7.16%"],"stack":null}
[2026-03-03T08:59:06.034Z] {"timestamp":1772528343535,"level":"LOG","args":["[DEBUG] IRR cashFlows:",[-21371733,2347245.6,2332105.4176000003,2316924.2959296005,2301699.8612458818,2286429.685863398,2271111.286784007,2255742.1242925352,2240319.600517421,2224841.0579554588,2209303.777959746,2193704.97918992,2178041.8160237223,2162311.3769289553,2146510.682794799,2130636.6852215184]],"stack":null}
[2026-03-03T08:59:06.034Z] {"timestamp":1772528343535,"level":"LOG","args":["[DEBUG] IRR calculated:","0.06393501423383637","as percentage:","6.39%"],"stack":null}
[2026-03-03T08:59:06.034Z] {"timestamp":1772528343535,"level":"LOG","args":["[DEBUG] IRR cashFlows:",[-18982783,2347245.6,2332105.4176000003,2316924.2959296005,2301699.8612458818,2286429.685863398,2271111.286784007,2255742.1242925352,2240319.600517421,2224841.0579554588,2209303.777959746,2193704.97918992,2178041.8160237223,2162311.3769289553,2146510.682794799,2130636.6852215184]],"stack":null}
[2026-03-03T08:59:06.034Z] {"timestamp":1772528343535,"level":"LOG","args":["[DEBUG] IRR calculated:","0.08327717846682338","as percentage:","8.33%"],"stack":null}
[2026-03-03T08:59:06.034Z] {"timestamp":1772528343536,"level":"LOG","args":["[DEBUG] IRR cashFlows:",[-19226583,2347245.6,2332105.4176000003,2316924.2959296005,2301699.8612458818,2286429.685863398,2271111.286784007,2255742.1242925352,2240319.600517421,2224841.0579554588,2209303.777959746,2193704.97918992,2178041.8160237223,2162311.3769289553,2146510.682794799,2130636.6852215184]],"stack":null}
[2026-03-03T08:59:06.034Z] {"timestamp":1772528343536,"level":"LOG","args":["[DEBUG] IRR calculated:","0.08113270473983229","as percentage:","8.11%"],"stack":null}
[2026-03-03T08:59:06.034Z] {"timestamp":1772528343536,"level":"LOG","args":["[DEBUG] IRR cashFlows:",[-19554333,2347245.6,2332105.4176000003,2316924.2959296005,2301699.8612458818,2286429.685863398,2271111.286784007,2255742.1242925352,2240319.600517421,2224841.0579554588,2209303.777959746,2193704.97918992,2178041.8160237223,2162311.3769289553,2146510.682794799,2130636.6852215184]],"stack":null}
[2026-03-03T08:59:06.034Z] {"timestamp":1772528343536,"level":"LOG","args":["[DEBUG] IRR calculated:","0.07831607631059596","as percentage:","7.83%"],"stack":null}
[2026-03-03T08:59:06.034Z] {"timestamp":1772528343536,"level":"LOG","args":["[DEBUG] IRR cashFlows:",[-20044808,2347245.6,2332105.4176000003,2316924.2959296005,2301699.8612458818,2286429.685863398,2271111.286784007,2255742.1242925352,2240319.600517421,2224841.0579554588,2209303.777959746,2193704.97918992,2178041.8160237223,2162311.3769289553,2146510.682794799,2130636.6852215184]],"stack":null}
[2026-03-03T08:59:06.034Z] {"timestamp":1772528343536,"level":"LOG","args":["[DEBUG] IRR calculated:","0.07423608782842549","as percentage:","7.42%"],"stack":null}
[2026-03-03T08:59:06.034Z] {"timestamp":1772528343536,"level":"LOG","args":["[DEBUG] IRR cashFlows:",[-20868783,2347245.6,2332105.4176000003,2316924.2959296005,2301699.8612458818,2286429.685863398,2271111.286784007,2255742.1242925352,2240319.600517421,2224841.0579554588,2209303.777959746,2193704.97918992,2178041.8160237223,2162311.3769289553,2146510.682794799,2130636.6852215184]],"stack":null}
[2026-03-03T08:59:06.034Z] {"timestamp":1772528343536,"level":"LOG","args":["[DEBUG] IRR calculated:","0.06772011937539868","as percentage:","6.77%"],"stack":null}
[2026-03-03T08:59:06.034Z] {"timestamp":1772528343536,"level":"LOG","args":["[DEBUG] IRR cashFlows:",[-22033733,2347245.6,2332105.4176000003,2316924.2959296005,2301699.8612458818,2286429.685863398,2271111.286784007,2255742.1242925352,2240319.600517421,2224841.0579554588,2209303.777959746,2193704.97918992,2178041.8160237223,2162311.3769289553,2146510.682794799,2130636.6852215184]],"stack":null}
[2026-03-03T08:59:06.034Z] {"timestamp":1772528343536,"level":"LOG","args":["[DEBUG] IRR calculated:","0.05915677367283355","as percentage:","5.92%"],"stack":null}
[2026-03-03T08:59:06.034Z] {"timestamp":1772528343536,"level":"LOG","args":["[DEBUG] IRR cashFlows:",[-19219283,2347245.6,2332105.4176000003,2316924.2959296005,2301699.8612458818,2286429.685863398,2271111.286784007,2255742.1242925352,2240319.600517421,2224841.0579554588,2209303.777959746,2193704.97918992,2178041.8160237223,2162311.3769289553,2146510.682794799,2130636.6852215184]],"stack":null}
[2026-03-03T08:59:06.034Z] {"timestamp":1772528343536,"level":"LOG","args":["[DEBUG] IRR calculated:","0.081196295252795","as percentage:","8.12%"],"stack":null}
[2026-03-03T08:59:06.034Z] {"timestamp":1772528343536,"level":"LOG","args":["[DEBUG] IRR cashFlows:",[-19497583,2347245.6,2332105.4176000003,2316924.2959296005,2301699.8612458818,2286429.685863398,2271111.286784007,2255742.1242925352,2240319.600517421,2224841.0579554588,2209303.777959746,2193704.97918992,2178041.8160237223,2162311.3769289553,2146510.682794799,2130636.6852215184]],"stack":null}
[2026-03-03T08:59:06.035Z] {"timestamp":1772528343536,"level":"LOG","args":["[DEBUG] IRR calculated:","0.07879846717557679","as percentage:","7.88%"],"stack":null}
[2026-03-03T08:59:06.035Z] {"timestamp":1772528343537,"level":"LOG","args":["[DEBUG] IRR cashFlows:",[-19871333,2347245.6,2332105.4176000003,2316924.2959296005,2301699.8612458818,2286429.685863398,2271111.286784007,2255742.1242925352,2240319.600517421,2224841.0579554588,2209303.777959746,2193704.97918992,2178041.8160237223,2162311.3769289553,2146510.682794799,2130636.6852215184]],"stack":null}
[2026-03-03T08:59:06.035Z] {"timestamp":1772528343537,"level":"LOG","args":["[DEBUG] IRR calculated:","0.07566117119811683","as percentage:","7.57%"],"stack":null}
[2026-03-03T08:59:06.035Z] {"timestamp":1772528343537,"level":"LOG","args":["[DEBUG] IRR cashFlows:",[-20430808,2347245.6,2332105.4176000003,2316924.2959296005,2301699.8612458818,2286429.685863398,2271111.286784007,2255742.1242925352,2240319.600517421,2224841.0579554588,2209303.777959746,2193704.97918992,2178041.8160237223,2162311.3769289553,2146510.682794799,2130636.6852215184]],"stack":null}
[2026-03-03T08:59:06.035Z] {"timestamp":1772528343537,"level":"LOG","args":["[DEBUG] IRR calculated:","0.07113288551866288","as percentage:","7.11%"],"stack":null}
[2026-03-03T08:59:06.035Z] {"timestamp":1772528343537,"level":"LOG","args":["[DEBUG] IRR cashFlows:",[-21369783,2347245.6,2332105.4176000003,2316924.2959296005,2301699.8612458818,2286429.685863398,2271111.286784007,2255742.1242925352,2240319.600517421,2224841.0579554588,2209303.777959746,2193704.97918992,2178041.8160237223,2162311.3769289553,2146510.682794799,2130636.6852215184]],"stack":null}
[2026-03-03T08:59:06.035Z] {"timestamp":1772528343537,"level":"LOG","args":["[DEBUG] IRR calculated:","0.0639494240666492","as percentage:","6.39%"],"stack":null}
[2026-03-03T08:59:06.035Z] {"timestamp":1772528343537,"level":"LOG","args":["[DEBUG] IRR cashFlows:",[-22695733,2347245.6,2332105.4176000003,2316924.2959296005,2301699.8612458818,2286429.685863398,2271111.286784007,2255742.1242925352,2240319.600517421,2224841.0579554588,2209303.777959746,2193704.97918992,2178041.8160237223,2162311.3769289553,2146510.682794799,2130636.6852215184]],"stack":null}
[2026-03-03T08:59:06.035Z] {"timestamp":1772528343537,"level":"LOG","args":["[DEBUG] IRR calculated:","0.054593283186170495","as percentage:","5.46%"],"stack":null}
[2026-03-03T08:59:06.035Z] {"timestamp":1772528343537,"level":"LOG","args":["[DEBUG] IRR cashFlows:",[-19455783,2347245.6,2332105.4176000003,2316924.2959296005,2301699.8612458818,2286429.685863398,2271111.286784007,2255742.1242925352,2240319.600517421,2224841.0579554588,2209303.777959746,2193704.97918992,2178041.8160237223,2162311.3769289553,2146510.682794799,2130636.6852215184]],"stack":null}
[2026-03-03T08:59:06.035Z] {"timestamp":1772528343537,"level":"LOG","args":["[DEBUG] IRR calculated:","0.07915518557370742","as percentage:","7.92%"],"stack":null}
[2026-03-03T08:59:06.035Z] {"timestamp":1772528343537,"level":"LOG","args":["[DEBUG] IRR cashFlows:",[-19768583,2347245.6,2332105.4176000003,2316924.2959296005,2301699.8612458818,2286429.685863398,2271111.286784007,2255742.1242925352,2240319.600517421,2224841.0579554588,2209303.777959746,2193704.97918992,2178041.8160237223,2162311.3769289553,2146510.682794799,2130636.6852215184]],"stack":null}
[2026-03-03T08:59:06.035Z] {"timestamp":1772528343537,"level":"LOG","args":["[DEBUG] IRR calculated:","0.07651443123960516","as percentage:","7.65%"],"stack":null}
[2026-03-03T08:59:06.035Z] {"timestamp":1772528343537,"level":"LOG","args":["[DEBUG] IRR cashFlows:",[-20188333,2347245.6,2332105.4176000003,2316924.2959296005,2301699.8612458818,2286429.685863398,2271111.286784007,2255742.1242925352,2240319.600517421,2224841.0579554588,2209303.777959746,2193704.97918992,2178041.8160237223,2162311.3769289553,2146510.682794799,2130636.6852215184]],"stack":null}
[2026-03-03T08:59:06.035Z] {"timestamp":1772528343537,"level":"LOG","args":["[DEBUG] IRR calculated:","0.07307147268956884","as percentage:","7.31%"],"stack":null}
[2026-03-03T08:59:06.035Z] {"timestamp":1772528343537,"level":"LOG","args":["[DEBUG] IRR cashFlows:",[-20816808,2347245.6,2332105.4176000003,2316924.2959296005,2301699.8612458818,2286429.685863398,2271111.286784007,2255742.1242925352,2240319.600517421,2224841.0579554588,2209303.777959746,2193704.97918992,2178041.8160237223,2162311.3769289553,2146510.682794799,2130636.6852215184]],"stack":null}
[2026-03-03T08:59:06.035Z] {"timestamp":1772528343538,"level":"LOG","args":["[DEBUG] IRR calculated:","0.0681192999250188","as percentage:","6.81%"],"stack":null}
[2026-03-03T08:59:06.035Z] {"timestamp":1772528343538,"level":"LOG","args":["[DEBUG] IRR cashFlows:",[-21870783,2347245.6,2332105.4176000003,2316924.2959296005,2301699.8612458818,2286429.685863398,2271111.286784007,2255742.1242925352,2240319.600517421,2224841.0579554588,2209303.777959746,2193704.97918992,2178041.8160237223,2162311.3769289553,2146510.682794799,2130636.6852215184]],"stack":null}
[2026-03-03T08:59:06.035Z] {"timestamp":1772528343538,"level":"LOG","args":["[DEBUG] IRR calculated:","0.06031232584930336","as percentage:","6.03%"],"stack":null}
[2026-03-03T08:59:06.035Z] {"timestamp":1772528343538,"level":"LOG","args":["[DEBUG] IRR cashFlows:",[-23357733,2347245.6,2332105.4176000003,2316924.2959296005,2301699.8612458818,2286429.685863398,2271111.286784007,2255742.1242925352,2240319.600517421,2224841.0579554588,2209303.777959746,2193704.97918992,2178041.8160237223,2162311.3769289553,2146510.682794799,2130636.6852215184]],"stack":null}
[2026-03-03T08:59:06.035Z] {"timestamp":1772528343538,"level":"LOG","args":["[DEBUG] IRR calculated:","0.05022802496134541","as percentage:","5.02%"],"stack":null}
[2026-03-03T08:59:06.035Z] {"timestamp":1772528343538,"level":"LOG","args":["[DEBUG] IRR cashFlows:",[-19692283,2347245.6,2332105.4176000003,2316924.2959296005,2301699.8612458818,2286429.685863398,2271111.286784007,2255742.1242925352,2240319.600517421,2224841.0579554588,2209303.777959746,2193704.97918992,2178041.8160237223,2162311.3769289553,2146510.682794799,2130636.6852215184]],"stack":null}
[2026-03-03T08:59:06.035Z] {"timestamp":1772528343538,"level":"LOG","args":["[DEBUG] IRR calculated:","0.07715253375611335","as percentage:","7.72%"],"stack":null}
[2026-03-03T08:59:06.035Z] {"timestamp":1772528343538,"level":"LOG","args":["[DEBUG] IRR cashFlows:",[-20039583,2347245.6,2332105.4176000003,2316924.2959296005,2301699.8612458818,2286429.685863398,2271111.286784007,2255742.1242925352,2240319.600517421,2224841.0579554588,2209303.777959746,2193704.97918992,2178041.8160237223,2162311.3769289553,2146510.682794799,2130636.6852215184]],"stack":null}
[2026-03-03T08:59:06.035Z] {"timestamp":1772528343538,"level":"LOG","args":["[DEBUG] IRR calculated:","0.07427873005560015","as percentage:","7.43%"],"stack":null}
[2026-03-03T08:59:06.035Z] {"timestamp":1772528343538,"level":"LOG","args":["[DEBUG] IRR cashFlows:",[-20505333,2347245.6,2332105.4176000003,2316924.2959296005,2301699.8612458818,2286429.685863398,2271111.286784007,2255742.1242925352,2240319.600517421,2224841.0579554588,2209303.777959746,2193704.97918992,2178041.8160237223,2162311.3769289553,2146510.682794799,2130636.6852215184]],"stack":null}
[2026-03-03T08:59:06.035Z] {"timestamp":1772528343538,"level":"LOG","args":["[DEBUG] IRR calculated:","0.0705442146214022","as percentage:","7.05%"],"stack":null}
[2026-03-03T08:59:06.035Z] {"timestamp":1772528343538,"level":"LOG","args":["[DEBUG] IRR cashFlows:",[-21202808,2347245.6,2332105.4176000003,2316924.2959296005,2301699.8612458818,2286429.685863398,2271111.286784007,2255742.1242925352,2240319.600517421,2224841.0579554588,2209303.777959746,2193704.97918992,2178041.8160237223,2162311.3769289553,2146510.682794799,2130636.6852215184]],"stack":null}
[2026-03-03T08:59:06.035Z] {"timestamp":1772528343538,"level":"LOG","args":["[DEBUG] IRR calculated:","0.0651908679606193","as percentage:","6.52%"],"stack":null}
[2026-03-03T08:59:06.035Z] {"timestamp":1772528343538,"level":"LOG","args":["[DEBUG] IRR cashFlows:",[-22371783,2347245.6,2332105.4176000003,2316924.2959296005,2301699.8612458818,2286429.685863398,2271111.286784007,2255742.1242925352,2240319.600517421,2224841.0579554588,2209303.777959746,2193704.97918992,2178041.8160237223,2162311.3769289553,2146510.682794799,2130636.6852215184]],"stack":null}
[2026-03-03T08:59:06.035Z] {"timestamp":1772528343538,"level":"LOG","args":["[DEBUG] IRR calculated:","0.05680068073808434","as percentage:","5.68%"],"stack":null}
[2026-03-03T08:59:06.035Z] {"timestamp":1772528343538,"level":"LOG","args":["[DEBUG] IRR cashFlows:",[-24019733,2347245.6,2332105.4176000003,2316924.2959296005,2301699.8612458818,2286429.685863398,2271111.286784007,2255742.1242925352,2240319.600517421,2224841.0579554588,2209303.777959746,2193704.97918992,2178041.8160237223,2162311.3769289553,2146510.682794799,2130636.6852215184]],"stack":null}
[2026-03-03T08:59:06.035Z] {"timestamp":1772528343538,"level":"LOG","args":["[DEBUG] IRR calculated:","0.04604622386282916","as percentage:","4.60%"],"stack":null}
[2026-03-03T08:59:06.035Z] {"timestamp":1772528343538,"level":"LOG","args":["[DEBUG SENSITIVITY] Matrix minIrr:","0.04604622386282916","maxIrr:","0.09668003628438167","minIrr%:","4.60","maxIrr%:","9.67"],"stack":null}
[2026-03-03T08:59:06.035Z] {"timestamp":1772528343540,"level":"LOG","args":["[DEBUG] IRR cashFlows:",[-20052520,2347245.6,2332105.4176000003,2316924.2959296005,2301699.8612458818,2286429.685863398,2271111.286784007,2255742.1242925352,2240319.600517421,2224841.0579554588,2209303.777959746,2193704.97918992,2178041.8160237223,2162311.3769289553,2146510.682794799,2130636.6852215184]],"stack":null}
[2026-03-03T08:59:06.035Z] {"timestamp":1772528343540,"level":"LOG","args":["[DEBUG] IRR calculated:","0.0741731803149236","as percentage:","7.42%"],"stack":null}
[2026-03-03T08:59:06.035Z] {"timestamp":1772528343540,"level":"LOG","args":["[DEBUG] IRR cashFlows:",[-20349970,2347245.6,2332105.4176000003,2316924.2959296005,2301699.8612458818,2286429.685863398,2271111.286784007,2255742.1242925352,2240319.600517421,2224841.0579554588,2209303.777959746,2193704.97918992,2178041.8160237223,2162311.3769289553,2146510.682794799,2130636.6852215184]],"stack":null}
[2026-03-03T08:59:06.035Z] {"timestamp":1772528343540,"level":"LOG","args":["[DEBUG] IRR calculated:","0.07177519955991235","as percentage:","7.18%"],"stack":null}
[2026-03-03T08:59:06.035Z] {"timestamp":1772528343540,"level":"LOG","args":["[DEBUG SENSITIVITY] First cell (6kV, 1km):",{"lcoe":125.79290595909659,"irr":0.07177519955991235,"irrPercent":"7.18"}],"stack":null}
[2026-03-03T08:59:06.035Z] {"timestamp":1772528343541,"level":"LOG","args":["[DEBUG] IRR cashFlows:",[-20386770,2347245.6,2332105.4176000003,2316924.2959296005,2301699.8612458818,2286429.685863398,2271111.286784007,2255742.1242925352,2240319.600517421,2224841.0579554588,2209303.777959746,2193704.97918992,2178041.8160237223,2162311.3769289553,2146510.682794799,2130636.6852215184]],"stack":null}
[2026-03-03T08:59:06.035Z] {"timestamp":1772528343541,"level":"LOG","args":["[DEBUG] IRR calculated:","0.07148230806457223","as percentage:","7.15%"],"stack":null}
[2026-03-03T08:59:06.035Z] {"timestamp":1772528343541,"level":"LOG","args":["[DEBUG] IRR cashFlows:",[-20438520,2347245.6,2332105.4176000003,2316924.2959296005,2301699.8612458818,2286429.685863398,2271111.286784007,2255742.1242925352,2240319.600517421,2224841.0579554588,2209303.777959746,2193704.97918992,2178041.8160237223,2162311.3769289553,2146510.682794799,2130636.6852215184]],"stack":null}
[2026-03-03T08:59:06.035Z] {"timestamp":1772528343541,"level":"LOG","args":["[DEBUG] IRR calculated:","0.0710718143025396","as percentage:","7.11%"],"stack":null}
[2026-03-03T08:59:06.035Z] {"timestamp":1772528343541,"level":"LOG","args":["[DEBUG] IRR cashFlows:",[-20514995,2347245.6,2332105.4176000003,2316924.2959296005,2301699.8612458818,2286429.685863398,2271111.286784007,2255742.1242925352,2240319.600517421,2224841.0579554588,2209303.777959746,2193704.97918992,2178041.8160237223,2162311.3769289553,2146510.682794799,2130636.6852215184]],"stack":null}
[2026-03-03T08:59:06.035Z] {"timestamp":1772528343541,"level":"LOG","args":["[DEBUG] IRR calculated:","0.07046813757853714","as percentage:","7.05%"],"stack":null}
[2026-03-03T08:59:06.035Z] {"timestamp":1772528343541,"level":"LOG","args":["[DEBUG] IRR cashFlows:",[-20648970,2347245.6,2332105.4176000003,2316924.2959296005,2301699.8612458818,2286429.685863398,2271111.286784007,2255742.1242925352,2240319.600517421,2224841.0579554588,2209303.777959746,2193704.97918992,2178041.8160237223,2162311.3769289553,2146510.682794799,2130636.6852215184]],"stack":null}
[2026-03-03T08:59:06.035Z] {"timestamp":1772528343541,"level":"LOG","args":["[DEBUG] IRR calculated:","0.06941892935770344","as percentage:","6.94%"],"stack":null}
[2026-03-03T08:59:06.035Z] {"timestamp":1772528343541,"level":"LOG","args":["[DEBUG] IRR cashFlows:",[-20847920,2347245.6,2332105.4176000003,2316924.2959296005,2301699.8612458818,2286429.685863398,2271111.286784007,2255742.1242925352,2240319.600517421,2224841.0579554588,2209303.777959746,2193704.97918992,2178041.8160237223,2162311.3769289553,2146510.682794799,2130636.6852215184]],"stack":null}
[2026-03-03T08:59:06.035Z] {"timestamp":1772528343541,"level":"LOG","args":["[DEBUG] IRR calculated:","0.06788016749640302","as percentage:","6.79%"],"stack":null}
[2026-03-03T08:59:06.035Z] {"timestamp":1772528343541,"level":"LOG","args":["[DEBUG] IRR cashFlows:",[-20586470,2347245.6,2332105.4176000003,2316924.2959296005,2301699.8612458818,2286429.685863398,2271111.286784007,2255742.1242925352,2240319.600517421,2224841.0579554588,2209303.777959746,2193704.97918992,2178041.8160237223,2162311.3769289553,2146510.682794799,2130636.6852215184]],"stack":null}
[2026-03-03T08:59:06.035Z] {"timestamp":1772528343541,"level":"LOG","args":["[DEBUG] IRR calculated:","0.06990707417421428","as percentage:","6.99%"],"stack":null}
[2026-03-03T08:59:06.035Z] {"timestamp":1772528343541,"level":"LOG","args":["[DEBUG] IRR cashFlows:",[-20657770,2347245.6,2332105.4176000003,2316924.2959296005,2301699.8612458818,2286429.685863398,2271111.286784007,2255742.1242925352,2240319.600517421,2224841.0579554588,2209303.777959746,2193704.97918992,2178041.8160237223,2162311.3769289553,2146510.682794799,2130636.6852215184]],"stack":null}
[2026-03-03T08:59:06.035Z] {"timestamp":1772528343541,"level":"LOG","args":["[DEBUG] IRR calculated:","0.06935038224521865","as percentage:","6.94%"],"stack":null}
[2026-03-03T08:59:06.035Z] {"timestamp":1772528343541,"level":"LOG","args":["[DEBUG] IRR cashFlows:",[-20755520,2347245.6,2332105.4176000003,2316924.2959296005,2301699.8612458818,2286429.685863398,2271111.286784007,2255742.1242925352,2240319.600517421,2224841.0579554588,2209303.777959746,2193704.97918992,2178041.8160237223,2162311.3769289553,2146510.682794799,2130636.6852215184]],"stack":null}
[2026-03-03T08:59:06.035Z] {"timestamp":1772528343541,"level":"LOG","args":["[DEBUG] IRR calculated:","0.06859199042281805","as percentage:","6.86%"],"stack":null}
[2026-03-03T08:59:06.035Z] {"timestamp":1772528343541,"level":"LOG","args":["[DEBUG] IRR cashFlows:",[-20900995,2347245.6,2332105.4176000003,2316924.2959296005,2301699.8612458818,2286429.685863398,2271111.286784007,2255742.1242925352,2240319.600517421,2224841.0579554588,2209303.777959746,2193704.97918992,2178041.8160237223,2162311.3769289553,2146510.682794799,2130636.6852215184]],"stack":null}
[2026-03-03T08:59:06.035Z] {"timestamp":1772528343541,"level":"LOG","args":["[DEBUG] IRR calculated:","0.06747349355098918","as percentage:","6.75%"],"stack":null}
[2026-03-03T08:59:06.035Z] {"timestamp":1772528343541,"level":"LOG","args":["[DEBUG] IRR cashFlows:",[-21149970,2347245.6,2332105.4176000003,2316924.2959296005,2301699.8612458818,2286429.685863398,2271111.286784007,2255742.1242925352,2240319.600517421,2224841.0579554588,2209303.777959746,2193704.97918992,2178041.8160237223,2162311.3769289553,2146510.682794799,2130636.6852215184]],"stack":null}
[2026-03-03T08:59:06.035Z] {"timestamp":1772528343541,"level":"LOG","args":["[DEBUG] IRR calculated:","0.06558685445344957","as percentage:","6.56%"],"stack":null}
[2026-03-03T08:59:06.035Z] {"timestamp":1772528343541,"level":"LOG","args":["[DEBUG] IRR cashFlows:",[-21509920,2347245.6,2332105.4176000003,2316924.2959296005,2301699.8612458818,2286429.685863398,2271111.286784007,2255742.1242925352,2240319.600517421,2224841.0579554588,2209303.777959746,2193704.97918992,2178041.8160237223,2162311.3769289553,2146510.682794799,2130636.6852215184]],"stack":null}
[2026-03-03T08:59:06.035Z] {"timestamp":1772528343541,"level":"LOG","args":["[DEBUG] IRR calculated:","0.06291897990856639","as percentage:","6.29%"],"stack":null}
[2026-03-03T08:59:06.035Z] {"timestamp":1772528343541,"level":"LOG","args":["[DEBUG] IRR cashFlows:",[-20822970,2347245.6,2332105.4176000003,2316924.2959296005,2301699.8612458818,2286429.685863398,2271111.286784007,2255742.1242925352,2240319.600517421,2224841.0579554588,2209303.777959746,2193704.97918992,2178041.8160237223,2162311.3769289553,2146510.682794799,2130636.6852215184]],"stack":null}
[2026-03-03T08:59:06.035Z] {"timestamp":1772528343541,"level":"LOG","args":["[DEBUG] IRR calculated:","0.06807189383610872","as percentage:","6.81%"],"stack":null}
[2026-03-03T08:59:06.035Z] {"timestamp":1772528343541,"level":"LOG","args":["[DEBUG] IRR cashFlows:",[-20928770,2347245.6,2332105.4176000003,2316924.2959296005,2301699.8612458818,2286429.685863398,2271111.286784007,2255742.1242925352,2240319.600517421,2224841.0579554588,2209303.777959746,2193704.97918992,2178041.8160237223,2162311.3769289553,2146510.682794799,2130636.6852215184]],"stack":null}
[2026-03-03T08:59:06.035Z] {"timestamp":1772528343541,"level":"LOG","args":["[DEBUG] IRR calculated:","0.06726130973497235","as percentage:","6.73%"],"stack":null}
[2026-03-03T08:59:06.035Z] {"timestamp":1772528343541,"level":"LOG","args":["[DEBUG] IRR cashFlows:",[-21072520,2347245.6,2332105.4176000003,2316924.2959296005,2301699.8612458818,2286429.685863398,2271111.286784007,2255742.1242925352,2240319.600517421,2224841.0579554588,2209303.777959746,2193704.97918992,2178041.8160237223,2162311.3769289553,2146510.682794799,2130636.6852215184]],"stack":null}
[2026-03-03T08:59:06.035Z] {"timestamp":1772528343541,"level":"LOG","args":["[DEBUG] IRR calculated:","0.06617005552855004","as percentage:","6.62%"],"stack":null}
[2026-03-03T08:59:06.035Z] {"timestamp":1772528343541,"level":"LOG","args":["[DEBUG] IRR cashFlows:",[-21286995,2347245.6,2332105.4176000003,2316924.2959296005,2301699.8612458818,2286429.685863398,2271111.286784007,2255742.1242925352,2240319.600517421,2224841.0579554588,2209303.777959746,2193704.97918992,2178041.8160237223,2162311.3769289553,2146510.682794799,2130636.6852215184]],"stack":null}
[2026-03-03T08:59:06.035Z] {"timestamp":1772528343541,"level":"LOG","args":["[DEBUG] IRR calculated:","0.0645630715551585","as percentage:","6.46%"],"stack":null}
[2026-03-03T08:59:06.035Z] {"timestamp":1772528343541,"level":"LOG","args":["[DEBUG] IRR cashFlows:",[-21650970,2347245.6,2332105.4176000003,2316924.2959296005,2301699.8612458818,2286429.685863398,2271111.286784007,2255742.1242925352,2240319.600517421,2224841.0579554588,2209303.777959746,2193704.97918992,2178041.8160237223,2162311.3769289553,2146510.682794799,2130636.6852215184]],"stack":null}
[2026-03-03T08:59:06.035Z] {"timestamp":1772528343541,"level":"LOG","args":["[DEBUG] IRR calculated:","0.06189218671006957","as percentage:","6.19%"],"stack":null}
[2026-03-03T08:59:06.035Z] {"timestamp":1772528343541,"level":"LOG","args":["[DEBUG] IRR cashFlows:",[-22171920,2347245.6,2332105.4176000003,2316924.2959296005,2301699.8612458818,2286429.685863398,2271111.286784007,2255742.1242925352,2240319.600517421,2224841.0579554588,2209303.777959746,2193704.97918992,2178041.8160237223,2162311.3769289553,2146510.682794799,2130636.6852215184]],"stack":null}
[2026-03-03T08:59:06.035Z] {"timestamp":1772528343542,"level":"LOG","args":["[DEBUG] IRR calculated:","0.05818702567430744","as percentage:","5.82%"],"stack":null}
[2026-03-03T08:59:06.035Z] {"timestamp":1772528343542,"level":"LOG","args":["[DEBUG] IRR cashFlows:",[-21059470,2347245.6,2332105.4176000003,2316924.2959296005,2301699.8612458818,2286429.685863398,2271111.286784007,2255742.1242925352,2240319.600517421,2224841.0579554588,2209303.777959746,2193704.97918992,2178041.8160237223,2162311.3769289553,2146510.682794799,2130636.6852215184]],"stack":null}
[2026-03-03T08:59:06.035Z] {"timestamp":1772528343542,"level":"LOG","args":["[DEBUG] IRR calculated:","0.06626864791267574","as percentage:","6.63%"],"stack":null}
[2026-03-03T08:59:06.035Z] {"timestamp":1772528343542,"level":"LOG","args":["[DEBUG] IRR cashFlows:",[-21199770,2347245.6,2332105.4176000003,2316924.2959296005,2301699.8612458818,2286429.685863398,2271111.286784007,2255742.1242925352,2240319.600517421,2224841.0579554588,2209303.777959746,2193704.97918992,2178041.8160237223,2162311.3769289553,2146510.682794799,2130636.6852215184]],"stack":null}
[2026-03-03T08:59:06.035Z] {"timestamp":1772528343542,"level":"LOG","args":["[DEBUG] IRR calculated:","0.06521359458773965","as percentage:","6.52%"],"stack":null}
[2026-03-03T08:59:06.035Z] {"timestamp":1772528343542,"level":"LOG","args":["[DEBUG] IRR cashFlows:",[-21389520,2347245.6,2332105.4176000003,2316924.2959296005,2301699.8612458818,2286429.685863398,2271111.286784007,2255742.1242925352,2240319.600517421,2224841.0579554588,2209303.777959746,2193704.97918992,2178041.8160237223,2162311.3769289553,2146510.682794799,2130636.6852215184]],"stack":null}
[2026-03-03T08:59:06.035Z] {"timestamp":1772528343542,"level":"LOG","args":["[DEBUG] IRR calculated:","0.06380366768687844","as percentage:","6.38%"],"stack":null}
[2026-03-03T08:59:06.035Z] {"timestamp":1772528343542,"level":"LOG","args":["[DEBUG] IRR cashFlows:",[-21672995,2347245.6,2332105.4176000003,2316924.2959296005,2301699.8612458818,2286429.685863398,2271111.286784007,2255742.1242925352,2240319.600517421,2224841.0579554588,2209303.777959746,2193704.97918992,2178041.8160237223,2162311.3769289553,2146510.682794799,2130636.6852215184]],"stack":null}
[2026-03-03T08:59:06.035Z] {"timestamp":1772528343542,"level":"LOG","args":["[DEBUG] IRR calculated:","0.06173277934950446","as percentage:","6.17%"],"stack":null}
[2026-03-03T08:59:06.035Z] {"timestamp":1772528343543,"level":"LOG","args":["[DEBUG] IRR cashFlows:",[-22151970,2347245.6,2332105.4176000003,2316924.2959296005,2301699.8612458818,2286429.685863398,2271111.286784007,2255742.1242925352,2240319.600517421,2224841.0579554588,2209303.777959746,2193704.97918992,2178041.8160237223,2162311.3769289553,2146510.682794799,2130636.6852215184]],"stack":null}
[2026-03-03T08:59:06.035Z] {"timestamp":1772528343543,"level":"LOG","args":["[DEBUG] IRR calculated:","0.058326456314478206","as percentage:","5.83%"],"stack":null}
[2026-03-03T08:59:06.035Z] {"timestamp":1772528343543,"level":"LOG","args":["[DEBUG] IRR cashFlows:",[-22833920,2347245.6,2332105.4176000003,2316924.2959296005,2301699.8612458818,2286429.685863398,2271111.286784007,2255742.1242925352,2240319.600517421,2224841.0579554588,2209303.777959746,2193704.97918992,2178041.8160237223,2162311.3769289553,2146510.682794799,2130636.6852215184]],"stack":null}
[2026-03-03T08:59:06.035Z] {"timestamp":1772528343543,"level":"LOG","args":["[DEBUG] IRR calculated:","0.05366621689490418","as percentage:","5.37%"],"stack":null}
[2026-03-03T08:59:06.035Z] {"timestamp":1772528343543,"level":"LOG","args":["[DEBUG] IRR cashFlows:",[-21295970,2347245.6,2332105.4176000003,2316924.2959296005,2301699.8612458818,2286429.685863398,2271111.286784007,2255742.1242925352,2240319.600517421,2224841.0579554588,2209303.777959746,2193704.97918992,2178041.8160237223,2162311.3769289553,2146510.682794799,2130636.6852215184]],"stack":null}
[2026-03-03T08:59:06.035Z] {"timestamp":1772528343543,"level":"LOG","args":["[DEBUG] IRR calculated:","0.06449636898574769","as percentage:","6.45%"],"stack":null}
[2026-03-03T08:59:06.035Z] {"timestamp":1772528343543,"level":"LOG","args":["[DEBUG] IRR cashFlows:",[-21470770,2347245.6,2332105.4176000003,2316924.2959296005,2301699.8612458818,2286429.685863398,2271111.286784007,2255742.1242925352,2240319.600517421,2224841.0579554588,2209303.777959746,2193704.97918992,2178041.8160237223,2162311.3769289553,2146510.682794799,2130636.6852215184]],"stack":null}
[2026-03-03T08:59:06.035Z] {"timestamp":1772528343543,"level":"LOG","args":["[DEBUG] IRR calculated:","0.06320581353613193","as percentage:","6.32%"],"stack":null}
[2026-03-03T08:59:06.035Z] {"timestamp":1772528343543,"level":"LOG","args":["[DEBUG] IRR cashFlows:",[-21706520,2347245.6,2332105.4176000003,2316924.2959296005,2301699.8612458818,2286429.685863398,2271111.286784007,2255742.1242925352,2240319.600517421,2224841.0579554588,2209303.777959746,2193704.97918992,2178041.8160237223,2162311.3769289553,2146510.682794799,2130636.6852215184]],"stack":null}
[2026-03-03T08:59:06.035Z] {"timestamp":1772528343543,"level":"LOG","args":["[DEBUG] IRR calculated:","0.06149061655758006","as percentage:","6.15%"],"stack":null}
[2026-03-03T08:59:06.035Z] {"timestamp":1772528343543,"level":"LOG","args":["[DEBUG] IRR cashFlows:",[-22058995,2347245.6,2332105.4176000003,2316924.2959296005,2301699.8612458818,2286429.685863398,2271111.286784007,2255742.1242925352,2240319.600517421,2224841.0579554588,2209303.777959746,2193704.97918992,2178041.8160237223,2162311.3769289553,2146510.682794799,2130636.6852215184]],"stack":null}
[2026-03-03T08:59:06.035Z] {"timestamp":1772528343543,"level":"LOG","args":["[DEBUG] IRR calculated:","0.05897880004117878","as percentage:","5.90%"],"stack":null}
[2026-03-03T08:59:06.035Z] {"timestamp":1772528343544,"level":"LOG","args":["[DEBUG] IRR cashFlows:",[-22652970,2347245.6,2332105.4176000003,2316924.2959296005,2301699.8612458818,2286429.685863398,2271111.286784007,2255742.1242925352,2240319.600517421,2224841.0579554588,2209303.777959746,2193704.97918992,2178041.8160237223,2162311.3769289553,2146510.682794799,2130636.6852215184]],"stack":null}
[2026-03-03T08:59:06.035Z] {"timestamp":1772528343544,"level":"LOG","args":["[DEBUG] IRR calculated:","0.05488191300298694","as percentage:","5.49%"],"stack":null}
[2026-03-03T08:59:06.035Z] {"timestamp":1772528343544,"level":"LOG","args":["[DEBUG] IRR cashFlows:",[-23495920,2347245.6,2332105.4176000003,2316924.2959296005,2301699.8612458818,2286429.685863398,2271111.286784007,2255742.1242925352,2240319.600517421,2224841.0579554588,2209303.777959746,2193704.97918992,2178041.8160237223,2162311.3769289553,2146510.682794799,2130636.6852215184]],"stack":null}
[2026-03-03T08:59:06.035Z] {"timestamp":1772528343544,"level":"LOG","args":["[DEBUG] IRR calculated:","0.04934042050246808","as percentage:","4.93%"],"stack":null}
[2026-03-03T08:59:06.035Z] {"timestamp":1772528343544,"level":"LOG","args":["[DEBUG] IRR cashFlows:",[-21532470,2347245.6,2332105.4176000003,2316924.2959296005,2301699.8612458818,2286429.685863398,2271111.286784007,2255742.1242925352,2240319.600517421,2224841.0579554588,2209303.777959746,2193704.97918992,2178041.8160237223,2162311.3769289553,2146510.682794799,2130636.6852215184]],"stack":null}
[2026-03-03T08:59:06.035Z] {"timestamp":1772528343544,"level":"LOG","args":["[DEBUG] IRR calculated:","0.06275413050974829","as percentage:","6.28%"],"stack":null}
[2026-03-03T08:59:06.035Z] {"timestamp":1772528343544,"level":"LOG","args":["[DEBUG] IRR cashFlows:",[-21741770,2347245.6,2332105.4176000003,2316924.2959296005,2301699.8612458818,2286429.685863398,2271111.286784007,2255742.1242925352,2240319.600517421,2224841.0579554588,2209303.777959746,2193704.97918992,2178041.8160237223,2162311.3769289553,2146510.682794799,2130636.6852215184]],"stack":null}
[2026-03-03T08:59:06.035Z] {"timestamp":1772528343544,"level":"LOG","args":["[DEBUG] IRR calculated:","0.06123661152255621","as percentage:","6.12%"],"stack":null}
[2026-03-03T08:59:06.035Z] {"timestamp":1772528343544,"level":"LOG","args":["[DEBUG] IRR cashFlows:",[-22023520,2347245.6,2332105.4176000003,2316924.2959296005,2301699.8612458818,2286429.685863398,2271111.286784007,2255742.1242925352,2240319.600517421,2224841.0579554588,2209303.777959746,2193704.97918992,2178041.8160237223,2162311.3769289553,2146510.682794799,2130636.6852215184]],"stack":null}
[2026-03-03T08:59:06.035Z] {"timestamp":1772528343544,"level":"LOG","args":["[DEBUG] IRR calculated:","0.059228814052242125","as percentage:","5.92%"],"stack":null}
[2026-03-03T08:59:06.035Z] {"timestamp":1772528343544,"level":"LOG","args":["[DEBUG] IRR cashFlows:",[-22444995,2347245.6,2332105.4176000003,2316924.2959296005,2301699.8612458818,2286429.685863398,2271111.286784007,2255742.1242925352,2240319.600517421,2224841.0579554588,2209303.777959746,2193704.97918992,2178041.8160237223,2162311.3769289553,2146510.682794799,2130636.6852215184]],"stack":null}
[2026-03-03T08:59:06.035Z] {"timestamp":1772528343544,"level":"LOG","args":["[DEBUG] IRR calculated:","0.05629756874796891","as percentage:","5.63%"],"stack":null}
[2026-03-03T08:59:06.035Z] {"timestamp":1772528343544,"level":"LOG","args":["[DEBUG] IRR cashFlows:",[-23153970,2347245.6,2332105.4176000003,2316924.2959296005,2301699.8612458818,2286429.685863398,2271111.286784007,2255742.1242925352,2240319.600517421,2224841.0579554588,2209303.777959746,2193704.97918992,2178041.8160237223,2162311.3769289553,2146510.682794799,2130636.6852215184]],"stack":null}
[2026-03-03T08:59:06.035Z] {"timestamp":1772528343544,"level":"LOG","args":["[DEBUG] IRR calculated:","0.05155144940558404","as percentage:","5.16%"],"stack":null}
[2026-03-03T08:59:06.035Z] {"timestamp":1772528343544,"level":"LOG","args":["[DEBUG] IRR cashFlows:",[-24157920,2347245.6,2332105.4176000003,2316924.2959296005,2301699.8612458818,2286429.685863398,2271111.286784007,2255742.1242925352,2240319.600517421,2224841.0579554588,2209303.777959746,2193704.97918992,2178041.8160237223,2162311.3769289553,2146510.682794799,2130636.6852215184]],"stack":null}
[2026-03-03T08:59:06.035Z] {"timestamp":1772528343544,"level":"LOG","args":["[DEBUG] IRR calculated:","0.045195194883333435","as percentage:","4.52%"],"stack":null}
[2026-03-03T08:59:06.035Z] {"timestamp":1772528343544,"level":"LOG","args":["[DEBUG] IRR cashFlows:",[-21768970,2347245.6,2332105.4176000003,2316924.2959296005,2301699.8612458818,2286429.685863398,2271111.286784007,2255742.1242925352,2240319.600517421,2224841.0579554588,2209303.777959746,2193704.97918992,2178041.8160237223,2162311.3769289553,2146510.682794799,2130636.6852215184]],"stack":null}
[2026-03-03T08:59:06.035Z] {"timestamp":1772528343544,"level":"LOG","args":["[DEBUG] IRR calculated:","0.06104104462173326","as percentage:","6.10%"],"stack":null}
[2026-03-03T08:59:06.035Z] {"timestamp":1772528343544,"level":"LOG","args":["[DEBUG] IRR cashFlows:",[-22012770,2347245.6,2332105.4176000003,2316924.2959296005,2301699.8612458818,2286429.685863398,2271111.286784007,2255742.1242925352,2240319.600517421,2224841.0579554588,2209303.777959746,2193704.97918992,2178041.8160237223,2162311.3769289553,2146510.682794799,2130636.6852215184]],"stack":null}
[2026-03-03T08:59:06.035Z] {"timestamp":1772528343544,"level":"LOG","args":["[DEBUG] IRR calculated:","0.059304697559518414","as percentage:","5.93%"],"stack":null}
[2026-03-03T08:59:06.035Z] {"timestamp":1772528343544,"level":"LOG","args":["[DEBUG] IRR cashFlows:",[-22340520,2347245.6,2332105.4176000003,2316924.2959296005,2301699.8612458818,2286429.685863398,2271111.286784007,2255742.1242925352,2240319.600517421,2224841.0579554588,2209303.777959746,2193704.97918992,2178041.8160237223,2162311.3769289553,2146510.682794799,2130636.6852215184]],"stack":null}
[2026-03-03T08:59:06.035Z] {"timestamp":1772528343544,"level":"LOG","args":["[DEBUG] IRR calculated:","0.057016285787792935","as percentage:","5.70%"],"stack":null}
[2026-03-03T08:59:06.035Z] {"timestamp":1772528343544,"level":"LOG","args":["[DEBUG] IRR cashFlows:",[-22830995,2347245.6,2332105.4176000003,2316924.2959296005,2301699.8612458818,2286429.685863398,2271111.286784007,2255742.1242925352,2240319.600517421,2224841.0579554588,2209303.777959746,2193704.97918992,2178041.8160237223,2162311.3769289553,2146510.682794799,2130636.6852215184]],"stack":null}
[2026-03-03T08:59:06.035Z] {"timestamp":1772528343544,"level":"LOG","args":["[DEBUG] IRR calculated:","0.05368575162351055","as percentage:","5.37%"],"stack":null}
[2026-03-03T08:59:06.035Z] {"timestamp":1772528343544,"level":"LOG","args":["[DEBUG] IRR cashFlows:",[-23654970,2347245.6,2332105.4176000003,2316924.2959296005,2301699.8612458818,2286429.685863398,2271111.286784007,2255742.1242925352,2240319.600517421,2224841.0579554588,2209303.777959746,2193704.97918992,2178041.8160237223,2162311.3769289553,2146510.682794799,2130636.6852215184]],"stack":null}
[2026-03-03T08:59:06.035Z] {"timestamp":1772528343544,"level":"LOG","args":["[DEBUG] IRR calculated:","0.04832853410409416","as percentage:","4.83%"],"stack":null}
[2026-03-03T08:59:06.035Z] {"timestamp":1772528343544,"level":"LOG","args":["[DEBUG] IRR cashFlows:",[-24819920,2347245.6,2332105.4176000003,2316924.2959296005,2301699.8612458818,2286429.685863398,2271111.286784007,2255742.1242925352,2240319.600517421,2224841.0579554588,2209303.777959746,2193704.97918992,2178041.8160237223,2162311.3769289553,2146510.682794799,2130636.6852215184]],"stack":null}
[2026-03-03T08:59:06.035Z] {"timestamp":1772528343545,"level":"LOG","args":["[DEBUG] IRR calculated:","0.04121756847793395","as percentage:","4.12%"],"stack":null}
[2026-03-03T08:59:06.035Z] {"timestamp":1772528343545,"level":"LOG","args":["[DEBUG] IRR cashFlows:",[-22005470,2347245.6,2332105.4176000003,2316924.2959296005,2301699.8612458818,2286429.685863398,2271111.286784007,2255742.1242925352,2240319.600517421,2224841.0579554588,2209303.777959746,2193704.97918992,2178041.8160237223,2162311.3769289553,2146510.682794799,2130636.6852215184]],"stack":null}
[2026-03-03T08:59:06.035Z] {"timestamp":1772528343545,"level":"LOG","args":["[DEBUG] IRR calculated:","0.05935626009265614","as percentage:","5.94%"],"stack":null}
[2026-03-03T08:59:06.035Z] {"timestamp":1772528343545,"level":"LOG","args":["[DEBUG] IRR cashFlows:",[-22283770,2347245.6,2332105.4176000003,2316924.2959296005,2301699.8612458818,2286429.685863398,2271111.286784007,2255742.1242925352,2240319.600517421,2224841.0579554588,2209303.777959746,2193704.97918992,2178041.8160237223,2162311.3769289553,2146510.682794799,2130636.6852215184]],"stack":null}
[2026-03-03T08:59:06.035Z] {"timestamp":1772528343545,"level":"LOG","args":["[DEBUG] IRR calculated:","0.05740884089179996","as percentage:","5.74%"],"stack":null}
[2026-03-03T08:59:06.035Z] {"timestamp":1772528343546,"level":"LOG","args":["[DEBUG] IRR cashFlows:",[-22657520,2347245.6,2332105.4176000003,2316924.2959296005,2301699.8612458818,2286429.685863398,2271111.286784007,2255742.1242925352,2240319.600517421,2224841.0579554588,2209303.777959746,2193704.97918992,2178041.8160237223,2162311.3769289553,2146510.682794799,2130636.6852215184]],"stack":null}
[2026-03-03T08:59:06.035Z] {"timestamp":1772528343546,"level":"LOG","args":["[DEBUG] IRR calculated:","0.05485116325604188","as percentage:","5.49%"],"stack":null}
[2026-03-03T08:59:06.035Z] {"timestamp":1772528343547,"level":"LOG","args":["[DEBUG] IRR cashFlows:",[-23216995,2347245.6,2332105.4176000003,2316924.2959296005,2301699.8612458818,2286429.685863398,2271111.286784007,2255742.1242925352,2240319.600517421,2224841.0579554588,2209303.777959746,2193704.97918992,2178041.8160237223,2162311.3769289553,2146510.682794799,2130636.6852215184]],"stack":null}
[2026-03-03T08:59:06.035Z] {"timestamp":1772528343547,"level":"LOG","args":["[DEBUG] IRR calculated:","0.05114022696919229","as percentage:","5.11%"],"stack":null}
[2026-03-03T08:59:06.035Z] {"timestamp":1772528343547,"level":"LOG","args":["[DEBUG] IRR cashFlows:",[-24155970,2347245.6,2332105.4176000003,2316924.2959296005,2301699.8612458818,2286429.685863398,2271111.286784007,2255742.1242925352,2240319.600517421,2224841.0579554588,2209303.777959746,2193704.97918992,2178041.8160237223,2162311.3769289553,2146510.682794799,2130636.6852215184]],"stack":null}
[2026-03-03T08:59:06.035Z] {"timestamp":1772528343547,"level":"LOG","args":["[DEBUG] IRR calculated:","0.04520715298860184","as percentage:","4.52%"],"stack":null}
[2026-03-03T08:59:06.035Z] {"timestamp":1772528343548,"level":"LOG","args":["[DEBUG] IRR cashFlows:",[-25481920,2347245.6,2332105.4176000003,2316924.2959296005,2301699.8612458818,2286429.685863398,2271111.286784007,2255742.1242925352,2240319.600517421,2224841.0579554588,2209303.777959746,2193704.97918992,2178041.8160237223,2162311.3769289553,2146510.682794799,2130636.6852215184]],"stack":null}
[2026-03-03T08:59:06.035Z] {"timestamp":1772528343548,"level":"LOG","args":["[DEBUG] IRR calculated:","0.037395852703504665","as percentage:","3.74%"],"stack":null}
[2026-03-03T08:59:06.035Z] {"timestamp":1772528343548,"level":"LOG","args":["[DEBUG] IRR cashFlows:",[-22241970,2347245.6,2332105.4176000003,2316924.2959296005,2301699.8612458818,2286429.685863398,2271111.286784007,2255742.1242925352,2240319.600517421,2224841.0579554588,2209303.777959746,2193704.97918992,2178041.8160237223,2162311.3769289553,2146510.682794799,2130636.6852215184]],"stack":null}
[2026-03-03T08:59:06.035Z] {"timestamp":1772528343548,"level":"LOG","args":["[DEBUG] IRR calculated:","0.057698960409099886","as percentage:","5.77%"],"stack":null}
[2026-03-03T08:59:06.035Z] {"timestamp":1772528343548,"level":"LOG","args":["[DEBUG] IRR cashFlows:",[-22554770,2347245.6,2332105.4176000003,2316924.2959296005,2301699.8612458818,2286429.685863398,2271111.286784007,2255742.1242925352,2240319.600517421,2224841.0579554588,2209303.777959746,2193704.97918992,2178041.8160237223,2162311.3769289553,2146510.682794799,2130636.6852215184]],"stack":null}
[2026-03-03T08:59:06.035Z] {"timestamp":1772528343548,"level":"LOG","args":["[DEBUG] IRR calculated:","0.05554786743469476","as percentage:","5.55%"],"stack":null}
[2026-03-03T08:59:06.035Z] {"timestamp":1772528343548,"level":"LOG","args":["[DEBUG] IRR cashFlows:",[-22974520,2347245.6,2332105.4176000003,2316924.2959296005,2301699.8612458818,2286429.685863398,2271111.286784007,2255742.1242925352,2240319.600517421,2224841.0579554588,2209303.777959746,2193704.97918992,2178041.8160237223,2162311.3769289553,2146510.682794799,2130636.6852215184]],"stack":null}
[2026-03-03T08:59:06.035Z] {"timestamp":1772528343549,"level":"LOG","args":["[DEBUG] IRR calculated:","0.052731676639772296","as percentage:","5.27%"],"stack":null}
[2026-03-03T08:59:06.035Z] {"timestamp":1772528343549,"level":"LOG","args":["[DEBUG] IRR cashFlows:",[-23602995,2347245.6,2332105.4176000003,2316924.2959296005,2301699.8612458818,2286429.685863398,2271111.286784007,2255742.1242925352,2240319.600517421,2224841.0579554588,2209303.777959746,2193704.97918992,2178041.8160237223,2162311.3769289553,2146510.682794799,2130636.6852215184]],"stack":null}
[2026-03-03T08:59:06.035Z] {"timestamp":1772528343549,"level":"LOG","args":["[DEBUG] IRR calculated:","0.04865806819294149","as percentage:","4.87%"],"stack":null}
[2026-03-03T08:59:06.035Z] {"timestamp":1772528343549,"level":"LOG","args":["[DEBUG] IRR cashFlows:",[-24656970,2347245.6,2332105.4176000003,2316924.2959296005,2301699.8612458818,2286429.685863398,2271111.286784007,2255742.1242925352,2240319.600517421,2224841.0579554588,2209303.777959746,2193704.97918992,2178041.8160237223,2162311.3769289553,2146510.682794799,2130636.6852215184]],"stack":null}
[2026-03-03T08:59:06.035Z] {"timestamp":1772528343549,"level":"LOG","args":["[DEBUG] IRR calculated:","0.04218175772827382","as percentage:","4.22%"],"stack":null}
[2026-03-03T08:59:06.035Z] {"timestamp":1772528343549,"level":"LOG","args":["[DEBUG] IRR cashFlows:",[-26143920,2347245.6,2332105.4176000003,2316924.2959296005,2301699.8612458818,2286429.685863398,2271111.286784007,2255742.1242925352,2240319.600517421,2224841.0579554588,2209303.777959746,2193704.97918992,2178041.8160237223,2162311.3769289553,2146510.682794799,2130636.6852215184]],"stack":null}
[2026-03-03T08:59:06.035Z] {"timestamp":1772528343549,"level":"LOG","args":["[DEBUG] IRR calculated:","0.033719483105901414","as percentage:","3.37%"],"stack":null}
[2026-03-03T08:59:06.035Z] {"timestamp":1772528343550,"level":"LOG","args":["[DEBUG] IRR cashFlows:",[-22478470,2347245.6,2332105.4176000003,2316924.2959296005,2301699.8612458818,2286429.685863398,2271111.286784007,2255742.1242925352,2240319.600517421,2224841.0579554588,2209303.777959746,2193704.97918992,2178041.8160237223,2162311.3769289553,2146510.682794799,2130636.6852215184]],"stack":null}
[2026-03-03T08:59:06.035Z] {"timestamp":1772528343550,"level":"LOG","args":["[DEBUG] IRR calculated:","0.056068361975843424","as percentage:","5.61%"],"stack":null}
[2026-03-03T08:59:06.035Z] {"timestamp":1772528343550,"level":"LOG","args":["[DEBUG] IRR cashFlows:",[-22825770,2347245.6,2332105.4176000003,2316924.2959296005,2301699.8612458818,2286429.685863398,2271111.286784007,2255742.1242925352,2240319.600517421,2224841.0579554588,2209303.777959746,2193704.97918992,2178041.8160237223,2162311.3769289553,2146510.682794799,2130636.6852215184]],"stack":null}
[2026-03-03T08:59:06.035Z] {"timestamp":1772528343550,"level":"LOG","args":["[DEBUG] IRR calculated:","0.05372065646529879","as percentage:","5.37%"],"stack":null}
[2026-03-03T08:59:06.035Z] {"timestamp":1772528343550,"level":"LOG","args":["[DEBUG] IRR cashFlows:",[-23291520,2347245.6,2332105.4176000003,2316924.2959296005,2301699.8612458818,2286429.685863398,2271111.286784007,2255742.1242925352,2240319.600517421,2224841.0579554588,2209303.777959746,2193704.97918992,2178041.8160237223,2162311.3769289553,2146510.682794799,2130636.6852215184]],"stack":null}
[2026-03-03T08:59:06.035Z] {"timestamp":1772528343552,"level":"LOG","args":["[DEBUG] IRR calculated:","0.05065614821353178","as percentage:","5.07%"],"stack":null}
[2026-03-03T08:59:06.035Z] {"timestamp":1772528343552,"level":"LOG","args":["[DEBUG] IRR cashFlows:",[-23988995,2347245.6,2332105.4176000003,2316924.2959296005,2301699.8612458818,2286429.685863398,2271111.286784007,2255742.1242925352,2240319.600517421,2224841.0579554588,2209303.777959746,2193704.97918992,2178041.8160237223,2162311.3769289553,2146510.682794799,2130636.6852215184]],"stack":null}
[2026-03-03T08:59:06.035Z] {"timestamp":1772528343552,"level":"LOG","args":["[DEBUG] IRR calculated:","0.04623652840614501","as percentage:","4.62%"],"stack":null}
[2026-03-03T08:59:06.035Z] {"timestamp":1772528343553,"level":"LOG","args":["[DEBUG] IRR cashFlows:",[-25157970,2347245.6,2332105.4176000003,2316924.2959296005,2301699.8612458818,2286429.685863398,2271111.286784007,2255742.1242925352,2240319.600517421,2224841.0579554588,2209303.777959746,2193704.97918992,2178041.8160237223,2162311.3769289553,2146510.682794799,2130636.6852215184]],"stack":null}
[2026-03-03T08:59:06.035Z] {"timestamp":1772528343553,"level":"LOG","args":["[DEBUG] IRR calculated:","0.03924722036257719","as percentage:","3.92%"],"stack":null}
[2026-03-03T08:59:06.035Z] {"timestamp":1772528343553,"level":"LOG","args":["[DEBUG] IRR cashFlows:",[-26805920,2347245.6,2332105.4176000003,2316924.2959296005,2301699.8612458818,2286429.685863398,2271111.286784007,2255742.1242925352,2240319.600517421,2224841.0579554588,2209303.777959746,2193704.97918992,2178041.8160237223,2162311.3769289553,2146510.682794799,2130636.6852215184]],"stack":null}
[2026-03-03T08:59:06.035Z] {"timestamp":1772528343553,"level":"LOG","args":["[DEBUG] IRR calculated:","0.03017888385735712","as percentage:","3.02%"],"stack":null}
[2026-03-03T08:59:06.035Z] {"timestamp":1772528343553,"level":"LOG","args":["[DEBUG SENSITIVITY] Matrix minIrr:","0.03017888385735712","maxIrr:","0.07177519955991235","minIrr%:","3.02","maxIrr%:","7.18"],"stack":null}
[2026-03-03T08:59:06.035Z] {"timestamp":1772528343575,"level":"WARN","args":["The width(0) and height(0) of chart should be greater than 0,\n       please check the style of container, or the props width(100%) and height(100%),\n       or add a minWidth(0) or minHeight(undefined) or use aspect(undefined) to control the\n       height and width."],"stack":null}
[2026-03-03T08:59:09.949Z] {"timestamp":1772528349143,"level":"LOG","args":["[DEBUG SENSITIVITY] Matrix minIrr:","0.03017888385735712","maxIrr:","0.07177519955991235","minIrr%:","3.02","maxIrr%:","7.18"],"stack":null}
[2026-03-03T08:59:09.949Z] {"timestamp":1772528349266,"level":"LOG","args":["[Dashboard] mapResults from sessionStorage:",null],"stack":null}
[2026-03-03T08:59:09.949Z] {"timestamp":1772528349266,"level":"LOG","args":["[DEBUG] IRR cashFlows:",[-20052520,2347245.6,2332105.4176000003,2316924.2959296005,2301699.8612458818,2286429.685863398,2271111.286784007,2255742.1242925352,2240319.600517421,2224841.0579554588,2209303.777959746,2193704.97918992,2178041.8160237223,2162311.3769289553,2146510.682794799,2130636.6852215184]],"stack":null}
[2026-03-03T08:59:09.949Z] {"timestamp":1772528349266,"level":"LOG","args":["[DEBUG] IRR calculated:","0.0741731803149236","as percentage:","7.42%"],"stack":null}
[2026-03-03T08:59:09.949Z] {"timestamp":1772528349266,"level":"LOG","args":["[DEBUG] IRR cashFlows:",[-20349970,2347245.6,2332105.4176000003,2316924.2959296005,2301699.8612458818,2286429.685863398,2271111.286784007,2255742.1242925352,2240319.600517421,2224841.0579554588,2209303.777959746,2193704.97918992,2178041.8160237223,2162311.3769289553,2146510.682794799,2130636.6852215184]],"stack":null}
[2026-03-03T08:59:09.949Z] {"timestamp":1772528349266,"level":"LOG","args":["[DEBUG] IRR calculated:","0.07177519955991235","as percentage:","7.18%"],"stack":null}
[2026-03-03T08:59:09.949Z] {"timestamp":1772528349266,"level":"LOG","args":["[DEBUG SENSITIVITY] First cell (6kV, 1km):",{"lcoe":125.79290595909659,"irr":0.07177519955991235,"irrPercent":"7.18"}],"stack":null}
[2026-03-03T08:59:09.949Z] {"timestamp":1772528349267,"level":"LOG","args":["[DEBUG] IRR cashFlows:",[-20386770,2347245.6,2332105.4176000003,2316924.2959296005,2301699.8612458818,2286429.685863398,2271111.286784007,2255742.1242925352,2240319.600517421,2224841.0579554588,2209303.777959746,2193704.97918992,2178041.8160237223,2162311.3769289553,2146510.682794799,2130636.6852215184]],"stack":null}
[2026-03-03T08:59:09.949Z] {"timestamp":1772528349267,"level":"LOG","args":["[DEBUG] IRR calculated:","0.07148230806457223","as percentage:","7.15%"],"stack":null}
[2026-03-03T08:59:09.949Z] {"timestamp":1772528349267,"level":"LOG","args":["[DEBUG] IRR cashFlows:",[-20438520,2347245.6,2332105.4176000003,2316924.2959296005,2301699.8612458818,2286429.685863398,2271111.286784007,2255742.1242925352,2240319.600517421,2224841.0579554588,2209303.777959746,2193704.97918992,2178041.8160237223,2162311.3769289553,2146510.682794799,2130636.6852215184]],"stack":null}
[2026-03-03T08:59:09.949Z] {"timestamp":1772528349267,"level":"LOG","args":["[DEBUG] IRR calculated:","0.0710718143025396","as percentage:","7.11%"],"stack":null}
[2026-03-03T08:59:09.949Z] {"timestamp":1772528349267,"level":"LOG","args":["[DEBUG] IRR cashFlows:",[-20514995,2347245.6,2332105.4176000003,2316924.2959296005,2301699.8612458818,2286429.685863398,2271111.286784007,2255742.1242925352,2240319.600517421,2224841.0579554588,2209303.777959746,2193704.97918992,2178041.8160237223,2162311.3769289553,2146510.682794799,2130636.6852215184]],"stack":null}
[2026-03-03T08:59:09.949Z] {"timestamp":1772528349267,"level":"LOG","args":["[DEBUG] IRR calculated:","0.07046813757853714","as percentage:","7.05%"],"stack":null}
[2026-03-03T08:59:09.949Z] {"timestamp":1772528349267,"level":"LOG","args":["[DEBUG] IRR cashFlows:",[-20648970,2347245.6,2332105.4176000003,2316924.2959296005,2301699.8612458818,2286429.685863398,2271111.286784007,2255742.1242925352,2240319.600517421,2224841.0579554588,2209303.777959746,2193704.97918992,2178041.8160237223,2162311.3769289553,2146510.682794799,2130636.6852215184]],"stack":null}
[2026-03-03T08:59:09.949Z] {"timestamp":1772528349267,"level":"LOG","args":["[DEBUG] IRR calculated:","0.06941892935770344","as percentage:","6.94%"],"stack":null}
[2026-03-03T08:59:09.949Z] {"timestamp":1772528349268,"level":"LOG","args":["[DEBUG] IRR cashFlows:",[-20847920,2347245.6,2332105.4176000003,2316924.2959296005,2301699.8612458818,2286429.685863398,2271111.286784007,2255742.1242925352,2240319.600517421,2224841.0579554588,2209303.777959746,2193704.97918992,2178041.8160237223,2162311.3769289553,2146510.682794799,2130636.6852215184]],"stack":null}
[2026-03-03T08:59:09.949Z] {"timestamp":1772528349268,"level":"LOG","args":["[DEBUG] IRR calculated:","0.06788016749640302","as percentage:","6.79%"],"stack":null}
[2026-03-03T08:59:09.949Z] {"timestamp":1772528349268,"level":"LOG","args":["[DEBUG] IRR cashFlows:",[-20586470,2347245.6,2332105.4176000003,2316924.2959296005,2301699.8612458818,2286429.685863398,2271111.286784007,2255742.1242925352,2240319.600517421,2224841.0579554588,2209303.777959746,2193704.97918992,2178041.8160237223,2162311.3769289553,2146510.682794799,2130636.6852215184]],"stack":null}
[2026-03-03T08:59:09.949Z] {"timestamp":1772528349268,"level":"LOG","args":["[DEBUG] IRR calculated:","0.06990707417421428","as percentage:","6.99%"],"stack":null}
[2026-03-03T08:59:09.949Z] {"timestamp":1772528349268,"level":"LOG","args":["[DEBUG] IRR cashFlows:",[-20657770,2347245.6,2332105.4176000003,2316924.2959296005,2301699.8612458818,2286429.685863398,2271111.286784007,2255742.1242925352,2240319.600517421,2224841.0579554588,2209303.777959746,2193704.97918992,2178041.8160237223,2162311.3769289553,2146510.682794799,2130636.6852215184]],"stack":null}
[2026-03-03T08:59:09.949Z] {"timestamp":1772528349268,"level":"LOG","args":["[DEBUG] IRR calculated:","0.06935038224521865","as percentage:","6.94%"],"stack":null}
[2026-03-03T08:59:09.949Z] {"timestamp":1772528349269,"level":"LOG","args":["[DEBUG] IRR cashFlows:",[-20755520,2347245.6,2332105.4176000003,2316924.2959296005,2301699.8612458818,2286429.685863398,2271111.286784007,2255742.1242925352,2240319.600517421,2224841.0579554588,2209303.777959746,2193704.97918992,2178041.8160237223,2162311.3769289553,2146510.682794799,2130636.6852215184]],"stack":null}
[2026-03-03T08:59:09.949Z] {"timestamp":1772528349269,"level":"LOG","args":["[DEBUG] IRR calculated:","0.06859199042281805","as percentage:","6.86%"],"stack":null}
[2026-03-03T08:59:09.949Z] {"timestamp":1772528349269,"level":"LOG","args":["[DEBUG] IRR cashFlows:",[-20900995,2347245.6,2332105.4176000003,2316924.2959296005,2301699.8612458818,2286429.685863398,2271111.286784007,2255742.1242925352,2240319.600517421,2224841.0579554588,2209303.777959746,2193704.97918992,2178041.8160237223,2162311.3769289553,2146510.682794799,2130636.6852215184]],"stack":null}
[2026-03-03T08:59:09.949Z] {"timestamp":1772528349269,"level":"LOG","args":["[DEBUG] IRR calculated:","0.06747349355098918","as percentage:","6.75%"],"stack":null}
[2026-03-03T08:59:09.949Z] {"timestamp":1772528349269,"level":"LOG","args":["[DEBUG] IRR cashFlows:",[-21149970,2347245.6,2332105.4176000003,2316924.2959296005,2301699.8612458818,2286429.685863398,2271111.286784007,2255742.1242925352,2240319.600517421,2224841.0579554588,2209303.777959746,2193704.97918992,2178041.8160237223,2162311.3769289553,2146510.682794799,2130636.6852215184]],"stack":null}
[2026-03-03T08:59:09.949Z] {"timestamp":1772528349269,"level":"LOG","args":["[DEBUG] IRR calculated:","0.06558685445344957","as percentage:","6.56%"],"stack":null}
[2026-03-03T08:59:09.949Z] {"timestamp":1772528349269,"level":"LOG","args":["[DEBUG] IRR cashFlows:",[-21509920,2347245.6,2332105.4176000003,2316924.2959296005,2301699.8612458818,2286429.685863398,2271111.286784007,2255742.1242925352,2240319.600517421,2224841.0579554588,2209303.777959746,2193704.97918992,2178041.8160237223,2162311.3769289553,2146510.682794799,2130636.6852215184]],"stack":null}
[2026-03-03T08:59:09.949Z] {"timestamp":1772528349269,"level":"LOG","args":["[DEBUG] IRR calculated:","0.06291897990856639","as percentage:","6.29%"],"stack":null}
[2026-03-03T08:59:09.949Z] {"timestamp":1772528349269,"level":"LOG","args":["[DEBUG] IRR cashFlows:",[-20822970,2347245.6,2332105.4176000003,2316924.2959296005,2301699.8612458818,2286429.685863398,2271111.286784007,2255742.1242925352,2240319.600517421,2224841.0579554588,2209303.777959746,2193704.97918992,2178041.8160237223,2162311.3769289553,2146510.682794799,2130636.6852215184]],"stack":null}
[2026-03-03T08:59:09.949Z] {"timestamp":1772528349269,"level":"LOG","args":["[DEBUG] IRR calculated:","0.06807189383610872","as percentage:","6.81%"],"stack":null}
[2026-03-03T08:59:09.949Z] {"timestamp":1772528349270,"level":"LOG","args":["[DEBUG] IRR cashFlows:",[-20928770,2347245.6,2332105.4176000003,2316924.2959296005,2301699.8612458818,2286429.685863398,2271111.286784007,2255742.1242925352,2240319.600517421,2224841.0579554588,2209303.777959746,2193704.97918992,2178041.8160237223,2162311.3769289553,2146510.682794799,2130636.6852215184]],"stack":null}
[2026-03-03T08:59:09.949Z] {"timestamp":1772528349270,"level":"LOG","args":["[DEBUG] IRR calculated:","0.06726130973497235","as percentage:","6.73%"],"stack":null}
[2026-03-03T08:59:09.949Z] {"timestamp":1772528349270,"level":"LOG","args":["[DEBUG] IRR cashFlows:",[-21072520,2347245.6,2332105.4176000003,2316924.2959296005,2301699.8612458818,2286429.685863398,2271111.286784007,2255742.1242925352,2240319.600517421,2224841.0579554588,2209303.777959746,2193704.97918992,2178041.8160237223,2162311.3769289553,2146510.682794799,2130636.6852215184]],"stack":null}
[2026-03-03T08:59:09.949Z] {"timestamp":1772528349270,"level":"LOG","args":["[DEBUG] IRR calculated:","0.06617005552855004","as percentage:","6.62%"],"stack":null}
[2026-03-03T08:59:09.949Z] {"timestamp":1772528349270,"level":"LOG","args":["[DEBUG] IRR cashFlows:",[-21286995,2347245.6,2332105.4176000003,2316924.2959296005,2301699.8612458818,2286429.685863398,2271111.286784007,2255742.1242925352,2240319.600517421,2224841.0579554588,2209303.777959746,2193704.97918992,2178041.8160237223,2162311.3769289553,2146510.682794799,2130636.6852215184]],"stack":null}
[2026-03-03T08:59:09.949Z] {"timestamp":1772528349270,"level":"LOG","args":["[DEBUG] IRR calculated:","0.0645630715551585","as percentage:","6.46%"],"stack":null}
[2026-03-03T08:59:09.949Z] {"timestamp":1772528349270,"level":"LOG","args":["[DEBUG] IRR cashFlows:",[-21650970,2347245.6,2332105.4176000003,2316924.2959296005,2301699.8612458818,2286429.685863398,2271111.286784007,2255742.1242925352,2240319.600517421,2224841.0579554588,2209303.777959746,2193704.97918992,2178041.8160237223,2162311.3769289553,2146510.682794799,2130636.6852215184]],"stack":null}
[2026-03-03T08:59:09.949Z] {"timestamp":1772528349270,"level":"LOG","args":["[DEBUG] IRR calculated:","0.06189218671006957","as percentage:","6.19%"],"stack":null}
[2026-03-03T08:59:09.949Z] {"timestamp":1772528349271,"level":"LOG","args":["[DEBUG] IRR cashFlows:",[-22171920,2347245.6,2332105.4176000003,2316924.2959296005,2301699.8612458818,2286429.685863398,2271111.286784007,2255742.1242925352,2240319.600517421,2224841.0579554588,2209303.777959746,2193704.97918992,2178041.8160237223,2162311.3769289553,2146510.682794799,2130636.6852215184]],"stack":null}
[2026-03-03T08:59:09.949Z] {"timestamp":1772528349271,"level":"LOG","args":["[DEBUG] IRR calculated:","0.05818702567430744","as percentage:","5.82%"],"stack":null}
[2026-03-03T08:59:09.949Z] {"timestamp":1772528349271,"level":"LOG","args":["[DEBUG] IRR cashFlows:",[-21059470,2347245.6,2332105.4176000003,2316924.2959296005,2301699.8612458818,2286429.685863398,2271111.286784007,2255742.1242925352,2240319.600517421,2224841.0579554588,2209303.777959746,2193704.97918992,2178041.8160237223,2162311.3769289553,2146510.682794799,2130636.6852215184]],"stack":null}
[2026-03-03T08:59:09.949Z] {"timestamp":1772528349271,"level":"LOG","args":["[DEBUG] IRR calculated:","0.06626864791267574","as percentage:","6.63%"],"stack":null}
[2026-03-03T08:59:09.949Z] {"timestamp":1772528349271,"level":"LOG","args":["[DEBUG] IRR cashFlows:",[-21199770,2347245.6,2332105.4176000003,2316924.2959296005,2301699.8612458818,2286429.685863398,2271111.286784007,2255742.1242925352,2240319.600517421,2224841.0579554588,2209303.777959746,2193704.97918992,2178041.8160237223,2162311.3769289553,2146510.682794799,2130636.6852215184]],"stack":null}
[2026-03-03T08:59:09.949Z] {"timestamp":1772528349271,"level":"LOG","args":["[DEBUG] IRR calculated:","0.06521359458773965","as percentage:","6.52%"],"stack":null}
[2026-03-03T08:59:09.949Z] {"timestamp":1772528349271,"level":"LOG","args":["[DEBUG] IRR cashFlows:",[-21389520,2347245.6,2332105.4176000003,2316924.2959296005,2301699.8612458818,2286429.685863398,2271111.286784007,2255742.1242925352,2240319.600517421,2224841.0579554588,2209303.777959746,2193704.97918992,2178041.8160237223,2162311.3769289553,2146510.682794799,2130636.6852215184]],"stack":null}
[2026-03-03T08:59:09.950Z] {"timestamp":1772528349271,"level":"LOG","args":["[DEBUG] IRR calculated:","0.06380366768687844","as percentage:","6.38%"],"stack":null}
[2026-03-03T08:59:09.950Z] {"timestamp":1772528349272,"level":"LOG","args":["[DEBUG] IRR cashFlows:",[-21672995,2347245.6,2332105.4176000003,2316924.2959296005,2301699.8612458818,2286429.685863398,2271111.286784007,2255742.1242925352,2240319.600517421,2224841.0579554588,2209303.777959746,2193704.97918992,2178041.8160237223,2162311.3769289553,2146510.682794799,2130636.6852215184]],"stack":null}
[2026-03-03T08:59:09.950Z] {"timestamp":1772528349272,"level":"LOG","args":["[DEBUG] IRR calculated:","0.06173277934950446","as percentage:","6.17%"],"stack":null}
[2026-03-03T08:59:09.950Z] {"timestamp":1772528349272,"level":"LOG","args":["[DEBUG] IRR cashFlows:",[-22151970,2347245.6,2332105.4176000003,2316924.2959296005,2301699.8612458818,2286429.685863398,2271111.286784007,2255742.1242925352,2240319.600517421,2224841.0579554588,2209303.777959746,2193704.97918992,2178041.8160237223,2162311.3769289553,2146510.682794799,2130636.6852215184]],"stack":null}
[2026-03-03T08:59:09.950Z] {"timestamp":1772528349272,"level":"LOG","args":["[DEBUG] IRR calculated:","0.058326456314478206","as percentage:","5.83%"],"stack":null}
[2026-03-03T08:59:09.950Z] {"timestamp":1772528349273,"level":"LOG","args":["[DEBUG] IRR cashFlows:",[-22833920,2347245.6,2332105.4176000003,2316924.2959296005,2301699.8612458818,2286429.685863398,2271111.286784007,2255742.1242925352,2240319.600517421,2224841.0579554588,2209303.777959746,2193704.97918992,2178041.8160237223,2162311.3769289553,2146510.682794799,2130636.6852215184]],"stack":null}
[2026-03-03T08:59:09.950Z] {"timestamp":1772528349273,"level":"LOG","args":["[DEBUG] IRR calculated:","0.05366621689490418","as percentage:","5.37%"],"stack":null}
[2026-03-03T08:59:09.950Z] {"timestamp":1772528349273,"level":"LOG","args":["[DEBUG] IRR cashFlows:",[-21295970,2347245.6,2332105.4176000003,2316924.2959296005,2301699.8612458818,2286429.685863398,2271111.286784007,2255742.1242925352,2240319.600517421,2224841.0579554588,2209303.777959746,2193704.97918992,2178041.8160237223,2162311.3769289553,2146510.682794799,2130636.6852215184]],"stack":null}
[2026-03-03T08:59:09.950Z] {"timestamp":1772528349273,"level":"LOG","args":["[DEBUG] IRR calculated:","0.06449636898574769","as percentage:","6.45%"],"stack":null}
[2026-03-03T08:59:09.950Z] {"timestamp":1772528349273,"level":"LOG","args":["[DEBUG] IRR cashFlows:",[-21470770,2347245.6,2332105.4176000003,2316924.2959296005,2301699.8612458818,2286429.685863398,2271111.286784007,2255742.1242925352,2240319.600517421,2224841.0579554588,2209303.777959746,2193704.97918992,2178041.8160237223,2162311.3769289553,2146510.682794799,2130636.6852215184]],"stack":null}
[2026-03-03T08:59:09.950Z] {"timestamp":1772528349273,"level":"LOG","args":["[DEBUG] IRR calculated:","0.06320581353613193","as percentage:","6.32%"],"stack":null}
[2026-03-03T08:59:09.950Z] {"timestamp":1772528349273,"level":"LOG","args":["[DEBUG] IRR cashFlows:",[-21706520,2347245.6,2332105.4176000003,2316924.2959296005,2301699.8612458818,2286429.685863398,2271111.286784007,2255742.1242925352,2240319.600517421,2224841.0579554588,2209303.777959746,2193704.97918992,2178041.8160237223,2162311.3769289553,2146510.682794799,2130636.6852215184]],"stack":null}
[2026-03-03T08:59:09.950Z] {"timestamp":1772528349273,"level":"LOG","args":["[DEBUG] IRR calculated:","0.06149061655758006","as percentage:","6.15%"],"stack":null}
[2026-03-03T08:59:09.950Z] {"timestamp":1772528349273,"level":"LOG","args":["[DEBUG] IRR cashFlows:",[-22058995,2347245.6,2332105.4176000003,2316924.2959296005,2301699.8612458818,2286429.685863398,2271111.286784007,2255742.1242925352,2240319.600517421,2224841.0579554588,2209303.777959746,2193704.97918992,2178041.8160237223,2162311.3769289553,2146510.682794799,2130636.6852215184]],"stack":null}
[2026-03-03T08:59:09.950Z] {"timestamp":1772528349273,"level":"LOG","args":["[DEBUG] IRR calculated:","0.05897880004117878","as percentage:","5.90%"],"stack":null}
[2026-03-03T08:59:09.950Z] {"timestamp":1772528349274,"level":"LOG","args":["[DEBUG] IRR cashFlows:",[-22652970,2347245.6,2332105.4176000003,2316924.2959296005,2301699.8612458818,2286429.685863398,2271111.286784007,2255742.1242925352,2240319.600517421,2224841.0579554588,2209303.777959746,2193704.97918992,2178041.8160237223,2162311.3769289553,2146510.682794799,2130636.6852215184]],"stack":null}
[2026-03-03T08:59:09.950Z] {"timestamp":1772528349274,"level":"LOG","args":["[DEBUG] IRR calculated:","0.05488191300298694","as percentage:","5.49%"],"stack":null}
[2026-03-03T08:59:09.950Z] {"timestamp":1772528349274,"level":"LOG","args":["[DEBUG] IRR cashFlows:",[-23495920,2347245.6,2332105.4176000003,2316924.2959296005,2301699.8612458818,2286429.685863398,2271111.286784007,2255742.1242925352,2240319.600517421,2224841.0579554588,2209303.777959746,2193704.97918992,2178041.8160237223,2162311.3769289553,2146510.682794799,2130636.6852215184]],"stack":null}
[2026-03-03T08:59:09.950Z] {"timestamp":1772528349274,"level":"LOG","args":["[DEBUG] IRR calculated:","0.04934042050246808","as percentage:","4.93%"],"stack":null}
[2026-03-03T08:59:09.950Z] {"timestamp":1772528349274,"level":"LOG","args":["[DEBUG] IRR cashFlows:",[-21532470,2347245.6,2332105.4176000003,2316924.2959296005,2301699.8612458818,2286429.685863398,2271111.286784007,2255742.1242925352,2240319.600517421,2224841.0579554588,2209303.777959746,2193704.97918992,2178041.8160237223,2162311.3769289553,2146510.682794799,2130636.6852215184]],"stack":null}
[2026-03-03T08:59:09.950Z] {"timestamp":1772528349274,"level":"LOG","args":["[DEBUG] IRR calculated:","0.06275413050974829","as percentage:","6.28%"],"stack":null}
[2026-03-03T08:59:09.950Z] {"timestamp":1772528349275,"level":"LOG","args":["[DEBUG] IRR cashFlows:",[-21741770,2347245.6,2332105.4176000003,2316924.2959296005,2301699.8612458818,2286429.685863398,2271111.286784007,2255742.1242925352,2240319.600517421,2224841.0579554588,2209303.777959746,2193704.97918992,2178041.8160237223,2162311.3769289553,2146510.682794799,2130636.6852215184]],"stack":null}
[2026-03-03T08:59:09.950Z] {"timestamp":1772528349275,"level":"LOG","args":["[DEBUG] IRR calculated:","0.06123661152255621","as percentage:","6.12%"],"stack":null}
[2026-03-03T08:59:09.950Z] {"timestamp":1772528349275,"level":"LOG","args":["[DEBUG] IRR cashFlows:",[-22023520,2347245.6,2332105.4176000003,2316924.2959296005,2301699.8612458818,2286429.685863398,2271111.286784007,2255742.1242925352,2240319.600517421,2224841.0579554588,2209303.777959746,2193704.97918992,2178041.8160237223,2162311.3769289553,2146510.682794799,2130636.6852215184]],"stack":null}
[2026-03-03T08:59:09.950Z] {"timestamp":1772528349275,"level":"LOG","args":["[DEBUG] IRR calculated:","0.059228814052242125","as percentage:","5.92%"],"stack":null}
[2026-03-03T08:59:09.950Z] {"timestamp":1772528349275,"level":"LOG","args":["[DEBUG] IRR cashFlows:",[-22444995,2347245.6,2332105.4176000003,2316924.2959296005,2301699.8612458818,2286429.685863398,2271111.286784007,2255742.1242925352,2240319.600517421,2224841.0579554588,2209303.777959746,2193704.97918992,2178041.8160237223,2162311.3769289553,2146510.682794799,2130636.6852215184]],"stack":null}
[2026-03-03T08:59:09.950Z] {"timestamp":1772528349275,"level":"LOG","args":["[DEBUG] IRR calculated:","0.05629756874796891","as percentage:","5.63%"],"stack":null}
[2026-03-03T08:59:09.950Z] {"timestamp":1772528349275,"level":"LOG","args":["[DEBUG] IRR cashFlows:",[-23153970,2347245.6,2332105.4176000003,2316924.2959296005,2301699.8612458818,2286429.685863398,2271111.286784007,2255742.1242925352,2240319.600517421,2224841.0579554588,2209303.777959746,2193704.97918992,2178041.8160237223,2162311.3769289553,2146510.682794799,2130636.6852215184]],"stack":null}
[2026-03-03T08:59:09.950Z] {"timestamp":1772528349275,"level":"LOG","args":["[DEBUG] IRR calculated:","0.05155144940558404","as percentage:","5.16%"],"stack":null}
[2026-03-03T08:59:09.950Z] {"timestamp":1772528349275,"level":"LOG","args":["[DEBUG] IRR cashFlows:",[-24157920,2347245.6,2332105.4176000003,2316924.2959296005,2301699.8612458818,2286429.685863398,2271111.286784007,2255742.1242925352,2240319.600517421,2224841.0579554588,2209303.777959746,2193704.97918992,2178041.8160237223,2162311.3769289553,2146510.682794799,2130636.6852215184]],"stack":null}
[2026-03-03T08:59:09.950Z] {"timestamp":1772528349275,"level":"LOG","args":["[DEBUG] IRR calculated:","0.045195194883333435","as percentage:","4.52%"],"stack":null}
[2026-03-03T08:59:09.950Z] {"timestamp":1772528349276,"level":"LOG","args":["[DEBUG] IRR cashFlows:",[-21768970,2347245.6,2332105.4176000003,2316924.2959296005,2301699.8612458818,2286429.685863398,2271111.286784007,2255742.1242925352,2240319.600517421,2224841.0579554588,2209303.777959746,2193704.97918992,2178041.8160237223,2162311.3769289553,2146510.682794799,2130636.6852215184]],"stack":null}
[2026-03-03T08:59:09.950Z] {"timestamp":1772528349276,"level":"LOG","args":["[DEBUG] IRR calculated:","0.06104104462173326","as percentage:","6.10%"],"stack":null}
[2026-03-03T08:59:09.950Z] {"timestamp":1772528349276,"level":"LOG","args":["[DEBUG] IRR cashFlows:",[-22012770,2347245.6,2332105.4176000003,2316924.2959296005,2301699.8612458818,2286429.685863398,2271111.286784007,2255742.1242925352,2240319.600517421,2224841.0579554588,2209303.777959746,2193704.97918992,2178041.8160237223,2162311.3769289553,2146510.682794799,2130636.6852215184]],"stack":null}
[2026-03-03T08:59:09.950Z] {"timestamp":1772528349276,"level":"LOG","args":["[DEBUG] IRR calculated:","0.059304697559518414","as percentage:","5.93%"],"stack":null}
[2026-03-03T08:59:09.950Z] {"timestamp":1772528349276,"level":"LOG","args":["[DEBUG] IRR cashFlows:",[-22340520,2347245.6,2332105.4176000003,2316924.2959296005,2301699.8612458818,2286429.685863398,2271111.286784007,2255742.1242925352,2240319.600517421,2224841.0579554588,2209303.777959746,2193704.97918992,2178041.8160237223,2162311.3769289553,2146510.682794799,2130636.6852215184]],"stack":null}
[2026-03-03T08:59:09.950Z] {"timestamp":1772528349276,"level":"LOG","args":["[DEBUG] IRR calculated:","0.057016285787792935","as percentage:","5.70%"],"stack":null}
[2026-03-03T08:59:09.950Z] {"timestamp":1772528349276,"level":"LOG","args":["[DEBUG] IRR cashFlows:",[-22830995,2347245.6,2332105.4176000003,2316924.2959296005,2301699.8612458818,2286429.685863398,2271111.286784007,2255742.1242925352,2240319.600517421,2224841.0579554588,2209303.777959746,2193704.97918992,2178041.8160237223,2162311.3769289553,2146510.682794799,2130636.6852215184]],"stack":null}
[2026-03-03T08:59:09.950Z] {"timestamp":1772528349276,"level":"LOG","args":["[DEBUG] IRR calculated:","0.05368575162351055","as percentage:","5.37%"],"stack":null}
[2026-03-03T08:59:09.950Z] {"timestamp":1772528349276,"level":"LOG","args":["[DEBUG] IRR cashFlows:",[-23654970,2347245.6,2332105.4176000003,2316924.2959296005,2301699.8612458818,2286429.685863398,2271111.286784007,2255742.1242925352,2240319.600517421,2224841.0579554588,2209303.777959746,2193704.97918992,2178041.8160237223,2162311.3769289553,2146510.682794799,2130636.6852215184]],"stack":null}
[2026-03-03T08:59:09.950Z] {"timestamp":1772528349277,"level":"LOG","args":["[DEBUG] IRR calculated:","0.04832853410409416","as percentage:","4.83%"],"stack":null}
[2026-03-03T08:59:09.950Z] {"timestamp":1772528349277,"level":"LOG","args":["[DEBUG] IRR cashFlows:",[-24819920,2347245.6,2332105.4176000003,2316924.2959296005,2301699.8612458818,2286429.685863398,2271111.286784007,2255742.1242925352,2240319.600517421,2224841.0579554588,2209303.777959746,2193704.97918992,2178041.8160237223,2162311.3769289553,2146510.682794799,2130636.6852215184]],"stack":null}
[2026-03-03T08:59:09.950Z] {"timestamp":1772528349277,"level":"LOG","args":["[DEBUG] IRR calculated:","0.04121756847793395","as percentage:","4.12%"],"stack":null}
[2026-03-03T08:59:09.950Z] {"timestamp":1772528349277,"level":"LOG","args":["[DEBUG] IRR cashFlows:",[-22005470,2347245.6,2332105.4176000003,2316924.2959296005,2301699.8612458818,2286429.685863398,2271111.286784007,2255742.1242925352,2240319.600517421,2224841.0579554588,2209303.777959746,2193704.97918992,2178041.8160237223,2162311.3769289553,2146510.682794799,2130636.6852215184]],"stack":null}
[2026-03-03T08:59:09.950Z] {"timestamp":1772528349277,"level":"LOG","args":["[DEBUG] IRR calculated:","0.05935626009265614","as percentage:","5.94%"],"stack":null}
[2026-03-03T08:59:09.950Z] {"timestamp":1772528349277,"level":"LOG","args":["[DEBUG] IRR cashFlows:",[-22283770,2347245.6,2332105.4176000003,2316924.2959296005,2301699.8612458818,2286429.685863398,2271111.286784007,2255742.1242925352,2240319.600517421,2224841.0579554588,2209303.777959746,2193704.97918992,2178041.8160237223,2162311.3769289553,2146510.682794799,2130636.6852215184]],"stack":null}
[2026-03-03T08:59:09.950Z] {"timestamp":1772528349277,"level":"LOG","args":["[DEBUG] IRR calculated:","0.05740884089179996","as percentage:","5.74%"],"stack":null}
[2026-03-03T08:59:09.950Z] {"timestamp":1772528349277,"level":"LOG","args":["[DEBUG] IRR cashFlows:",[-22657520,2347245.6,2332105.4176000003,2316924.2959296005,2301699.8612458818,2286429.685863398,2271111.286784007,2255742.1242925352,2240319.600517421,2224841.0579554588,2209303.777959746,2193704.97918992,2178041.8160237223,2162311.3769289553,2146510.682794799,2130636.6852215184]],"stack":null}
[2026-03-03T08:59:09.950Z] {"timestamp":1772528349277,"level":"LOG","args":["[DEBUG] IRR calculated:","0.05485116325604188","as percentage:","5.49%"],"stack":null}
[2026-03-03T08:59:09.950Z] {"timestamp":1772528349278,"level":"LOG","args":["[DEBUG] IRR cashFlows:",[-23216995,2347245.6,2332105.4176000003,2316924.2959296005,2301699.8612458818,2286429.685863398,2271111.286784007,2255742.1242925352,2240319.600517421,2224841.0579554588,2209303.777959746,2193704.97918992,2178041.8160237223,2162311.3769289553,2146510.682794799,2130636.6852215184]],"stack":null}
[2026-03-03T08:59:09.950Z] {"timestamp":1772528349279,"level":"LOG","args":["[DEBUG] IRR calculated:","0.05114022696919229","as percentage:","5.11%"],"stack":null}
[2026-03-03T08:59:09.950Z] {"timestamp":1772528349279,"level":"LOG","args":["[DEBUG] IRR cashFlows:",[-24155970,2347245.6,2332105.4176000003,2316924.2959296005,2301699.8612458818,2286429.685863398,2271111.286784007,2255742.1242925352,2240319.600517421,2224841.0579554588,2209303.777959746,2193704.97918992,2178041.8160237223,2162311.3769289553,2146510.682794799,2130636.6852215184]],"stack":null}
[2026-03-03T08:59:09.950Z] {"timestamp":1772528349279,"level":"LOG","args":["[DEBUG] IRR calculated:","0.04520715298860184","as percentage:","4.52%"],"stack":null}
[2026-03-03T08:59:09.950Z] {"timestamp":1772528349280,"level":"LOG","args":["[DEBUG] IRR cashFlows:",[-25481920,2347245.6,2332105.4176000003,2316924.2959296005,2301699.8612458818,2286429.685863398,2271111.286784007,2255742.1242925352,2240319.600517421,2224841.0579554588,2209303.777959746,2193704.97918992,2178041.8160237223,2162311.3769289553,2146510.682794799,2130636.6852215184]],"stack":null}
[2026-03-03T08:59:09.950Z] {"timestamp":1772528349280,"level":"LOG","args":["[DEBUG] IRR calculated:","0.037395852703504665","as percentage:","3.74%"],"stack":null}
[2026-03-03T08:59:09.950Z] {"timestamp":1772528349280,"level":"LOG","args":["[DEBUG] IRR cashFlows:",[-22241970,2347245.6,2332105.4176000003,2316924.2959296005,2301699.8612458818,2286429.685863398,2271111.286784007,2255742.1242925352,2240319.600517421,2224841.0579554588,2209303.777959746,2193704.97918992,2178041.8160237223,2162311.3769289553,2146510.682794799,2130636.6852215184]],"stack":null}
[2026-03-03T08:59:09.950Z] {"timestamp":1772528349280,"level":"LOG","args":["[DEBUG] IRR calculated:","0.057698960409099886","as percentage:","5.77%"],"stack":null}
[2026-03-03T08:59:09.950Z] {"timestamp":1772528349281,"level":"LOG","args":["[DEBUG] IRR cashFlows:",[-22554770,2347245.6,2332105.4176000003,2316924.2959296005,2301699.8612458818,2286429.685863398,2271111.286784007,2255742.1242925352,2240319.600517421,2224841.0579554588,2209303.777959746,2193704.97918992,2178041.8160237223,2162311.3769289553,2146510.682794799,2130636.6852215184]],"stack":null}
[2026-03-03T08:59:09.950Z] {"timestamp":1772528349281,"level":"LOG","args":["[DEBUG] IRR calculated:","0.05554786743469476","as percentage:","5.55%"],"stack":null}
[2026-03-03T08:59:09.950Z] {"timestamp":1772528349281,"level":"LOG","args":["[DEBUG] IRR cashFlows:",[-22974520,2347245.6,2332105.4176000003,2316924.2959296005,2301699.8612458818,2286429.685863398,2271111.286784007,2255742.1242925352,2240319.600517421,2224841.0579554588,2209303.777959746,2193704.97918992,2178041.8160237223,2162311.3769289553,2146510.682794799,2130636.6852215184]],"stack":null}
[2026-03-03T08:59:09.950Z] {"timestamp":1772528349281,"level":"LOG","args":["[DEBUG] IRR calculated:","0.052731676639772296","as percentage:","5.27%"],"stack":null}
[2026-03-03T08:59:09.950Z] {"timestamp":1772528349281,"level":"LOG","args":["[DEBUG] IRR cashFlows:",[-23602995,2347245.6,2332105.4176000003,2316924.2959296005,2301699.8612458818,2286429.685863398,2271111.286784007,2255742.1242925352,2240319.600517421,2224841.0579554588,2209303.777959746,2193704.97918992,2178041.8160237223,2162311.3769289553,2146510.682794799,2130636.6852215184]],"stack":null}
[2026-03-03T08:59:09.950Z] {"timestamp":1772528349281,"level":"LOG","args":["[DEBUG] IRR calculated:","0.04865806819294149","as percentage:","4.87%"],"stack":null}
[2026-03-03T08:59:09.950Z] {"timestamp":1772528349282,"level":"LOG","args":["[DEBUG] IRR cashFlows:",[-24656970,2347245.6,2332105.4176000003,2316924.2959296005,2301699.8612458818,2286429.685863398,2271111.286784007,2255742.1242925352,2240319.600517421,2224841.0579554588,2209303.777959746,2193704.97918992,2178041.8160237223,2162311.3769289553,2146510.682794799,2130636.6852215184]],"stack":null}
[2026-03-03T08:59:09.950Z] {"timestamp":1772528349282,"level":"LOG","args":["[DEBUG] IRR calculated:","0.04218175772827382","as percentage:","4.22%"],"stack":null}
[2026-03-03T08:59:09.950Z] {"timestamp":1772528349282,"level":"LOG","args":["[DEBUG] IRR cashFlows:",[-26143920,2347245.6,2332105.4176000003,2316924.2959296005,2301699.8612458818,2286429.685863398,2271111.286784007,2255742.1242925352,2240319.600517421,2224841.0579554588,2209303.777959746,2193704.97918992,2178041.8160237223,2162311.3769289553,2146510.682794799,2130636.6852215184]],"stack":null}
[2026-03-03T08:59:09.950Z] {"timestamp":1772528349282,"level":"LOG","args":["[DEBUG] IRR calculated:","0.033719483105901414","as percentage:","3.37%"],"stack":null}
[2026-03-03T08:59:09.950Z] {"timestamp":1772528349283,"level":"LOG","args":["[DEBUG] IRR cashFlows:",[-22478470,2347245.6,2332105.4176000003,2316924.2959296005,2301699.8612458818,2286429.685863398,2271111.286784007,2255742.1242925352,2240319.600517421,2224841.0579554588,2209303.777959746,2193704.97918992,2178041.8160237223,2162311.3769289553,2146510.682794799,2130636.6852215184]],"stack":null}
[2026-03-03T08:59:09.950Z] {"timestamp":1772528349283,"level":"LOG","args":["[DEBUG] IRR calculated:","0.056068361975843424","as percentage:","5.61%"],"stack":null}
[2026-03-03T08:59:09.950Z] {"timestamp":1772528349283,"level":"LOG","args":["[DEBUG] IRR cashFlows:",[-22825770,2347245.6,2332105.4176000003,2316924.2959296005,2301699.8612458818,2286429.685863398,2271111.286784007,2255742.1242925352,2240319.600517421,2224841.0579554588,2209303.777959746,2193704.97918992,2178041.8160237223,2162311.3769289553,2146510.682794799,2130636.6852215184]],"stack":null}
[2026-03-03T08:59:09.950Z] {"timestamp":1772528349283,"level":"LOG","args":["[DEBUG] IRR calculated:","0.05372065646529879","as percentage:","5.37%"],"stack":null}
[2026-03-03T08:59:09.950Z] {"timestamp":1772528349283,"level":"LOG","args":["[DEBUG] IRR cashFlows:",[-23291520,2347245.6,2332105.4176000003,2316924.2959296005,2301699.8612458818,2286429.685863398,2271111.286784007,2255742.1242925352,2240319.600517421,2224841.0579554588,2209303.777959746,2193704.97918992,2178041.8160237223,2162311.3769289553,2146510.682794799,2130636.6852215184]],"stack":null}
[2026-03-03T08:59:09.950Z] {"timestamp":1772528349283,"level":"LOG","args":["[DEBUG] IRR calculated:","0.05065614821353178","as percentage:","5.07%"],"stack":null}
[2026-03-03T08:59:09.950Z] {"timestamp":1772528349284,"level":"LOG","args":["[DEBUG] IRR cashFlows:",[-23988995,2347245.6,2332105.4176000003,2316924.2959296005,2301699.8612458818,2286429.685863398,2271111.286784007,2255742.1242925352,2240319.600517421,2224841.0579554588,2209303.777959746,2193704.97918992,2178041.8160237223,2162311.3769289553,2146510.682794799,2130636.6852215184]],"stack":null}
[2026-03-03T08:59:09.950Z] {"timestamp":1772528349287,"level":"LOG","args":["[DEBUG] IRR calculated:","0.04623652840614501","as percentage:","4.62%"],"stack":null}
[2026-03-03T08:59:09.950Z] {"timestamp":1772528349290,"level":"LOG","args":["[DEBUG] IRR cashFlows:",[-25157970,2347245.6,2332105.4176000003,2316924.2959296005,2301699.8612458818,2286429.685863398,2271111.286784007,2255742.1242925352,2240319.600517421,2224841.0579554588,2209303.777959746,2193704.97918992,2178041.8160237223,2162311.3769289553,2146510.682794799,2130636.6852215184]],"stack":null}
[2026-03-03T08:59:09.950Z] {"timestamp":1772528349291,"level":"LOG","args":["[DEBUG] IRR calculated:","0.03924722036257719","as percentage:","3.92%"],"stack":null}
[2026-03-03T08:59:09.950Z] {"timestamp":1772528349291,"level":"LOG","args":["[DEBUG] IRR cashFlows:",[-26805920,2347245.6,2332105.4176000003,2316924.2959296005,2301699.8612458818,2286429.685863398,2271111.286784007,2255742.1242925352,2240319.600517421,2224841.0579554588,2209303.777959746,2193704.97918992,2178041.8160237223,2162311.3769289553,2146510.682794799,2130636.6852215184]],"stack":null}
[2026-03-03T08:59:09.950Z] {"timestamp":1772528349292,"level":"LOG","args":["[DEBUG] IRR calculated:","0.03017888385735712","as percentage:","3.02%"],"stack":null}
[2026-03-03T08:59:09.950Z] {"timestamp":1772528349292,"level":"LOG","args":["[DEBUG SENSITIVITY] Matrix minIrr:","0.03017888385735712","maxIrr:","0.07177519955991235","minIrr%:","3.02","maxIrr%:","7.18"],"stack":null}
[2026-03-03T08:59:09.950Z] {"timestamp":1772528349307,"level":"LOG","args":["[DEBUG] IRR cashFlows:",[-20052520,2347245.6,2332105.4176000003,2316924.2959296005,2301699.8612458818,2286429.685863398,2271111.286784007,2255742.1242925352,2240319.600517421,2224841.0579554588,2209303.777959746,2193704.97918992,2178041.8160237223,2162311.3769289553,2146510.682794799,2130636.6852215184]],"stack":null}
[2026-03-03T08:59:09.950Z] {"timestamp":1772528349308,"level":"LOG","args":["[DEBUG] IRR calculated:","0.0741731803149236","as percentage:","7.42%"],"stack":null}
[2026-03-03T08:59:09.950Z] {"timestamp":1772528349308,"level":"LOG","args":["[DEBUG] IRR cashFlows:",[-20349970,2347245.6,2332105.4176000003,2316924.2959296005,2301699.8612458818,2286429.685863398,2271111.286784007,2255742.1242925352,2240319.600517421,2224841.0579554588,2209303.777959746,2193704.97918992,2178041.8160237223,2162311.3769289553,2146510.682794799,2130636.6852215184]],"stack":null}
[2026-03-03T08:59:09.950Z] {"timestamp":1772528349308,"level":"LOG","args":["[DEBUG] IRR calculated:","0.07177519955991235","as percentage:","7.18%"],"stack":null}
[2026-03-03T08:59:09.950Z] {"timestamp":1772528349309,"level":"LOG","args":["[DEBUG SENSITIVITY] First cell (6kV, 1km):",{"lcoe":125.79290595909659,"irr":0.07177519955991235,"irrPercent":"7.18"}],"stack":null}
[2026-03-03T08:59:09.950Z] {"timestamp":1772528349309,"level":"LOG","args":["[DEBUG] IRR cashFlows:",[-20386770,2347245.6,2332105.4176000003,2316924.2959296005,2301699.8612458818,2286429.685863398,2271111.286784007,2255742.1242925352,2240319.600517421,2224841.0579554588,2209303.777959746,2193704.97918992,2178041.8160237223,2162311.3769289553,2146510.682794799,2130636.6852215184]],"stack":null}
[2026-03-03T08:59:09.950Z] {"timestamp":1772528349309,"level":"LOG","args":["[DEBUG] IRR calculated:","0.07148230806457223","as percentage:","7.15%"],"stack":null}
[2026-03-03T08:59:09.950Z] {"timestamp":1772528349309,"level":"LOG","args":["[DEBUG] IRR cashFlows:",[-20438520,2347245.6,2332105.4176000003,2316924.2959296005,2301699.8612458818,2286429.685863398,2271111.286784007,2255742.1242925352,2240319.600517421,2224841.0579554588,2209303.777959746,2193704.97918992,2178041.8160237223,2162311.3769289553,2146510.682794799,2130636.6852215184]],"stack":null}
[2026-03-03T08:59:09.950Z] {"timestamp":1772528349309,"level":"LOG","args":["[DEBUG] IRR calculated:","0.0710718143025396","as percentage:","7.11%"],"stack":null}
[2026-03-03T08:59:09.950Z] {"timestamp":1772528349309,"level":"LOG","args":["[DEBUG] IRR cashFlows:",[-20514995,2347245.6,2332105.4176000003,2316924.2959296005,2301699.8612458818,2286429.685863398,2271111.286784007,2255742.1242925352,2240319.600517421,2224841.0579554588,2209303.777959746,2193704.97918992,2178041.8160237223,2162311.3769289553,2146510.682794799,2130636.6852215184]],"stack":null}
[2026-03-03T08:59:09.950Z] {"timestamp":1772528349309,"level":"LOG","args":["[DEBUG] IRR calculated:","0.07046813757853714","as percentage:","7.05%"],"stack":null}
[2026-03-03T08:59:09.950Z] {"timestamp":1772528349309,"level":"LOG","args":["[DEBUG] IRR cashFlows:",[-20648970,2347245.6,2332105.4176000003,2316924.2959296005,2301699.8612458818,2286429.685863398,2271111.286784007,2255742.1242925352,2240319.600517421,2224841.0579554588,2209303.777959746,2193704.97918992,2178041.8160237223,2162311.3769289553,2146510.682794799,2130636.6852215184]],"stack":null}
[2026-03-03T08:59:09.950Z] {"timestamp":1772528349309,"level":"LOG","args":["[DEBUG] IRR calculated:","0.06941892935770344","as percentage:","6.94%"],"stack":null}
[2026-03-03T08:59:09.950Z] {"timestamp":1772528349309,"level":"LOG","args":["[DEBUG] IRR cashFlows:",[-20847920,2347245.6,2332105.4176000003,2316924.2959296005,2301699.8612458818,2286429.685863398,2271111.286784007,2255742.1242925352,2240319.600517421,2224841.0579554588,2209303.777959746,2193704.97918992,2178041.8160237223,2162311.3769289553,2146510.682794799,2130636.6852215184]],"stack":null}
[2026-03-03T08:59:09.950Z] {"timestamp":1772528349309,"level":"LOG","args":["[DEBUG] IRR calculated:","0.06788016749640302","as percentage:","6.79%"],"stack":null}
[2026-03-03T08:59:09.950Z] {"timestamp":1772528349309,"level":"LOG","args":["[DEBUG] IRR cashFlows:",[-20586470,2347245.6,2332105.4176000003,2316924.2959296005,2301699.8612458818,2286429.685863398,2271111.286784007,2255742.1242925352,2240319.600517421,2224841.0579554588,2209303.777959746,2193704.97918992,2178041.8160237223,2162311.3769289553,2146510.682794799,2130636.6852215184]],"stack":null}
[2026-03-03T08:59:09.950Z] {"timestamp":1772528349309,"level":"LOG","args":["[DEBUG] IRR calculated:","0.06990707417421428","as percentage:","6.99%"],"stack":null}
[2026-03-03T08:59:09.950Z] {"timestamp":1772528349309,"level":"LOG","args":["[DEBUG] IRR cashFlows:",[-20657770,2347245.6,2332105.4176000003,2316924.2959296005,2301699.8612458818,2286429.685863398,2271111.286784007,2255742.1242925352,2240319.600517421,2224841.0579554588,2209303.777959746,2193704.97918992,2178041.8160237223,2162311.3769289553,2146510.682794799,2130636.6852215184]],"stack":null}
[2026-03-03T08:59:09.950Z] {"timestamp":1772528349309,"level":"LOG","args":["[DEBUG] IRR calculated:","0.06935038224521865","as percentage:","6.94%"],"stack":null}
[2026-03-03T08:59:09.950Z] {"timestamp":1772528349309,"level":"LOG","args":["[DEBUG] IRR cashFlows:",[-20755520,2347245.6,2332105.4176000003,2316924.2959296005,2301699.8612458818,2286429.685863398,2271111.286784007,2255742.1242925352,2240319.600517421,2224841.0579554588,2209303.777959746,2193704.97918992,2178041.8160237223,2162311.3769289553,2146510.682794799,2130636.6852215184]],"stack":null}
[2026-03-03T08:59:09.950Z] {"timestamp":1772528349310,"level":"LOG","args":["[DEBUG] IRR calculated:","0.06859199042281805","as percentage:","6.86%"],"stack":null}
[2026-03-03T08:59:09.950Z] {"timestamp":1772528349310,"level":"LOG","args":["[DEBUG] IRR cashFlows:",[-20900995,2347245.6,2332105.4176000003,2316924.2959296005,2301699.8612458818,2286429.685863398,2271111.286784007,2255742.1242925352,2240319.600517421,2224841.0579554588,2209303.777959746,2193704.97918992,2178041.8160237223,2162311.3769289553,2146510.682794799,2130636.6852215184]],"stack":null}
[2026-03-03T08:59:09.950Z] {"timestamp":1772528349310,"level":"LOG","args":["[DEBUG] IRR calculated:","0.06747349355098918","as percentage:","6.75%"],"stack":null}
[2026-03-03T08:59:09.950Z] {"timestamp":1772528349310,"level":"LOG","args":["[DEBUG] IRR cashFlows:",[-21149970,2347245.6,2332105.4176000003,2316924.2959296005,2301699.8612458818,2286429.685863398,2271111.286784007,2255742.1242925352,2240319.600517421,2224841.0579554588,2209303.777959746,2193704.97918992,2178041.8160237223,2162311.3769289553,2146510.682794799,2130636.6852215184]],"stack":null}
[2026-03-03T08:59:09.950Z] {"timestamp":1772528349310,"level":"LOG","args":["[DEBUG] IRR calculated:","0.06558685445344957","as percentage:","6.56%"],"stack":null}
[2026-03-03T08:59:09.950Z] {"timestamp":1772528349315,"level":"LOG","args":["[DEBUG] IRR cashFlows:",[-21509920,2347245.6,2332105.4176000003,2316924.2959296005,2301699.8612458818,2286429.685863398,2271111.286784007,2255742.1242925352,2240319.600517421,2224841.0579554588,2209303.777959746,2193704.97918992,2178041.8160237223,2162311.3769289553,2146510.682794799,2130636.6852215184]],"stack":null}
[2026-03-03T08:59:09.950Z] {"timestamp":1772528349315,"level":"LOG","args":["[DEBUG] IRR calculated:","0.06291897990856639","as percentage:","6.29%"],"stack":null}
[2026-03-03T08:59:09.950Z] {"timestamp":1772528349315,"level":"LOG","args":["[DEBUG] IRR cashFlows:",[-20822970,2347245.6,2332105.4176000003,2316924.2959296005,2301699.8612458818,2286429.685863398,2271111.286784007,2255742.1242925352,2240319.600517421,2224841.0579554588,2209303.777959746,2193704.97918992,2178041.8160237223,2162311.3769289553,2146510.682794799,2130636.6852215184]],"stack":null}
[2026-03-03T08:59:09.950Z] {"timestamp":1772528349315,"level":"LOG","args":["[DEBUG] IRR calculated:","0.06807189383610872","as percentage:","6.81%"],"stack":null}
[2026-03-03T08:59:09.950Z] {"timestamp":1772528349315,"level":"LOG","args":["[DEBUG] IRR cashFlows:",[-20928770,2347245.6,2332105.4176000003,2316924.2959296005,2301699.8612458818,2286429.685863398,2271111.286784007,2255742.1242925352,2240319.600517421,2224841.0579554588,2209303.777959746,2193704.97918992,2178041.8160237223,2162311.3769289553,2146510.682794799,2130636.6852215184]],"stack":null}
[2026-03-03T08:59:09.950Z] {"timestamp":1772528349315,"level":"LOG","args":["[DEBUG] IRR calculated:","0.06726130973497235","as percentage:","6.73%"],"stack":null}
[2026-03-03T08:59:09.950Z] {"timestamp":1772528349315,"level":"LOG","args":["[DEBUG] IRR cashFlows:",[-21072520,2347245.6,2332105.4176000003,2316924.2959296005,2301699.8612458818,2286429.685863398,2271111.286784007,2255742.1242925352,2240319.600517421,2224841.0579554588,2209303.777959746,2193704.97918992,2178041.8160237223,2162311.3769289553,2146510.682794799,2130636.6852215184]],"stack":null}
[2026-03-03T08:59:09.950Z] {"timestamp":1772528349315,"level":"LOG","args":["[DEBUG] IRR calculated:","0.06617005552855004","as percentage:","6.62%"],"stack":null}
[2026-03-03T08:59:09.950Z] {"timestamp":1772528349315,"level":"LOG","args":["[DEBUG] IRR cashFlows:",[-21286995,2347245.6,2332105.4176000003,2316924.2959296005,2301699.8612458818,2286429.685863398,2271111.286784007,2255742.1242925352,2240319.600517421,2224841.0579554588,2209303.777959746,2193704.97918992,2178041.8160237223,2162311.3769289553,2146510.682794799,2130636.6852215184]],"stack":null}
[2026-03-03T08:59:09.950Z] {"timestamp":1772528349316,"level":"LOG","args":["[DEBUG] IRR calculated:","0.0645630715551585","as percentage:","6.46%"],"stack":null}
[2026-03-03T08:59:09.950Z] {"timestamp":1772528349316,"level":"LOG","args":["[DEBUG] IRR cashFlows:",[-21650970,2347245.6,2332105.4176000003,2316924.2959296005,2301699.8612458818,2286429.685863398,2271111.286784007,2255742.1242925352,2240319.600517421,2224841.0579554588,2209303.777959746,2193704.97918992,2178041.8160237223,2162311.3769289553,2146510.682794799,2130636.6852215184]],"stack":null}
[2026-03-03T08:59:09.950Z] {"timestamp":1772528349316,"level":"LOG","args":["[DEBUG] IRR calculated:","0.06189218671006957","as percentage:","6.19%"],"stack":null}
[2026-03-03T08:59:09.950Z] {"timestamp":1772528349316,"level":"LOG","args":["[DEBUG] IRR cashFlows:",[-22171920,2347245.6,2332105.4176000003,2316924.2959296005,2301699.8612458818,2286429.685863398,2271111.286784007,2255742.1242925352,2240319.600517421,2224841.0579554588,2209303.777959746,2193704.97918992,2178041.8160237223,2162311.3769289553,2146510.682794799,2130636.6852215184]],"stack":null}
[2026-03-03T08:59:09.950Z] {"timestamp":1772528349316,"level":"LOG","args":["[DEBUG] IRR calculated:","0.05818702567430744","as percentage:","5.82%"],"stack":null}
[2026-03-03T08:59:09.950Z] {"timestamp":1772528349316,"level":"LOG","args":["[DEBUG] IRR cashFlows:",[-21059470,2347245.6,2332105.4176000003,2316924.2959296005,2301699.8612458818,2286429.685863398,2271111.286784007,2255742.1242925352,2240319.600517421,2224841.0579554588,2209303.777959746,2193704.97918992,2178041.8160237223,2162311.3769289553,2146510.682794799,2130636.6852215184]],"stack":null}
[2026-03-03T08:59:09.950Z] {"timestamp":1772528349316,"level":"LOG","args":["[DEBUG] IRR calculated:","0.06626864791267574","as percentage:","6.63%"],"stack":null}
[2026-03-03T08:59:09.950Z] {"timestamp":1772528349316,"level":"LOG","args":["[DEBUG] IRR cashFlows:",[-21199770,2347245.6,2332105.4176000003,2316924.2959296005,2301699.8612458818,2286429.685863398,2271111.286784007,2255742.1242925352,2240319.600517421,2224841.0579554588,2209303.777959746,2193704.97918992,2178041.8160237223,2162311.3769289553,2146510.682794799,2130636.6852215184]],"stack":null}
[2026-03-03T08:59:09.950Z] {"timestamp":1772528349316,"level":"LOG","args":["[DEBUG] IRR calculated:","0.06521359458773965","as percentage:","6.52%"],"stack":null}
[2026-03-03T08:59:09.950Z] {"timestamp":1772528349316,"level":"LOG","args":["[DEBUG] IRR cashFlows:",[-21389520,2347245.6,2332105.4176000003,2316924.2959296005,2301699.8612458818,2286429.685863398,2271111.286784007,2255742.1242925352,2240319.600517421,2224841.0579554588,2209303.777959746,2193704.97918992,2178041.8160237223,2162311.3769289553,2146510.682794799,2130636.6852215184]],"stack":null}
[2026-03-03T08:59:09.950Z] {"timestamp":1772528349316,"level":"LOG","args":["[DEBUG] IRR calculated:","0.06380366768687844","as percentage:","6.38%"],"stack":null}
[2026-03-03T08:59:09.950Z] {"timestamp":1772528349316,"level":"LOG","args":["[DEBUG] IRR cashFlows:",[-21672995,2347245.6,2332105.4176000003,2316924.2959296005,2301699.8612458818,2286429.685863398,2271111.286784007,2255742.1242925352,2240319.600517421,2224841.0579554588,2209303.777959746,2193704.97918992,2178041.8160237223,2162311.3769289553,2146510.682794799,2130636.6852215184]],"stack":null}
[2026-03-03T08:59:09.950Z] {"timestamp":1772528349316,"level":"LOG","args":["[DEBUG] IRR calculated:","0.06173277934950446","as percentage:","6.17%"],"stack":null}
[2026-03-03T08:59:09.950Z] {"timestamp":1772528349316,"level":"LOG","args":["[DEBUG] IRR cashFlows:",[-22151970,2347245.6,2332105.4176000003,2316924.2959296005,2301699.8612458818,2286429.685863398,2271111.286784007,2255742.1242925352,2240319.600517421,2224841.0579554588,2209303.777959746,2193704.97918992,2178041.8160237223,2162311.3769289553,2146510.682794799,2130636.6852215184]],"stack":null}
[2026-03-03T08:59:09.950Z] {"timestamp":1772528349316,"level":"LOG","args":["[DEBUG] IRR calculated:","0.058326456314478206","as percentage:","5.83%"],"stack":null}
[2026-03-03T08:59:09.950Z] {"timestamp":1772528349316,"level":"LOG","args":["[DEBUG] IRR cashFlows:",[-22833920,2347245.6,2332105.4176000003,2316924.2959296005,2301699.8612458818,2286429.685863398,2271111.286784007,2255742.1242925352,2240319.600517421,2224841.0579554588,2209303.777959746,2193704.97918992,2178041.8160237223,2162311.3769289553,2146510.682794799,2130636.6852215184]],"stack":null}
[2026-03-03T08:59:09.950Z] {"timestamp":1772528349316,"level":"LOG","args":["[DEBUG] IRR calculated:","0.05366621689490418","as percentage:","5.37%"],"stack":null}
[2026-03-03T08:59:09.950Z] {"timestamp":1772528349317,"level":"LOG","args":["[DEBUG] IRR cashFlows:",[-21295970,2347245.6,2332105.4176000003,2316924.2959296005,2301699.8612458818,2286429.685863398,2271111.286784007,2255742.1242925352,2240319.600517421,2224841.0579554588,2209303.777959746,2193704.97918992,2178041.8160237223,2162311.3769289553,2146510.682794799,2130636.6852215184]],"stack":null}
[2026-03-03T08:59:09.950Z] {"timestamp":1772528349317,"level":"LOG","args":["[DEBUG] IRR calculated:","0.06449636898574769","as percentage:","6.45%"],"stack":null}
[2026-03-03T08:59:09.950Z] {"timestamp":1772528349317,"level":"LOG","args":["[DEBUG] IRR cashFlows:",[-21470770,2347245.6,2332105.4176000003,2316924.2959296005,2301699.8612458818,2286429.685863398,2271111.286784007,2255742.1242925352,2240319.600517421,2224841.0579554588,2209303.777959746,2193704.97918992,2178041.8160237223,2162311.3769289553,2146510.682794799,2130636.6852215184]],"stack":null}
[2026-03-03T08:59:09.950Z] {"timestamp":1772528349317,"level":"LOG","args":["[DEBUG] IRR calculated:","0.06320581353613193","as percentage:","6.32%"],"stack":null}
[2026-03-03T08:59:09.950Z] {"timestamp":1772528349317,"level":"LOG","args":["[DEBUG] IRR cashFlows:",[-21706520,2347245.6,2332105.4176000003,2316924.2959296005,2301699.8612458818,2286429.685863398,2271111.286784007,2255742.1242925352,2240319.600517421,2224841.0579554588,2209303.777959746,2193704.97918992,2178041.8160237223,2162311.3769289553,2146510.682794799,2130636.6852215184]],"stack":null}
[2026-03-03T08:59:09.950Z] {"timestamp":1772528349317,"level":"LOG","args":["[DEBUG] IRR calculated:","0.06149061655758006","as percentage:","6.15%"],"stack":null}
[2026-03-03T08:59:09.950Z] {"timestamp":1772528349317,"level":"LOG","args":["[DEBUG] IRR cashFlows:",[-22058995,2347245.6,2332105.4176000003,2316924.2959296005,2301699.8612458818,2286429.685863398,2271111.286784007,2255742.1242925352,2240319.600517421,2224841.0579554588,2209303.777959746,2193704.97918992,2178041.8160237223,2162311.3769289553,2146510.682794799,2130636.6852215184]],"stack":null}
[2026-03-03T08:59:09.950Z] {"timestamp":1772528349317,"level":"LOG","args":["[DEBUG] IRR calculated:","0.05897880004117878","as percentage:","5.90%"],"stack":null}
[2026-03-03T08:59:09.950Z] {"timestamp":1772528349317,"level":"LOG","args":["[DEBUG] IRR cashFlows:",[-22652970,2347245.6,2332105.4176000003,2316924.2959296005,2301699.8612458818,2286429.685863398,2271111.286784007,2255742.1242925352,2240319.600517421,2224841.0579554588,2209303.777959746,2193704.97918992,2178041.8160237223,2162311.3769289553,2146510.682794799,2130636.6852215184]],"stack":null}
[2026-03-03T08:59:09.950Z] {"timestamp":1772528349317,"level":"LOG","args":["[DEBUG] IRR calculated:","0.05488191300298694","as percentage:","5.49%"],"stack":null}
[2026-03-03T08:59:09.950Z] {"timestamp":1772528349317,"level":"LOG","args":["[DEBUG] IRR cashFlows:",[-23495920,2347245.6,2332105.4176000003,2316924.2959296005,2301699.8612458818,2286429.685863398,2271111.286784007,2255742.1242925352,2240319.600517421,2224841.0579554588,2209303.777959746,2193704.97918992,2178041.8160237223,2162311.3769289553,2146510.682794799,2130636.6852215184]],"stack":null}
[2026-03-03T08:59:09.950Z] {"timestamp":1772528349317,"level":"LOG","args":["[DEBUG] IRR calculated:","0.04934042050246808","as percentage:","4.93%"],"stack":null}
[2026-03-03T08:59:09.950Z] {"timestamp":1772528349317,"level":"LOG","args":["[DEBUG] IRR cashFlows:",[-21532470,2347245.6,2332105.4176000003,2316924.2959296005,2301699.8612458818,2286429.685863398,2271111.286784007,2255742.1242925352,2240319.600517421,2224841.0579554588,2209303.777959746,2193704.97918992,2178041.8160237223,2162311.3769289553,2146510.682794799,2130636.6852215184]],"stack":null}
[2026-03-03T08:59:09.950Z] {"timestamp":1772528349317,"level":"LOG","args":["[DEBUG] IRR calculated:","0.06275413050974829","as percentage:","6.28%"],"stack":null}
[2026-03-03T08:59:09.950Z] {"timestamp":1772528349317,"level":"LOG","args":["[DEBUG] IRR cashFlows:",[-21741770,2347245.6,2332105.4176000003,2316924.2959296005,2301699.8612458818,2286429.685863398,2271111.286784007,2255742.1242925352,2240319.600517421,2224841.0579554588,2209303.777959746,2193704.97918992,2178041.8160237223,2162311.3769289553,2146510.682794799,2130636.6852215184]],"stack":null}
[2026-03-03T08:59:09.950Z] {"timestamp":1772528349317,"level":"LOG","args":["[DEBUG] IRR calculated:","0.06123661152255621","as percentage:","6.12%"],"stack":null}
[2026-03-03T08:59:09.950Z] {"timestamp":1772528349317,"level":"LOG","args":["[DEBUG] IRR cashFlows:",[-22023520,2347245.6,2332105.4176000003,2316924.2959296005,2301699.8612458818,2286429.685863398,2271111.286784007,2255742.1242925352,2240319.600517421,2224841.0579554588,2209303.777959746,2193704.97918992,2178041.8160237223,2162311.3769289553,2146510.682794799,2130636.6852215184]],"stack":null}
[2026-03-03T08:59:09.950Z] {"timestamp":1772528349317,"level":"LOG","args":["[DEBUG] IRR calculated:","0.059228814052242125","as percentage:","5.92%"],"stack":null}
[2026-03-03T08:59:09.950Z] {"timestamp":1772528349317,"level":"LOG","args":["[DEBUG] IRR cashFlows:",[-22444995,2347245.6,2332105.4176000003,2316924.2959296005,2301699.8612458818,2286429.685863398,2271111.286784007,2255742.1242925352,2240319.600517421,2224841.0579554588,2209303.777959746,2193704.97918992,2178041.8160237223,2162311.3769289553,2146510.682794799,2130636.6852215184]],"stack":null}
[2026-03-03T08:59:09.950Z] {"timestamp":1772528349317,"level":"LOG","args":["[DEBUG] IRR calculated:","0.05629756874796891","as percentage:","5.63%"],"stack":null}
[2026-03-03T08:59:09.950Z] {"timestamp":1772528349317,"level":"LOG","args":["[DEBUG] IRR cashFlows:",[-23153970,2347245.6,2332105.4176000003,2316924.2959296005,2301699.8612458818,2286429.685863398,2271111.286784007,2255742.1242925352,2240319.600517421,2224841.0579554588,2209303.777959746,2193704.97918992,2178041.8160237223,2162311.3769289553,2146510.682794799,2130636.6852215184]],"stack":null}
[2026-03-03T08:59:09.950Z] {"timestamp":1772528349317,"level":"LOG","args":["[DEBUG] IRR calculated:","0.05155144940558404","as percentage:","5.16%"],"stack":null}
[2026-03-03T08:59:09.950Z] {"timestamp":1772528349317,"level":"LOG","args":["[DEBUG] IRR cashFlows:",[-24157920,2347245.6,2332105.4176000003,2316924.2959296005,2301699.8612458818,2286429.685863398,2271111.286784007,2255742.1242925352,2240319.600517421,2224841.0579554588,2209303.777959746,2193704.97918992,2178041.8160237223,2162311.3769289553,2146510.682794799,2130636.6852215184]],"stack":null}
[2026-03-03T08:59:09.950Z] {"timestamp":1772528349317,"level":"LOG","args":["[DEBUG] IRR calculated:","0.045195194883333435","as percentage:","4.52%"],"stack":null}
[2026-03-03T08:59:09.950Z] {"timestamp":1772528349317,"level":"LOG","args":["[DEBUG] IRR cashFlows:",[-21768970,2347245.6,2332105.4176000003,2316924.2959296005,2301699.8612458818,2286429.685863398,2271111.286784007,2255742.1242925352,2240319.600517421,2224841.0579554588,2209303.777959746,2193704.97918992,2178041.8160237223,2162311.3769289553,2146510.682794799,2130636.6852215184]],"stack":null}
[2026-03-03T08:59:09.950Z] {"timestamp":1772528349317,"level":"LOG","args":["[DEBUG] IRR calculated:","0.06104104462173326","as percentage:","6.10%"],"stack":null}
[2026-03-03T08:59:09.950Z] {"timestamp":1772528349317,"level":"LOG","args":["[DEBUG] IRR cashFlows:",[-22012770,2347245.6,2332105.4176000003,2316924.2959296005,2301699.8612458818,2286429.685863398,2271111.286784007,2255742.1242925352,2240319.600517421,2224841.0579554588,2209303.777959746,2193704.97918992,2178041.8160237223,2162311.3769289553,2146510.682794799,2130636.6852215184]],"stack":null}
[2026-03-03T08:59:09.950Z] {"timestamp":1772528349317,"level":"LOG","args":["[DEBUG] IRR calculated:","0.059304697559518414","as percentage:","5.93%"],"stack":null}
[2026-03-03T08:59:09.950Z] {"timestamp":1772528349318,"level":"LOG","args":["[DEBUG] IRR cashFlows:",[-22340520,2347245.6,2332105.4176000003,2316924.2959296005,2301699.8612458818,2286429.685863398,2271111.286784007,2255742.1242925352,2240319.600517421,2224841.0579554588,2209303.777959746,2193704.97918992,2178041.8160237223,2162311.3769289553,2146510.682794799,2130636.6852215184]],"stack":null}
[2026-03-03T08:59:09.950Z] {"timestamp":1772528349318,"level":"LOG","args":["[DEBUG] IRR calculated:","0.057016285787792935","as percentage:","5.70%"],"stack":null}
[2026-03-03T08:59:09.950Z] {"timestamp":1772528349318,"level":"LOG","args":["[DEBUG] IRR cashFlows:",[-22830995,2347245.6,2332105.4176000003,2316924.2959296005,2301699.8612458818,2286429.685863398,2271111.286784007,2255742.1242925352,2240319.600517421,2224841.0579554588,2209303.777959746,2193704.97918992,2178041.8160237223,2162311.3769289553,2146510.682794799,2130636.6852215184]],"stack":null}
[2026-03-03T08:59:09.950Z] {"timestamp":1772528349318,"level":"LOG","args":["[DEBUG] IRR calculated:","0.05368575162351055","as percentage:","5.37%"],"stack":null}
[2026-03-03T08:59:09.950Z] {"timestamp":1772528349318,"level":"LOG","args":["[DEBUG] IRR cashFlows:",[-23654970,2347245.6,2332105.4176000003,2316924.2959296005,2301699.8612458818,2286429.685863398,2271111.286784007,2255742.1242925352,2240319.600517421,2224841.0579554588,2209303.777959746,2193704.97918992,2178041.8160237223,2162311.3769289553,2146510.682794799,2130636.6852215184]],"stack":null}
[2026-03-03T08:59:09.950Z] {"timestamp":1772528349318,"level":"LOG","args":["[DEBUG] IRR calculated:","0.04832853410409416","as percentage:","4.83%"],"stack":null}
[2026-03-03T08:59:09.950Z] {"timestamp":1772528349318,"level":"LOG","args":["[DEBUG] IRR cashFlows:",[-24819920,2347245.6,2332105.4176000003,2316924.2959296005,2301699.8612458818,2286429.685863398,2271111.286784007,2255742.1242925352,2240319.600517421,2224841.0579554588,2209303.777959746,2193704.97918992,2178041.8160237223,2162311.3769289553,2146510.682794799,2130636.6852215184]],"stack":null}
[2026-03-03T08:59:09.950Z] {"timestamp":1772528349323,"level":"LOG","args":["[DEBUG] IRR calculated:","0.04121756847793395","as percentage:","4.12%"],"stack":null}
[2026-03-03T08:59:09.950Z] {"timestamp":1772528349323,"level":"LOG","args":["[DEBUG] IRR cashFlows:",[-22005470,2347245.6,2332105.4176000003,2316924.2959296005,2301699.8612458818,2286429.685863398,2271111.286784007,2255742.1242925352,2240319.600517421,2224841.0579554588,2209303.777959746,2193704.97918992,2178041.8160237223,2162311.3769289553,2146510.682794799,2130636.6852215184]],"stack":null}
[2026-03-03T08:59:09.950Z] {"timestamp":1772528349323,"level":"LOG","args":["[DEBUG] IRR calculated:","0.05935626009265614","as percentage:","5.94%"],"stack":null}
[2026-03-03T08:59:09.950Z] {"timestamp":1772528349323,"level":"LOG","args":["[DEBUG] IRR cashFlows:",[-22283770,2347245.6,2332105.4176000003,2316924.2959296005,2301699.8612458818,2286429.685863398,2271111.286784007,2255742.1242925352,2240319.600517421,2224841.0579554588,2209303.777959746,2193704.97918992,2178041.8160237223,2162311.3769289553,2146510.682794799,2130636.6852215184]],"stack":null}
[2026-03-03T08:59:09.950Z] {"timestamp":1772528349323,"level":"LOG","args":["[DEBUG] IRR calculated:","0.05740884089179996","as percentage:","5.74%"],"stack":null}
[2026-03-03T08:59:09.950Z] {"timestamp":1772528349323,"level":"LOG","args":["[DEBUG] IRR cashFlows:",[-22657520,2347245.6,2332105.4176000003,2316924.2959296005,2301699.8612458818,2286429.685863398,2271111.286784007,2255742.1242925352,2240319.600517421,2224841.0579554588,2209303.777959746,2193704.97918992,2178041.8160237223,2162311.3769289553,2146510.682794799,2130636.6852215184]],"stack":null}
[2026-03-03T08:59:09.950Z] {"timestamp":1772528349323,"level":"LOG","args":["[DEBUG] IRR calculated:","0.05485116325604188","as percentage:","5.49%"],"stack":null}
[2026-03-03T08:59:09.950Z] {"timestamp":1772528349323,"level":"LOG","args":["[DEBUG] IRR cashFlows:",[-23216995,2347245.6,2332105.4176000003,2316924.2959296005,2301699.8612458818,2286429.685863398,2271111.286784007,2255742.1242925352,2240319.600517421,2224841.0579554588,2209303.777959746,2193704.97918992,2178041.8160237223,2162311.3769289553,2146510.682794799,2130636.6852215184]],"stack":null}
[2026-03-03T08:59:09.950Z] {"timestamp":1772528349323,"level":"LOG","args":["[DEBUG] IRR calculated:","0.05114022696919229","as percentage:","5.11%"],"stack":null}
[2026-03-03T08:59:09.950Z] {"timestamp":1772528349323,"level":"LOG","args":["[DEBUG] IRR cashFlows:",[-24155970,2347245.6,2332105.4176000003,2316924.2959296005,2301699.8612458818,2286429.685863398,2271111.286784007,2255742.1242925352,2240319.600517421,2224841.0579554588,2209303.777959746,2193704.97918992,2178041.8160237223,2162311.3769289553,2146510.682794799,2130636.6852215184]],"stack":null}
[2026-03-03T08:59:09.950Z] {"timestamp":1772528349323,"level":"LOG","args":["[DEBUG] IRR calculated:","0.04520715298860184","as percentage:","4.52%"],"stack":null}
[2026-03-03T08:59:09.950Z] {"timestamp":1772528349323,"level":"LOG","args":["[DEBUG] IRR cashFlows:",[-25481920,2347245.6,2332105.4176000003,2316924.2959296005,2301699.8612458818,2286429.685863398,2271111.286784007,2255742.1242925352,2240319.600517421,2224841.0579554588,2209303.777959746,2193704.97918992,2178041.8160237223,2162311.3769289553,2146510.682794799,2130636.6852215184]],"stack":null}
[2026-03-03T08:59:09.950Z] {"timestamp":1772528349323,"level":"LOG","args":["[DEBUG] IRR calculated:","0.037395852703504665","as percentage:","3.74%"],"stack":null}
[2026-03-03T08:59:09.950Z] {"timestamp":1772528349323,"level":"LOG","args":["[DEBUG] IRR cashFlows:",[-22241970,2347245.6,2332105.4176000003,2316924.2959296005,2301699.8612458818,2286429.685863398,2271111.286784007,2255742.1242925352,2240319.600517421,2224841.0579554588,2209303.777959746,2193704.97918992,2178041.8160237223,2162311.3769289553,2146510.682794799,2130636.6852215184]],"stack":null}
[2026-03-03T08:59:09.950Z] {"timestamp":1772528349323,"level":"LOG","args":["[DEBUG] IRR calculated:","0.057698960409099886","as percentage:","5.77%"],"stack":null}
[2026-03-03T08:59:09.950Z] {"timestamp":1772528349323,"level":"LOG","args":["[DEBUG] IRR cashFlows:",[-22554770,2347245.6,2332105.4176000003,2316924.2959296005,2301699.8612458818,2286429.685863398,2271111.286784007,2255742.1242925352,2240319.600517421,2224841.0579554588,2209303.777959746,2193704.97918992,2178041.8160237223,2162311.3769289553,2146510.682794799,2130636.6852215184]],"stack":null}
[2026-03-03T08:59:09.950Z] {"timestamp":1772528349323,"level":"LOG","args":["[DEBUG] IRR calculated:","0.05554786743469476","as percentage:","5.55%"],"stack":null}
[2026-03-03T08:59:09.950Z] {"timestamp":1772528349323,"level":"LOG","args":["[DEBUG] IRR cashFlows:",[-22974520,2347245.6,2332105.4176000003,2316924.2959296005,2301699.8612458818,2286429.685863398,2271111.286784007,2255742.1242925352,2240319.600517421,2224841.0579554588,2209303.777959746,2193704.97918992,2178041.8160237223,2162311.3769289553,2146510.682794799,2130636.6852215184]],"stack":null}
[2026-03-03T08:59:09.950Z] {"timestamp":1772528349323,"level":"LOG","args":["[DEBUG] IRR calculated:","0.052731676639772296","as percentage:","5.27%"],"stack":null}
[2026-03-03T08:59:09.950Z] {"timestamp":1772528349323,"level":"LOG","args":["[DEBUG] IRR cashFlows:",[-23602995,2347245.6,2332105.4176000003,2316924.2959296005,2301699.8612458818,2286429.685863398,2271111.286784007,2255742.1242925352,2240319.600517421,2224841.0579554588,2209303.777959746,2193704.97918992,2178041.8160237223,2162311.3769289553,2146510.682794799,2130636.6852215184]],"stack":null}
[2026-03-03T08:59:09.950Z] {"timestamp":1772528349324,"level":"LOG","args":["[DEBUG] IRR calculated:","0.04865806819294149","as percentage:","4.87%"],"stack":null}
[2026-03-03T08:59:09.950Z] {"timestamp":1772528349324,"level":"LOG","args":["[DEBUG] IRR cashFlows:",[-24656970,2347245.6,2332105.4176000003,2316924.2959296005,2301699.8612458818,2286429.685863398,2271111.286784007,2255742.1242925352,2240319.600517421,2224841.0579554588,2209303.777959746,2193704.97918992,2178041.8160237223,2162311.3769289553,2146510.682794799,2130636.6852215184]],"stack":null}
[2026-03-03T08:59:09.950Z] {"timestamp":1772528349324,"level":"LOG","args":["[DEBUG] IRR calculated:","0.04218175772827382","as percentage:","4.22%"],"stack":null}
[2026-03-03T08:59:09.950Z] {"timestamp":1772528349324,"level":"LOG","args":["[DEBUG] IRR cashFlows:",[-26143920,2347245.6,2332105.4176000003,2316924.2959296005,2301699.8612458818,2286429.685863398,2271111.286784007,2255742.1242925352,2240319.600517421,2224841.0579554588,2209303.777959746,2193704.97918992,2178041.8160237223,2162311.3769289553,2146510.682794799,2130636.6852215184]],"stack":null}
[2026-03-03T08:59:09.950Z] {"timestamp":1772528349324,"level":"LOG","args":["[DEBUG] IRR calculated:","0.033719483105901414","as percentage:","3.37%"],"stack":null}
[2026-03-03T08:59:09.950Z] {"timestamp":1772528349324,"level":"LOG","args":["[DEBUG] IRR cashFlows:",[-22478470,2347245.6,2332105.4176000003,2316924.2959296005,2301699.8612458818,2286429.685863398,2271111.286784007,2255742.1242925352,2240319.600517421,2224841.0579554588,2209303.777959746,2193704.97918992,2178041.8160237223,2162311.3769289553,2146510.682794799,2130636.6852215184]],"stack":null}
[2026-03-03T08:59:09.950Z] {"timestamp":1772528349324,"level":"LOG","args":["[DEBUG] IRR calculated:","0.056068361975843424","as percentage:","5.61%"],"stack":null}
[2026-03-03T08:59:09.950Z] {"timestamp":1772528349324,"level":"LOG","args":["[DEBUG] IRR cashFlows:",[-22825770,2347245.6,2332105.4176000003,2316924.2959296005,2301699.8612458818,2286429.685863398,2271111.286784007,2255742.1242925352,2240319.600517421,2224841.0579554588,2209303.777959746,2193704.97918992,2178041.8160237223,2162311.3769289553,2146510.682794799,2130636.6852215184]],"stack":null}
[2026-03-03T08:59:09.950Z] {"timestamp":1772528349324,"level":"LOG","args":["[DEBUG] IRR calculated:","0.05372065646529879","as percentage:","5.37%"],"stack":null}
[2026-03-03T08:59:09.950Z] {"timestamp":1772528349324,"level":"LOG","args":["[DEBUG] IRR cashFlows:",[-23291520,2347245.6,2332105.4176000003,2316924.2959296005,2301699.8612458818,2286429.685863398,2271111.286784007,2255742.1242925352,2240319.600517421,2224841.0579554588,2209303.777959746,2193704.97918992,2178041.8160237223,2162311.3769289553,2146510.682794799,2130636.6852215184]],"stack":null}
[2026-03-03T08:59:09.950Z] {"timestamp":1772528349324,"level":"LOG","args":["[DEBUG] IRR calculated:","0.05065614821353178","as percentage:","5.07%"],"stack":null}
[2026-03-03T08:59:09.950Z] {"timestamp":1772528349324,"level":"LOG","args":["[DEBUG] IRR cashFlows:",[-23988995,2347245.6,2332105.4176000003,2316924.2959296005,2301699.8612458818,2286429.685863398,2271111.286784007,2255742.1242925352,2240319.600517421,2224841.0579554588,2209303.777959746,2193704.97918992,2178041.8160237223,2162311.3769289553,2146510.682794799,2130636.6852215184]],"stack":null}
[2026-03-03T08:59:09.950Z] {"timestamp":1772528349324,"level":"LOG","args":["[DEBUG] IRR calculated:","0.04623652840614501","as percentage:","4.62%"],"stack":null}
[2026-03-03T08:59:09.950Z] {"timestamp":1772528349324,"level":"LOG","args":["[DEBUG] IRR cashFlows:",[-25157970,2347245.6,2332105.4176000003,2316924.2959296005,2301699.8612458818,2286429.685863398,2271111.286784007,2255742.1242925352,2240319.600517421,2224841.0579554588,2209303.777959746,2193704.97918992,2178041.8160237223,2162311.3769289553,2146510.682794799,2130636.6852215184]],"stack":null}
[2026-03-03T08:59:09.950Z] {"timestamp":1772528349324,"level":"LOG","args":["[DEBUG] IRR calculated:","0.03924722036257719","as percentage:","3.92%"],"stack":null}
[2026-03-03T08:59:09.950Z] {"timestamp":1772528349324,"level":"LOG","args":["[DEBUG] IRR cashFlows:",[-26805920,2347245.6,2332105.4176000003,2316924.2959296005,2301699.8612458818,2286429.685863398,2271111.286784007,2255742.1242925352,2240319.600517421,2224841.0579554588,2209303.777959746,2193704.97918992,2178041.8160237223,2162311.3769289553,2146510.682794799,2130636.6852215184]],"stack":null}
[2026-03-03T08:59:09.950Z] {"timestamp":1772528349324,"level":"LOG","args":["[DEBUG] IRR calculated:","0.03017888385735712","as percentage:","3.02%"],"stack":null}
[2026-03-03T08:59:09.950Z] {"timestamp":1772528349324,"level":"LOG","args":["[DEBUG SENSITIVITY] Matrix minIrr:","0.03017888385735712","maxIrr:","0.07177519955991235","minIrr%:","3.02","maxIrr%:","7.18"],"stack":null}
[2026-03-03T08:59:09.950Z] {"timestamp":1772528349350,"level":"WARN","args":["The width(0) and height(0) of chart should be greater than 0,\n       please check the style of container, or the props width(100%) and height(100%),\n       or add a minWidth(0) or minHeight(undefined) or use aspect(undefined) to control the\n       height and width."],"stack":null}
[2026-03-03T08:59:09.950Z] {"timestamp":1772528349519,"level":"LOG","args":["[DEBUG] IRR cashFlows:",[-20880146,2347245.6,2332105.4176000003,2316924.2959296005,2301699.8612458818,2286429.685863398,2271111.286784007,2255742.1242925352,2240319.600517421,2224841.0579554588,2209303.777959746,2193704.97918992,2178041.8160237223,2162311.3769289553,2146510.682794799,2130636.6852215184]],"stack":null}
[2026-03-03T08:59:09.950Z] {"timestamp":1772528349519,"level":"LOG","args":["[DEBUG] IRR calculated:","0.06763305336223482","as percentage:","6.76%"],"stack":null}
[2026-03-03T08:59:09.950Z] {"timestamp":1772528349519,"level":"LOG","args":["[DEBUG] IRR cashFlows:",[-17563783,2347245.6,2332105.4176000003,2316924.2959296005,2301699.8612458818,2286429.685863398,2271111.286784007,2255742.1242925352,2240319.600517421,2224841.0579554588,2209303.777959746,2193704.97918992,2178041.8160237223,2162311.3769289553,2146510.682794799,2130636.6852215184]],"stack":null}
[2026-03-03T08:59:09.950Z] {"timestamp":1772528349519,"level":"LOG","args":["[DEBUG] IRR calculated:","0.09668003628438167","as percentage:","9.67%"],"stack":null}
[2026-03-03T08:59:09.950Z] {"timestamp":1772528349519,"level":"LOG","args":["[DEBUG SENSITIVITY] First cell (6kV, 1km):",{"lcoe":111.65215894520438,"irr":0.09668003628438167,"irrPercent":"9.67"}],"stack":null}
[2026-03-03T08:59:09.950Z] {"timestamp":1772528349520,"level":"LOG","args":["[DEBUG] IRR cashFlows:",[-17600583,2347245.6,2332105.4176000003,2316924.2959296005,2301699.8612458818,2286429.685863398,2271111.286784007,2255742.1242925352,2240319.600517421,2224841.0579554588,2209303.777959746,2193704.97918992,2178041.8160237223,2162311.3769289553,2146510.682794799,2130636.6852215184]],"stack":null}
[2026-03-03T08:59:09.950Z] {"timestamp":1772528349520,"level":"LOG","args":["[DEBUG] IRR calculated:","0.09631090168591055","as percentage:","9.63%"],"stack":null}
[2026-03-03T08:59:09.950Z] {"timestamp":1772528349520,"level":"LOG","args":["[DEBUG] IRR cashFlows:",[-17652333,2347245.6,2332105.4176000003,2316924.2959296005,2301699.8612458818,2286429.685863398,2271111.286784007,2255742.1242925352,2240319.600517421,2224841.0579554588,2209303.777959746,2193704.97918992,2178041.8160237223,2162311.3769289553,2146510.682794799,2130636.6852215184]],"stack":null}
[2026-03-03T08:59:09.950Z] {"timestamp":1772528349520,"level":"LOG","args":["[DEBUG] IRR calculated:","0.09579388264387743","as percentage:","9.58%"],"stack":null}
[2026-03-03T08:59:09.950Z] {"timestamp":1772528349520,"level":"LOG","args":["[DEBUG] IRR cashFlows:",[-17728808,2347245.6,2332105.4176000003,2316924.2959296005,2301699.8612458818,2286429.685863398,2271111.286784007,2255742.1242925352,2240319.600517421,2224841.0579554588,2209303.777959746,2193704.97918992,2178041.8160237223,2162311.3769289553,2146510.682794799,2130636.6852215184]],"stack":null}
[2026-03-03T08:59:09.950Z] {"timestamp":1772528349520,"level":"LOG","args":["[DEBUG] IRR calculated:","0.09503424850781635","as percentage:","9.50%"],"stack":null}
[2026-03-03T08:59:09.950Z] {"timestamp":1772528349520,"level":"LOG","args":["[DEBUG] IRR cashFlows:",[-17862783,2347245.6,2332105.4176000003,2316924.2959296005,2301699.8612458818,2286429.685863398,2271111.286784007,2255742.1242925352,2240319.600517421,2224841.0579554588,2209303.777959746,2193704.97918992,2178041.8160237223,2162311.3769289553,2146510.682794799,2130636.6852215184]],"stack":null}
[2026-03-03T08:59:09.950Z] {"timestamp":1772528349520,"level":"LOG","args":["[DEBUG] IRR calculated:","0.09371595446422029","as percentage:","9.37%"],"stack":null}
[2026-03-03T08:59:09.950Z] {"timestamp":1772528349520,"level":"LOG","args":["[DEBUG] IRR cashFlows:",[-18061733,2347245.6,2332105.4176000003,2316924.2959296005,2301699.8612458818,2286429.685863398,2271111.286784007,2255742.1242925352,2240319.600517421,2224841.0579554588,2209303.777959746,2193704.97918992,2178041.8160237223,2162311.3769289553,2146510.682794799,2130636.6852215184]],"stack":null}
[2026-03-03T08:59:09.950Z] {"timestamp":1772528349520,"level":"LOG","args":["[DEBUG] IRR calculated:","0.09178704933593677","as percentage:","9.18%"],"stack":null}
[2026-03-03T08:59:09.950Z] {"timestamp":1772528349520,"level":"LOG","args":["[DEBUG] IRR cashFlows:",[-17800283,2347245.6,2332105.4176000003,2316924.2959296005,2301699.8612458818,2286429.685863398,2271111.286784007,2255742.1242925352,2240319.600517421,2224841.0579554588,2209303.777959746,2193704.97918992,2178041.8160237223,2162311.3769289553,2146510.682794799,2130636.6852215184]],"stack":null}
[2026-03-03T08:59:09.950Z] {"timestamp":1772528349520,"level":"LOG","args":["[DEBUG] IRR calculated:","0.0943289809287603","as percentage:","9.43%"],"stack":null}
[2026-03-03T08:59:09.950Z] {"timestamp":1772528349520,"level":"LOG","args":["[DEBUG] IRR cashFlows:",[-17871583,2347245.6,2332105.4176000003,2316924.2959296005,2301699.8612458818,2286429.685863398,2271111.286784007,2255742.1242925352,2240319.600517421,2224841.0579554588,2209303.777959746,2193704.97918992,2178041.8160237223,2162311.3769289553,2146510.682794799,2130636.6852215184]],"stack":null}
[2026-03-03T08:59:09.950Z] {"timestamp":1772528349520,"level":"LOG","args":["[DEBUG] IRR calculated:","0.09362991418266745","as percentage:","9.36%"],"stack":null}
[2026-03-03T08:59:09.950Z] {"timestamp":1772528349520,"level":"LOG","args":["[DEBUG] IRR cashFlows:",[-17969333,2347245.6,2332105.4176000003,2316924.2959296005,2301699.8612458818,2286429.685863398,2271111.286784007,2255742.1242925352,2240319.600517421,2224841.0579554588,2209303.777959746,2193704.97918992,2178041.8160237223,2162311.3769289553,2146510.682794799,2130636.6852215184]],"stack":null}
[2026-03-03T08:59:09.950Z] {"timestamp":1772528349520,"level":"LOG","args":["[DEBUG] IRR calculated:","0.09267868876733867","as percentage:","9.27%"],"stack":null}
[2026-03-03T08:59:09.950Z] {"timestamp":1772528349521,"level":"LOG","args":["[DEBUG] IRR cashFlows:",[-18114808,2347245.6,2332105.4176000003,2316924.2959296005,2301699.8612458818,2286429.685863398,2271111.286784007,2255742.1242925352,2240319.600517421,2224841.0579554588,2209303.777959746,2193704.97918992,2178041.8160237223,2162311.3769289553,2146510.682794799,2130636.6852215184]],"stack":null}
[2026-03-03T08:59:09.950Z] {"timestamp":1772528349521,"level":"LOG","args":["[DEBUG] IRR calculated:","0.09127815276863176","as percentage:","9.13%"],"stack":null}
[2026-03-03T08:59:09.950Z] {"timestamp":1772528349521,"level":"LOG","args":["[DEBUG] IRR cashFlows:",[-18363783,2347245.6,2332105.4176000003,2316924.2959296005,2301699.8612458818,2286429.685863398,2271111.286784007,2255742.1242925352,2240319.600517421,2224841.0579554588,2209303.777959746,2193704.97918992,2178041.8160237223,2162311.3769289553,2146510.682794799,2130636.6852215184]],"stack":null}
[2026-03-03T08:59:09.950Z] {"timestamp":1772528349521,"level":"LOG","args":["[DEBUG] IRR calculated:","0.08892208995499412","as percentage:","8.89%"],"stack":null}
[2026-03-03T08:59:09.950Z] {"timestamp":1772528349521,"level":"LOG","args":["[DEBUG] IRR cashFlows:",[-18723733,2347245.6,2332105.4176000003,2316924.2959296005,2301699.8612458818,2286429.685863398,2271111.286784007,2255742.1242925352,2240319.600517421,2224841.0579554588,2209303.777959746,2193704.97918992,2178041.8160237223,2162311.3769289553,2146510.682794799,2130636.6852215184]],"stack":null}
[2026-03-03T08:59:09.950Z] {"timestamp":1772528349521,"level":"LOG","args":["[DEBUG] IRR calculated:","0.08560375014554505","as percentage:","8.56%"],"stack":null}
[2026-03-03T08:59:09.950Z] {"timestamp":1772528349521,"level":"LOG","args":["[DEBUG] IRR cashFlows:",[-18036783,2347245.6,2332105.4176000003,2316924.2959296005,2301699.8612458818,2286429.685863398,2271111.286784007,2255742.1242925352,2240319.600517421,2224841.0579554588,2209303.777959746,2193704.97918992,2178041.8160237223,2162311.3769289553,2146510.682794799,2130636.6852215184]],"stack":null}
[2026-03-03T08:59:09.950Z] {"timestamp":1772528349521,"level":"LOG","args":["[DEBUG] IRR calculated:","0.09202709672062388","as percentage:","9.20%"],"stack":null}
[2026-03-03T08:59:09.950Z] {"timestamp":1772528349521,"level":"LOG","args":["[DEBUG] IRR cashFlows:",[-18142583,2347245.6,2332105.4176000003,2316924.2959296005,2301699.8612458818,2286429.685863398,2271111.286784007,2255742.1242925352,2240319.600517421,2224841.0579554588,2209303.777959746,2193704.97918992,2178041.8160237223,2162311.3769289553,2146510.682794799,2130636.6852215184]],"stack":null}
[2026-03-03T08:59:09.950Z] {"timestamp":1772528349521,"level":"LOG","args":["[DEBUG] IRR calculated:","0.09101278033915583","as percentage:","9.10%"],"stack":null}
[2026-03-03T08:59:09.950Z] {"timestamp":1772528349521,"level":"LOG","args":["[DEBUG] IRR cashFlows:",[-18286333,2347245.6,2332105.4176000003,2316924.2959296005,2301699.8612458818,2286429.685863398,2271111.286784007,2255742.1242925352,2240319.600517421,2224841.0579554588,2209303.777959746,2193704.97918992,2178041.8160237223,2162311.3769289553,2146510.682794799,2130636.6852215184]],"stack":null}
[2026-03-03T08:59:09.950Z] {"timestamp":1772528349521,"level":"LOG","args":["[DEBUG] IRR calculated:","0.08964955897947152","as percentage:","8.96%"],"stack":null}
[2026-03-03T08:59:09.950Z] {"timestamp":1772528349522,"level":"LOG","args":["[DEBUG] IRR cashFlows:",[-18500808,2347245.6,2332105.4176000003,2316924.2959296005,2301699.8612458818,2286429.685863398,2271111.286784007,2255742.1242925352,2240319.600517421,2224841.0579554588,2209303.777959746,2193704.97918992,2178041.8160237223,2162311.3769289553,2146510.682794799,2130636.6852215184]],"stack":null}
[2026-03-03T08:59:09.950Z] {"timestamp":1772528349522,"level":"LOG","args":["[DEBUG] IRR calculated:","0.08764685908284836","as percentage:","8.76%"],"stack":null}
[2026-03-03T08:59:09.950Z] {"timestamp":1772528349522,"level":"LOG","args":["[DEBUG] IRR cashFlows:",[-18864783,2347245.6,2332105.4176000003,2316924.2959296005,2301699.8612458818,2286429.685863398,2271111.286784007,2255742.1242925352,2240319.600517421,2224841.0579554588,2209303.777959746,2193704.97918992,2178041.8160237223,2162311.3769289553,2146510.682794799,2130636.6852215184]],"stack":null}
[2026-03-03T08:59:09.950Z] {"timestamp":1772528349522,"level":"LOG","args":["[DEBUG] IRR calculated:","0.08433072067637398","as percentage:","8.43%"],"stack":null}
[2026-03-03T08:59:09.950Z] {"timestamp":1772528349522,"level":"LOG","args":["[DEBUG] IRR cashFlows:",[-19385733,2347245.6,2332105.4176000003,2316924.2959296005,2301699.8612458818,2286429.685863398,2271111.286784007,2255742.1242925352,2240319.600517421,2224841.0579554588,2209303.777959746,2193704.97918992,2178041.8160237223,2162311.3769289553,2146510.682794799,2130636.6852215184]],"stack":null}
[2026-03-03T08:59:09.950Z] {"timestamp":1772528349522,"level":"LOG","args":["[DEBUG] IRR calculated:","0.07975568445534231","as percentage:","7.98%"],"stack":null}
[2026-03-03T08:59:09.950Z] {"timestamp":1772528349522,"level":"LOG","args":["[DEBUG] IRR cashFlows:",[-18273283,2347245.6,2332105.4176000003,2316924.2959296005,2301699.8612458818,2286429.685863398,2271111.286784007,2255742.1242925352,2240319.600517421,2224841.0579554588,2209303.777959746,2193704.97918992,2178041.8160237223,2162311.3769289553,2146510.682794799,2130636.6852215184]],"stack":null}
[2026-03-03T08:59:09.950Z] {"timestamp":1772528349522,"level":"LOG","args":["[DEBUG] IRR calculated:","0.08977261457938893","as percentage:","8.98%"],"stack":null}
[2026-03-03T08:59:09.950Z] {"timestamp":1772528349522,"level":"LOG","args":["[DEBUG] IRR cashFlows:",[-18413583,2347245.6,2332105.4176000003,2316924.2959296005,2301699.8612458818,2286429.685863398,2271111.286784007,2255742.1242925352,2240319.600517421,2224841.0579554588,2209303.777959746,2193704.97918992,2178041.8160237223,2162311.3769289553,2146510.682794799,2130636.6852215184]],"stack":null}
[2026-03-03T08:59:09.950Z] {"timestamp":1772528349522,"level":"LOG","args":["[DEBUG] IRR calculated:","0.08845688874254404","as percentage:","8.85%"],"stack":null}
[2026-03-03T08:59:09.950Z] {"timestamp":1772528349522,"level":"LOG","args":["[DEBUG] IRR cashFlows:",[-18603333,2347245.6,2332105.4176000003,2316924.2959296005,2301699.8612458818,2286429.685863398,2271111.286784007,2255742.1242925352,2240319.600517421,2224841.0579554588,2209303.777959746,2193704.97918992,2178041.8160237223,2162311.3769289553,2146510.682794799,2130636.6852215184]],"stack":null}
[2026-03-03T08:59:09.950Z] {"timestamp":1772528349522,"level":"LOG","args":["[DEBUG] IRR calculated:","0.08670242017764893","as percentage:","8.67%"],"stack":null}
[2026-03-03T08:59:09.950Z] {"timestamp":1772528349522,"level":"LOG","args":["[DEBUG] IRR cashFlows:",[-18886808,2347245.6,2332105.4176000003,2316924.2959296005,2301699.8612458818,2286429.685863398,2271111.286784007,2255742.1242925352,2240319.600517421,2224841.0579554588,2209303.777959746,2193704.97918992,2178041.8160237223,2162311.3769289553,2146510.682794799,2130636.6852215184]],"stack":null}
[2026-03-03T08:59:09.950Z] {"timestamp":1772528349522,"level":"LOG","args":["[DEBUG] IRR calculated:","0.08413328867546566","as percentage:","8.41%"],"stack":null}
[2026-03-03T08:59:09.950Z] {"timestamp":1772528349522,"level":"LOG","args":["[DEBUG] IRR cashFlows:",[-19365783,2347245.6,2332105.4176000003,2316924.2959296005,2301699.8612458818,2286429.685863398,2271111.286784007,2255742.1242925352,2240319.600517421,2224841.0579554588,2209303.777959746,2193704.97918992,2178041.8160237223,2162311.3769289553,2146510.682794799,2130636.6852215184]],"stack":null}
[2026-03-03T08:59:09.950Z] {"timestamp":1772528349523,"level":"LOG","args":["[DEBUG] IRR calculated:","0.0799273263519874","as percentage:","7.99%"],"stack":null}
[2026-03-03T08:59:09.950Z] {"timestamp":1772528349523,"level":"LOG","args":["[DEBUG] IRR cashFlows:",[-20047733,2347245.6,2332105.4176000003,2316924.2959296005,2301699.8612458818,2286429.685863398,2271111.286784007,2255742.1242925352,2240319.600517421,2224841.0579554588,2209303.777959746,2193704.97918992,2178041.8160237223,2162311.3769289553,2146510.682794799,2130636.6852215184]],"stack":null}
[2026-03-03T08:59:09.950Z] {"timestamp":1772528349523,"level":"LOG","args":["[DEBUG] IRR calculated:","0.07421222389389265","as percentage:","7.42%"],"stack":null}
[2026-03-03T08:59:09.950Z] {"timestamp":1772528349523,"level":"LOG","args":["[DEBUG] IRR cashFlows:",[-18509783,2347245.6,2332105.4176000003,2316924.2959296005,2301699.8612458818,2286429.685863398,2271111.286784007,2255742.1242925352,2240319.600517421,2224841.0579554588,2209303.777959746,2193704.97918992,2178041.8160237223,2162311.3769289553,2146510.682794799,2130636.6852215184]],"stack":null}
[2026-03-03T08:59:09.950Z] {"timestamp":1772528349523,"level":"LOG","args":["[DEBUG] IRR calculated:","0.08756385352407188","as percentage:","8.76%"],"stack":null}
[2026-03-03T08:59:09.950Z] {"timestamp":1772528349523,"level":"LOG","args":["[DEBUG] IRR cashFlows:",[-18684583,2347245.6,2332105.4176000003,2316924.2959296005,2301699.8612458818,2286429.685863398,2271111.286784007,2255742.1242925352,2240319.600517421,2224841.0579554588,2209303.777959746,2193704.97918992,2178041.8160237223,2162311.3769289553,2146510.682794799,2130636.6852215184]],"stack":null}
[2026-03-03T08:59:09.950Z] {"timestamp":1772528349523,"level":"LOG","args":["[DEBUG] IRR calculated:","0.08595977554840491","as percentage:","8.60%"],"stack":null}
[2026-03-03T08:59:09.950Z] {"timestamp":1772528349523,"level":"LOG","args":["[DEBUG] IRR cashFlows:",[-18920333,2347245.6,2332105.4176000003,2316924.2959296005,2301699.8612458818,2286429.685863398,2271111.286784007,2255742.1242925352,2240319.600517421,2224841.0579554588,2209303.777959746,2193704.97918992,2178041.8160237223,2162311.3769289553,2146510.682794799,2130636.6852215184]],"stack":null}
[2026-03-03T08:59:09.950Z] {"timestamp":1772528349523,"level":"LOG","args":["[DEBUG] IRR calculated:","0.08383346500541365","as percentage:","8.38%"],"stack":null}
[2026-03-03T08:59:09.950Z] {"timestamp":1772528349523,"level":"LOG","args":["[DEBUG] IRR cashFlows:",[-19272808,2347245.6,2332105.4176000003,2316924.2959296005,2301699.8612458818,2286429.685863398,2271111.286784007,2255742.1242925352,2240319.600517421,2224841.0579554588,2209303.777959746,2193704.97918992,2178041.8160237223,2162311.3769289553,2146510.682794799,2130636.6852215184]],"stack":null}
[2026-03-03T08:59:09.950Z] {"timestamp":1772528349523,"level":"LOG","args":["[DEBUG] IRR calculated:","0.08073091445301997","as percentage:","8.07%"],"stack":null}
[2026-03-03T08:59:09.950Z] {"timestamp":1772528349523,"level":"LOG","args":["[DEBUG] IRR cashFlows:",[-19866783,2347245.6,2332105.4176000003,2316924.2959296005,2301699.8612458818,2286429.685863398,2271111.286784007,2255742.1242925352,2240319.600517421,2224841.0579554588,2209303.777959746,2193704.97918992,2178041.8160237223,2162311.3769289553,2146510.682794799,2130636.6852215184]],"stack":null}
[2026-03-03T08:59:09.950Z] {"timestamp":1772528349523,"level":"LOG","args":["[DEBUG] IRR calculated:","0.07569880981070637","as percentage:","7.57%"],"stack":null}
[2026-03-03T08:59:09.950Z] {"timestamp":1772528349523,"level":"LOG","args":["[DEBUG] IRR cashFlows:",[-20709733,2347245.6,2332105.4176000003,2316924.2959296005,2301699.8612458818,2286429.685863398,2271111.286784007,2255742.1242925352,2240319.600517421,2224841.0579554588,2209303.777959746,2193704.97918992,2178041.8160237223,2162311.3769289553,2146510.682794799,2130636.6852215184]],"stack":null}
[2026-03-03T08:59:09.950Z] {"timestamp":1772528349523,"level":"LOG","args":["[DEBUG] IRR calculated:","0.06894653864098317","as percentage:","6.89%"],"stack":null}
[2026-03-03T08:59:09.950Z] {"timestamp":1772528349524,"level":"LOG","args":["[DEBUG] IRR cashFlows:",[-18746283,2347245.6,2332105.4176000003,2316924.2959296005,2301699.8612458818,2286429.685863398,2271111.286784007,2255742.1242925352,2240319.600517421,2224841.0579554588,2209303.777959746,2193704.97918992,2178041.8160237223,2162311.3769289553,2146510.682794799,2130636.6852215184]],"stack":null}
[2026-03-03T08:59:09.950Z] {"timestamp":1772528349524,"level":"LOG","args":["[DEBUG] IRR calculated:","0.08539921514088397","as percentage:","8.54%"],"stack":null}
[2026-03-03T08:59:09.950Z] {"timestamp":1772528349524,"level":"LOG","args":["[DEBUG] IRR cashFlows:",[-18955583,2347245.6,2332105.4176000003,2316924.2959296005,2301699.8612458818,2286429.685863398,2271111.286784007,2255742.1242925352,2240319.600517421,2224841.0579554588,2209303.777959746,2193704.97918992,2178041.8160237223,2162311.3769289553,2146510.682794799,2130636.6852215184]],"stack":null}
[2026-03-03T08:59:09.950Z] {"timestamp":1772528349524,"level":"LOG","args":["[DEBUG] IRR calculated:","0.08351911398334627","as percentage:","8.35%"],"stack":null}
[2026-03-03T08:59:09.950Z] {"timestamp":1772528349524,"level":"LOG","args":["[DEBUG] IRR cashFlows:",[-19237333,2347245.6,2332105.4176000003,2316924.2959296005,2301699.8612458818,2286429.685863398,2271111.286784007,2255742.1242925352,2240319.600517421,2224841.0579554588,2209303.777959746,2193704.97918992,2178041.8160237223,2162311.3769289553,2146510.682794799,2130636.6852215184]],"stack":null}
[2026-03-03T08:59:09.950Z] {"timestamp":1772528349524,"level":"LOG","args":["[DEBUG] IRR calculated:","0.0810391300737834","as percentage:","8.10%"],"stack":null}
[2026-03-03T08:59:09.950Z] {"timestamp":1772528349524,"level":"LOG","args":["[DEBUG] IRR cashFlows:",[-19658808,2347245.6,2332105.4176000003,2316924.2959296005,2301699.8612458818,2286429.685863398,2271111.286784007,2255742.1242925352,2240319.600517421,2224841.0579554588,2209303.777959746,2193704.97918992,2178041.8160237223,2162311.3769289553,2146510.682794799,2130636.6852215184]],"stack":null}
[2026-03-03T08:59:09.950Z] {"timestamp":1772528349524,"level":"LOG","args":["[DEBUG] IRR calculated:","0.07743370716804739","as percentage:","7.74%"],"stack":null}
[2026-03-03T08:59:09.950Z] {"timestamp":1772528349524,"level":"LOG","args":["[DEBUG] IRR cashFlows:",[-20367783,2347245.6,2332105.4176000003,2316924.2959296005,2301699.8612458818,2286429.685863398,2271111.286784007,2255742.1242925352,2240319.600517421,2224841.0579554588,2209303.777959746,2193704.97918992,2178041.8160237223,2162311.3769289553,2146510.682794799,2130636.6852215184]],"stack":null}
[2026-03-03T08:59:09.950Z] {"timestamp":1772528349524,"level":"LOG","args":["[DEBUG] IRR calculated:","0.07163332321180024","as percentage:","7.16%"],"stack":null}
[2026-03-03T08:59:09.950Z] {"timestamp":1772528349524,"level":"LOG","args":["[DEBUG] IRR cashFlows:",[-21371733,2347245.6,2332105.4176000003,2316924.2959296005,2301699.8612458818,2286429.685863398,2271111.286784007,2255742.1242925352,2240319.600517421,2224841.0579554588,2209303.777959746,2193704.97918992,2178041.8160237223,2162311.3769289553,2146510.682794799,2130636.6852215184]],"stack":null}
[2026-03-03T08:59:09.950Z] {"timestamp":1772528349524,"level":"LOG","args":["[DEBUG] IRR calculated:","0.06393501423383637","as percentage:","6.39%"],"stack":null}
[2026-03-03T08:59:09.950Z] {"timestamp":1772528349524,"level":"LOG","args":["[DEBUG] IRR cashFlows:",[-18982783,2347245.6,2332105.4176000003,2316924.2959296005,2301699.8612458818,2286429.685863398,2271111.286784007,2255742.1242925352,2240319.600517421,2224841.0579554588,2209303.777959746,2193704.97918992,2178041.8160237223,2162311.3769289553,2146510.682794799,2130636.6852215184]],"stack":null}
[2026-03-03T08:59:09.950Z] {"timestamp":1772528349525,"level":"LOG","args":["[DEBUG] IRR calculated:","0.08327717846682338","as percentage:","8.33%"],"stack":null}
[2026-03-03T08:59:09.950Z] {"timestamp":1772528349525,"level":"LOG","args":["[DEBUG] IRR cashFlows:",[-19226583,2347245.6,2332105.4176000003,2316924.2959296005,2301699.8612458818,2286429.685863398,2271111.286784007,2255742.1242925352,2240319.600517421,2224841.0579554588,2209303.777959746,2193704.97918992,2178041.8160237223,2162311.3769289553,2146510.682794799,2130636.6852215184]],"stack":null}
[2026-03-03T08:59:09.950Z] {"timestamp":1772528349525,"level":"LOG","args":["[DEBUG] IRR calculated:","0.08113270473983229","as percentage:","8.11%"],"stack":null}
[2026-03-03T08:59:09.950Z] {"timestamp":1772528349525,"level":"LOG","args":["[DEBUG] IRR cashFlows:",[-19554333,2347245.6,2332105.4176000003,2316924.2959296005,2301699.8612458818,2286429.685863398,2271111.286784007,2255742.1242925352,2240319.600517421,2224841.0579554588,2209303.777959746,2193704.97918992,2178041.8160237223,2162311.3769289553,2146510.682794799,2130636.6852215184]],"stack":null}
[2026-03-03T08:59:09.950Z] {"timestamp":1772528349525,"level":"LOG","args":["[DEBUG] IRR calculated:","0.07831607631059596","as percentage:","7.83%"],"stack":null}
[2026-03-03T08:59:09.950Z] {"timestamp":1772528349525,"level":"LOG","args":["[DEBUG] IRR cashFlows:",[-20044808,2347245.6,2332105.4176000003,2316924.2959296005,2301699.8612458818,2286429.685863398,2271111.286784007,2255742.1242925352,2240319.600517421,2224841.0579554588,2209303.777959746,2193704.97918992,2178041.8160237223,2162311.3769289553,2146510.682794799,2130636.6852215184]],"stack":null}
[2026-03-03T08:59:09.950Z] {"timestamp":1772528349525,"level":"LOG","args":["[DEBUG] IRR calculated:","0.07423608782842549","as percentage:","7.42%"],"stack":null}
[2026-03-03T08:59:09.950Z] {"timestamp":1772528349525,"level":"LOG","args":["[DEBUG] IRR cashFlows:",[-20868783,2347245.6,2332105.4176000003,2316924.2959296005,2301699.8612458818,2286429.685863398,2271111.286784007,2255742.1242925352,2240319.600517421,2224841.0579554588,2209303.777959746,2193704.97918992,2178041.8160237223,2162311.3769289553,2146510.682794799,2130636.6852215184]],"stack":null}
[2026-03-03T08:59:09.950Z] {"timestamp":1772528349525,"level":"LOG","args":["[DEBUG] IRR calculated:","0.06772011937539868","as percentage:","6.77%"],"stack":null}
[2026-03-03T08:59:09.950Z] {"timestamp":1772528349525,"level":"LOG","args":["[DEBUG] IRR cashFlows:",[-22033733,2347245.6,2332105.4176000003,2316924.2959296005,2301699.8612458818,2286429.685863398,2271111.286784007,2255742.1242925352,2240319.600517421,2224841.0579554588,2209303.777959746,2193704.97918992,2178041.8160237223,2162311.3769289553,2146510.682794799,2130636.6852215184]],"stack":null}
[2026-03-03T08:59:09.950Z] {"timestamp":1772528349525,"level":"LOG","args":["[DEBUG] IRR calculated:","0.05915677367283355","as percentage:","5.92%"],"stack":null}
[2026-03-03T08:59:09.950Z] {"timestamp":1772528349526,"level":"LOG","args":["[DEBUG] IRR cashFlows:",[-19219283,2347245.6,2332105.4176000003,2316924.2959296005,2301699.8612458818,2286429.685863398,2271111.286784007,2255742.1242925352,2240319.600517421,2224841.0579554588,2209303.777959746,2193704.97918992,2178041.8160237223,2162311.3769289553,2146510.682794799,2130636.6852215184]],"stack":null}
[2026-03-03T08:59:09.950Z] {"timestamp":1772528349526,"level":"LOG","args":["[DEBUG] IRR calculated:","0.081196295252795","as percentage:","8.12%"],"stack":null}
[2026-03-03T08:59:09.950Z] {"timestamp":1772528349526,"level":"LOG","args":["[DEBUG] IRR cashFlows:",[-19497583,2347245.6,2332105.4176000003,2316924.2959296005,2301699.8612458818,2286429.685863398,2271111.286784007,2255742.1242925352,2240319.600517421,2224841.0579554588,2209303.777959746,2193704.97918992,2178041.8160237223,2162311.3769289553,2146510.682794799,2130636.6852215184]],"stack":null}
[2026-03-03T08:59:09.950Z] {"timestamp":1772528349526,"level":"LOG","args":["[DEBUG] IRR calculated:","0.07879846717557679","as percentage:","7.88%"],"stack":null}
[2026-03-03T08:59:09.950Z] {"timestamp":1772528349526,"level":"LOG","args":["[DEBUG] IRR cashFlows:",[-19871333,2347245.6,2332105.4176000003,2316924.2959296005,2301699.8612458818,2286429.685863398,2271111.286784007,2255742.1242925352,2240319.600517421,2224841.0579554588,2209303.777959746,2193704.97918992,2178041.8160237223,2162311.3769289553,2146510.682794799,2130636.6852215184]],"stack":null}
[2026-03-03T08:59:09.950Z] {"timestamp":1772528349526,"level":"LOG","args":["[DEBUG] IRR calculated:","0.07566117119811683","as percentage:","7.57%"],"stack":null}
[2026-03-03T08:59:09.950Z] {"timestamp":1772528349526,"level":"LOG","args":["[DEBUG] IRR cashFlows:",[-20430808,2347245.6,2332105.4176000003,2316924.2959296005,2301699.8612458818,2286429.685863398,2271111.286784007,2255742.1242925352,2240319.600517421,2224841.0579554588,2209303.777959746,2193704.97918992,2178041.8160237223,2162311.3769289553,2146510.682794799,2130636.6852215184]],"stack":null}
[2026-03-03T08:59:09.950Z] {"timestamp":1772528349526,"level":"LOG","args":["[DEBUG] IRR calculated:","0.07113288551866288","as percentage:","7.11%"],"stack":null}
[2026-03-03T08:59:09.950Z] {"timestamp":1772528349526,"level":"LOG","args":["[DEBUG] IRR cashFlows:",[-21369783,2347245.6,2332105.4176000003,2316924.2959296005,2301699.8612458818,2286429.685863398,2271111.286784007,2255742.1242925352,2240319.600517421,2224841.0579554588,2209303.777959746,2193704.97918992,2178041.8160237223,2162311.3769289553,2146510.682794799,2130636.6852215184]],"stack":null}
[2026-03-03T08:59:09.950Z] {"timestamp":1772528349526,"level":"LOG","args":["[DEBUG] IRR calculated:","0.0639494240666492","as percentage:","6.39%"],"stack":null}
[2026-03-03T08:59:09.950Z] {"timestamp":1772528349526,"level":"LOG","args":["[DEBUG] IRR cashFlows:",[-22695733,2347245.6,2332105.4176000003,2316924.2959296005,2301699.8612458818,2286429.685863398,2271111.286784007,2255742.1242925352,2240319.600517421,2224841.0579554588,2209303.777959746,2193704.97918992,2178041.8160237223,2162311.3769289553,2146510.682794799,2130636.6852215184]],"stack":null}
[2026-03-03T08:59:09.950Z] {"timestamp":1772528349526,"level":"LOG","args":["[DEBUG] IRR calculated:","0.054593283186170495","as percentage:","5.46%"],"stack":null}
[2026-03-03T08:59:09.950Z] {"timestamp":1772528349527,"level":"LOG","args":["[DEBUG] IRR cashFlows:",[-19455783,2347245.6,2332105.4176000003,2316924.2959296005,2301699.8612458818,2286429.685863398,2271111.286784007,2255742.1242925352,2240319.600517421,2224841.0579554588,2209303.777959746,2193704.97918992,2178041.8160237223,2162311.3769289553,2146510.682794799,2130636.6852215184]],"stack":null}
[2026-03-03T08:59:09.950Z] {"timestamp":1772528349527,"level":"LOG","args":["[DEBUG] IRR calculated:","0.07915518557370742","as percentage:","7.92%"],"stack":null}
[2026-03-03T08:59:09.950Z] {"timestamp":1772528349527,"level":"LOG","args":["[DEBUG] IRR cashFlows:",[-19768583,2347245.6,2332105.4176000003,2316924.2959296005,2301699.8612458818,2286429.685863398,2271111.286784007,2255742.1242925352,2240319.600517421,2224841.0579554588,2209303.777959746,2193704.97918992,2178041.8160237223,2162311.3769289553,2146510.682794799,2130636.6852215184]],"stack":null}
[2026-03-03T08:59:09.950Z] {"timestamp":1772528349527,"level":"LOG","args":["[DEBUG] IRR calculated:","0.07651443123960516","as percentage:","7.65%"],"stack":null}
[2026-03-03T08:59:09.950Z] {"timestamp":1772528349527,"level":"LOG","args":["[DEBUG] IRR cashFlows:",[-20188333,2347245.6,2332105.4176000003,2316924.2959296005,2301699.8612458818,2286429.685863398,2271111.286784007,2255742.1242925352,2240319.600517421,2224841.0579554588,2209303.777959746,2193704.97918992,2178041.8160237223,2162311.3769289553,2146510.682794799,2130636.6852215184]],"stack":null}
[2026-03-03T08:59:09.950Z] {"timestamp":1772528349527,"level":"LOG","args":["[DEBUG] IRR calculated:","0.07307147268956884","as percentage:","7.31%"],"stack":null}
[2026-03-03T08:59:09.950Z] {"timestamp":1772528349527,"level":"LOG","args":["[DEBUG] IRR cashFlows:",[-20816808,2347245.6,2332105.4176000003,2316924.2959296005,2301699.8612458818,2286429.685863398,2271111.286784007,2255742.1242925352,2240319.600517421,2224841.0579554588,2209303.777959746,2193704.97918992,2178041.8160237223,2162311.3769289553,2146510.682794799,2130636.6852215184]],"stack":null}
[2026-03-03T08:59:09.950Z] {"timestamp":1772528349527,"level":"LOG","args":["[DEBUG] IRR calculated:","0.0681192999250188","as percentage:","6.81%"],"stack":null}
[2026-03-03T08:59:09.950Z] {"timestamp":1772528349527,"level":"LOG","args":["[DEBUG] IRR cashFlows:",[-21870783,2347245.6,2332105.4176000003,2316924.2959296005,2301699.8612458818,2286429.685863398,2271111.286784007,2255742.1242925352,2240319.600517421,2224841.0579554588,2209303.777959746,2193704.97918992,2178041.8160237223,2162311.3769289553,2146510.682794799,2130636.6852215184]],"stack":null}
[2026-03-03T08:59:09.950Z] {"timestamp":1772528349528,"level":"LOG","args":["[DEBUG] IRR calculated:","0.06031232584930336","as percentage:","6.03%"],"stack":null}
[2026-03-03T08:59:09.950Z] {"timestamp":1772528349528,"level":"LOG","args":["[DEBUG] IRR cashFlows:",[-23357733,2347245.6,2332105.4176000003,2316924.2959296005,2301699.8612458818,2286429.685863398,2271111.286784007,2255742.1242925352,2240319.600517421,2224841.0579554588,2209303.777959746,2193704.97918992,2178041.8160237223,2162311.3769289553,2146510.682794799,2130636.6852215184]],"stack":null}
[2026-03-03T08:59:09.950Z] {"timestamp":1772528349528,"level":"LOG","args":["[DEBUG] IRR calculated:","0.05022802496134541","as percentage:","5.02%"],"stack":null}
[2026-03-03T08:59:09.950Z] {"timestamp":1772528349528,"level":"LOG","args":["[DEBUG] IRR cashFlows:",[-19692283,2347245.6,2332105.4176000003,2316924.2959296005,2301699.8612458818,2286429.685863398,2271111.286784007,2255742.1242925352,2240319.600517421,2224841.0579554588,2209303.777959746,2193704.97918992,2178041.8160237223,2162311.3769289553,2146510.682794799,2130636.6852215184]],"stack":null}
[2026-03-03T08:59:09.950Z] {"timestamp":1772528349528,"level":"LOG","args":["[DEBUG] IRR calculated:","0.07715253375611335","as percentage:","7.72%"],"stack":null}
[2026-03-03T08:59:09.950Z] {"timestamp":1772528349528,"level":"LOG","args":["[DEBUG] IRR cashFlows:",[-20039583,2347245.6,2332105.4176000003,2316924.2959296005,2301699.8612458818,2286429.685863398,2271111.286784007,2255742.1242925352,2240319.600517421,2224841.0579554588,2209303.777959746,2193704.97918992,2178041.8160237223,2162311.3769289553,2146510.682794799,2130636.6852215184]],"stack":null}
[2026-03-03T08:59:09.950Z] {"timestamp":1772528349528,"level":"LOG","args":["[DEBUG] IRR calculated:","0.07427873005560015","as percentage:","7.43%"],"stack":null}
[2026-03-03T08:59:09.950Z] {"timestamp":1772528349528,"level":"LOG","args":["[DEBUG] IRR cashFlows:",[-20505333,2347245.6,2332105.4176000003,2316924.2959296005,2301699.8612458818,2286429.685863398,2271111.286784007,2255742.1242925352,2240319.600517421,2224841.0579554588,2209303.777959746,2193704.97918992,2178041.8160237223,2162311.3769289553,2146510.682794799,2130636.6852215184]],"stack":null}
[2026-03-03T08:59:09.950Z] {"timestamp":1772528349528,"level":"LOG","args":["[DEBUG] IRR calculated:","0.0705442146214022","as percentage:","7.05%"],"stack":null}
[2026-03-03T08:59:09.950Z] {"timestamp":1772528349528,"level":"LOG","args":["[DEBUG] IRR cashFlows:",[-21202808,2347245.6,2332105.4176000003,2316924.2959296005,2301699.8612458818,2286429.685863398,2271111.286784007,2255742.1242925352,2240319.600517421,2224841.0579554588,2209303.777959746,2193704.97918992,2178041.8160237223,2162311.3769289553,2146510.682794799,2130636.6852215184]],"stack":null}
[2026-03-03T08:59:09.950Z] {"timestamp":1772528349528,"level":"LOG","args":["[DEBUG] IRR calculated:","0.0651908679606193","as percentage:","6.52%"],"stack":null}
[2026-03-03T08:59:09.950Z] {"timestamp":1772528349528,"level":"LOG","args":["[DEBUG] IRR cashFlows:",[-22371783,2347245.6,2332105.4176000003,2316924.2959296005,2301699.8612458818,2286429.685863398,2271111.286784007,2255742.1242925352,2240319.600517421,2224841.0579554588,2209303.777959746,2193704.97918992,2178041.8160237223,2162311.3769289553,2146510.682794799,2130636.6852215184]],"stack":null}
[2026-03-03T08:59:09.950Z] {"timestamp":1772528349528,"level":"LOG","args":["[DEBUG] IRR calculated:","0.05680068073808434","as percentage:","5.68%"],"stack":null}
[2026-03-03T08:59:09.950Z] {"timestamp":1772528349528,"level":"LOG","args":["[DEBUG] IRR cashFlows:",[-24019733,2347245.6,2332105.4176000003,2316924.2959296005,2301699.8612458818,2286429.685863398,2271111.286784007,2255742.1242925352,2240319.600517421,2224841.0579554588,2209303.777959746,2193704.97918992,2178041.8160237223,2162311.3769289553,2146510.682794799,2130636.6852215184]],"stack":null}
[2026-03-03T08:59:09.950Z] {"timestamp":1772528349528,"level":"LOG","args":["[DEBUG] IRR calculated:","0.04604622386282916","as percentage:","4.60%"],"stack":null}
[2026-03-03T08:59:09.950Z] {"timestamp":1772528349528,"level":"LOG","args":["[DEBUG SENSITIVITY] Matrix minIrr:","0.04604622386282916","maxIrr:","0.09668003628438167","minIrr%:","4.60","maxIrr%:","9.67"],"stack":null}
[2026-03-03T08:59:09.950Z] {"timestamp":1772528349530,"level":"LOG","args":["[DEBUG] IRR cashFlows:",[-20052520,2347245.6,2332105.4176000003,2316924.2959296005,2301699.8612458818,2286429.685863398,2271111.286784007,2255742.1242925352,2240319.600517421,2224841.0579554588,2209303.777959746,2193704.97918992,2178041.8160237223,2162311.3769289553,2146510.682794799,2130636.6852215184]],"stack":null}
[2026-03-03T08:59:09.950Z] {"timestamp":1772528349530,"level":"LOG","args":["[DEBUG] IRR calculated:","0.0741731803149236","as percentage:","7.42%"],"stack":null}
[2026-03-03T08:59:09.950Z] {"timestamp":1772528349530,"level":"LOG","args":["[DEBUG] IRR cashFlows:",[-20349970,2347245.6,2332105.4176000003,2316924.2959296005,2301699.8612458818,2286429.685863398,2271111.286784007,2255742.1242925352,2240319.600517421,2224841.0579554588,2209303.777959746,2193704.97918992,2178041.8160237223,2162311.3769289553,2146510.682794799,2130636.6852215184]],"stack":null}
[2026-03-03T08:59:09.950Z] {"timestamp":1772528349531,"level":"LOG","args":["[DEBUG] IRR calculated:","0.07177519955991235","as percentage:","7.18%"],"stack":null}
[2026-03-03T08:59:09.950Z] {"timestamp":1772528349531,"level":"LOG","args":["[DEBUG SENSITIVITY] First cell (6kV, 1km):",{"lcoe":125.79290595909659,"irr":0.07177519955991235,"irrPercent":"7.18"}],"stack":null}
[2026-03-03T08:59:09.950Z] {"timestamp":1772528349531,"level":"LOG","args":["[DEBUG] IRR cashFlows:",[-20386770,2347245.6,2332105.4176000003,2316924.2959296005,2301699.8612458818,2286429.685863398,2271111.286784007,2255742.1242925352,2240319.600517421,2224841.0579554588,2209303.777959746,2193704.97918992,2178041.8160237223,2162311.3769289553,2146510.682794799,2130636.6852215184]],"stack":null}
[2026-03-03T08:59:09.950Z] {"timestamp":1772528349531,"level":"LOG","args":["[DEBUG] IRR calculated:","0.07148230806457223","as percentage:","7.15%"],"stack":null}
[2026-03-03T08:59:09.950Z] {"timestamp":1772528349531,"level":"LOG","args":["[DEBUG] IRR cashFlows:",[-20438520,2347245.6,2332105.4176000003,2316924.2959296005,2301699.8612458818,2286429.685863398,2271111.286784007,2255742.1242925352,2240319.600517421,2224841.0579554588,2209303.777959746,2193704.97918992,2178041.8160237223,2162311.3769289553,2146510.682794799,2130636.6852215184]],"stack":null}
[2026-03-03T08:59:09.950Z] {"timestamp":1772528349531,"level":"LOG","args":["[DEBUG] IRR calculated:","0.0710718143025396","as percentage:","7.11%"],"stack":null}
[2026-03-03T08:59:09.950Z] {"timestamp":1772528349531,"level":"LOG","args":["[DEBUG] IRR cashFlows:",[-20514995,2347245.6,2332105.4176000003,2316924.2959296005,2301699.8612458818,2286429.685863398,2271111.286784007,2255742.1242925352,2240319.600517421,2224841.0579554588,2209303.777959746,2193704.97918992,2178041.8160237223,2162311.3769289553,2146510.682794799,2130636.6852215184]],"stack":null}
[2026-03-03T08:59:09.950Z] {"timestamp":1772528349531,"level":"LOG","args":["[DEBUG] IRR calculated:","0.07046813757853714","as percentage:","7.05%"],"stack":null}
[2026-03-03T08:59:09.950Z] {"timestamp":1772528349531,"level":"LOG","args":["[DEBUG] IRR cashFlows:",[-20648970,2347245.6,2332105.4176000003,2316924.2959296005,2301699.8612458818,2286429.685863398,2271111.286784007,2255742.1242925352,2240319.600517421,2224841.0579554588,2209303.777959746,2193704.97918992,2178041.8160237223,2162311.3769289553,2146510.682794799,2130636.6852215184]],"stack":null}
[2026-03-03T08:59:09.950Z] {"timestamp":1772528349531,"level":"LOG","args":["[DEBUG] IRR calculated:","0.06941892935770344","as percentage:","6.94%"],"stack":null}
[2026-03-03T08:59:09.950Z] {"timestamp":1772528349531,"level":"LOG","args":["[DEBUG] IRR cashFlows:",[-20847920,2347245.6,2332105.4176000003,2316924.2959296005,2301699.8612458818,2286429.685863398,2271111.286784007,2255742.1242925352,2240319.600517421,2224841.0579554588,2209303.777959746,2193704.97918992,2178041.8160237223,2162311.3769289553,2146510.682794799,2130636.6852215184]],"stack":null}
[2026-03-03T08:59:09.950Z] {"timestamp":1772528349531,"level":"LOG","args":["[DEBUG] IRR calculated:","0.06788016749640302","as percentage:","6.79%"],"stack":null}
[2026-03-03T08:59:09.950Z] {"timestamp":1772528349532,"level":"LOG","args":["[DEBUG] IRR cashFlows:",[-20586470,2347245.6,2332105.4176000003,2316924.2959296005,2301699.8612458818,2286429.685863398,2271111.286784007,2255742.1242925352,2240319.600517421,2224841.0579554588,2209303.777959746,2193704.97918992,2178041.8160237223,2162311.3769289553,2146510.682794799,2130636.6852215184]],"stack":null}
[2026-03-03T08:59:09.950Z] {"timestamp":1772528349532,"level":"LOG","args":["[DEBUG] IRR calculated:","0.06990707417421428","as percentage:","6.99%"],"stack":null}
[2026-03-03T08:59:09.950Z] {"timestamp":1772528349532,"level":"LOG","args":["[DEBUG] IRR cashFlows:",[-20657770,2347245.6,2332105.4176000003,2316924.2959296005,2301699.8612458818,2286429.685863398,2271111.286784007,2255742.1242925352,2240319.600517421,2224841.0579554588,2209303.777959746,2193704.97918992,2178041.8160237223,2162311.3769289553,2146510.682794799,2130636.6852215184]],"stack":null}
[2026-03-03T08:59:09.950Z] {"timestamp":1772528349532,"level":"LOG","args":["[DEBUG] IRR calculated:","0.06935038224521865","as percentage:","6.94%"],"stack":null}
[2026-03-03T08:59:09.950Z] {"timestamp":1772528349532,"level":"LOG","args":["[DEBUG] IRR cashFlows:",[-20755520,2347245.6,2332105.4176000003,2316924.2959296005,2301699.8612458818,2286429.685863398,2271111.286784007,2255742.1242925352,2240319.600517421,2224841.0579554588,2209303.777959746,2193704.97918992,2178041.8160237223,2162311.3769289553,2146510.682794799,2130636.6852215184]],"stack":null}
[2026-03-03T08:59:09.950Z] {"timestamp":1772528349532,"level":"LOG","args":["[DEBUG] IRR calculated:","0.06859199042281805","as percentage:","6.86%"],"stack":null}
[2026-03-03T08:59:09.950Z] {"timestamp":1772528349532,"level":"LOG","args":["[DEBUG] IRR cashFlows:",[-20900995,2347245.6,2332105.4176000003,2316924.2959296005,2301699.8612458818,2286429.685863398,2271111.286784007,2255742.1242925352,2240319.600517421,2224841.0579554588,2209303.777959746,2193704.97918992,2178041.8160237223,2162311.3769289553,2146510.682794799,2130636.6852215184]],"stack":null}
[2026-03-03T08:59:09.951Z] {"timestamp":1772528349532,"level":"LOG","args":["[DEBUG] IRR calculated:","0.06747349355098918","as percentage:","6.75%"],"stack":null}
[2026-03-03T08:59:09.951Z] {"timestamp":1772528349532,"level":"LOG","args":["[DEBUG] IRR cashFlows:",[-21149970,2347245.6,2332105.4176000003,2316924.2959296005,2301699.8612458818,2286429.685863398,2271111.286784007,2255742.1242925352,2240319.600517421,2224841.0579554588,2209303.777959746,2193704.97918992,2178041.8160237223,2162311.3769289553,2146510.682794799,2130636.6852215184]],"stack":null}
[2026-03-03T08:59:09.951Z] {"timestamp":1772528349532,"level":"LOG","args":["[DEBUG] IRR calculated:","0.06558685445344957","as percentage:","6.56%"],"stack":null}
[2026-03-03T08:59:09.951Z] {"timestamp":1772528349532,"level":"LOG","args":["[DEBUG] IRR cashFlows:",[-21509920,2347245.6,2332105.4176000003,2316924.2959296005,2301699.8612458818,2286429.685863398,2271111.286784007,2255742.1242925352,2240319.600517421,2224841.0579554588,2209303.777959746,2193704.97918992,2178041.8160237223,2162311.3769289553,2146510.682794799,2130636.6852215184]],"stack":null}
[2026-03-03T08:59:09.951Z] {"timestamp":1772528349532,"level":"LOG","args":["[DEBUG] IRR calculated:","0.06291897990856639","as percentage:","6.29%"],"stack":null}
[2026-03-03T08:59:09.951Z] {"timestamp":1772528349532,"level":"LOG","args":["[DEBUG] IRR cashFlows:",[-20822970,2347245.6,2332105.4176000003,2316924.2959296005,2301699.8612458818,2286429.685863398,2271111.286784007,2255742.1242925352,2240319.600517421,2224841.0579554588,2209303.777959746,2193704.97918992,2178041.8160237223,2162311.3769289553,2146510.682794799,2130636.6852215184]],"stack":null}
[2026-03-03T08:59:09.951Z] {"timestamp":1772528349532,"level":"LOG","args":["[DEBUG] IRR calculated:","0.06807189383610872","as percentage:","6.81%"],"stack":null}
[2026-03-03T08:59:09.951Z] {"timestamp":1772528349532,"level":"LOG","args":["[DEBUG] IRR cashFlows:",[-20928770,2347245.6,2332105.4176000003,2316924.2959296005,2301699.8612458818,2286429.685863398,2271111.286784007,2255742.1242925352,2240319.600517421,2224841.0579554588,2209303.777959746,2193704.97918992,2178041.8160237223,2162311.3769289553,2146510.682794799,2130636.6852215184]],"stack":null}
[2026-03-03T08:59:09.951Z] {"timestamp":1772528349532,"level":"LOG","args":["[DEBUG] IRR calculated:","0.06726130973497235","as percentage:","6.73%"],"stack":null}
[2026-03-03T08:59:09.951Z] {"timestamp":1772528349532,"level":"LOG","args":["[DEBUG] IRR cashFlows:",[-21072520,2347245.6,2332105.4176000003,2316924.2959296005,2301699.8612458818,2286429.685863398,2271111.286784007,2255742.1242925352,2240319.600517421,2224841.0579554588,2209303.777959746,2193704.97918992,2178041.8160237223,2162311.3769289553,2146510.682794799,2130636.6852215184]],"stack":null}
[2026-03-03T08:59:09.951Z] {"timestamp":1772528349532,"level":"LOG","args":["[DEBUG] IRR calculated:","0.06617005552855004","as percentage:","6.62%"],"stack":null}
[2026-03-03T08:59:09.951Z] {"timestamp":1772528349533,"level":"LOG","args":["[DEBUG] IRR cashFlows:",[-21286995,2347245.6,2332105.4176000003,2316924.2959296005,2301699.8612458818,2286429.685863398,2271111.286784007,2255742.1242925352,2240319.600517421,2224841.0579554588,2209303.777959746,2193704.97918992,2178041.8160237223,2162311.3769289553,2146510.682794799,2130636.6852215184]],"stack":null}
[2026-03-03T08:59:09.951Z] {"timestamp":1772528349533,"level":"LOG","args":["[DEBUG] IRR calculated:","0.0645630715551585","as percentage:","6.46%"],"stack":null}
[2026-03-03T08:59:09.951Z] {"timestamp":1772528349533,"level":"LOG","args":["[DEBUG] IRR cashFlows:",[-21650970,2347245.6,2332105.4176000003,2316924.2959296005,2301699.8612458818,2286429.685863398,2271111.286784007,2255742.1242925352,2240319.600517421,2224841.0579554588,2209303.777959746,2193704.97918992,2178041.8160237223,2162311.3769289553,2146510.682794799,2130636.6852215184]],"stack":null}
[2026-03-03T08:59:09.951Z] {"timestamp":1772528349533,"level":"LOG","args":["[DEBUG] IRR calculated:","0.06189218671006957","as percentage:","6.19%"],"stack":null}
[2026-03-03T08:59:09.951Z] {"timestamp":1772528349533,"level":"LOG","args":["[DEBUG] IRR cashFlows:",[-22171920,2347245.6,2332105.4176000003,2316924.2959296005,2301699.8612458818,2286429.685863398,2271111.286784007,2255742.1242925352,2240319.600517421,2224841.0579554588,2209303.777959746,2193704.97918992,2178041.8160237223,2162311.3769289553,2146510.682794799,2130636.6852215184]],"stack":null}
[2026-03-03T08:59:09.951Z] {"timestamp":1772528349533,"level":"LOG","args":["[DEBUG] IRR calculated:","0.05818702567430744","as percentage:","5.82%"],"stack":null}
[2026-03-03T08:59:09.951Z] {"timestamp":1772528349533,"level":"LOG","args":["[DEBUG] IRR cashFlows:",[-21059470,2347245.6,2332105.4176000003,2316924.2959296005,2301699.8612458818,2286429.685863398,2271111.286784007,2255742.1242925352,2240319.600517421,2224841.0579554588,2209303.777959746,2193704.97918992,2178041.8160237223,2162311.3769289553,2146510.682794799,2130636.6852215184]],"stack":null}
[2026-03-03T08:59:09.951Z] {"timestamp":1772528349533,"level":"LOG","args":["[DEBUG] IRR calculated:","0.06626864791267574","as percentage:","6.63%"],"stack":null}
[2026-03-03T08:59:09.951Z] {"timestamp":1772528349533,"level":"LOG","args":["[DEBUG] IRR cashFlows:",[-21199770,2347245.6,2332105.4176000003,2316924.2959296005,2301699.8612458818,2286429.685863398,2271111.286784007,2255742.1242925352,2240319.600517421,2224841.0579554588,2209303.777959746,2193704.97918992,2178041.8160237223,2162311.3769289553,2146510.682794799,2130636.6852215184]],"stack":null}
[2026-03-03T08:59:09.951Z] {"timestamp":1772528349533,"level":"LOG","args":["[DEBUG] IRR calculated:","0.06521359458773965","as percentage:","6.52%"],"stack":null}
[2026-03-03T08:59:09.951Z] {"timestamp":1772528349533,"level":"LOG","args":["[DEBUG] IRR cashFlows:",[-21389520,2347245.6,2332105.4176000003,2316924.2959296005,2301699.8612458818,2286429.685863398,2271111.286784007,2255742.1242925352,2240319.600517421,2224841.0579554588,2209303.777959746,2193704.97918992,2178041.8160237223,2162311.3769289553,2146510.682794799,2130636.6852215184]],"stack":null}
[2026-03-03T08:59:09.951Z] {"timestamp":1772528349534,"level":"LOG","args":["[DEBUG] IRR calculated:","0.06380366768687844","as percentage:","6.38%"],"stack":null}
[2026-03-03T08:59:09.951Z] {"timestamp":1772528349534,"level":"LOG","args":["[DEBUG] IRR cashFlows:",[-21672995,2347245.6,2332105.4176000003,2316924.2959296005,2301699.8612458818,2286429.685863398,2271111.286784007,2255742.1242925352,2240319.600517421,2224841.0579554588,2209303.777959746,2193704.97918992,2178041.8160237223,2162311.3769289553,2146510.682794799,2130636.6852215184]],"stack":null}
[2026-03-03T08:59:09.951Z] {"timestamp":1772528349534,"level":"LOG","args":["[DEBUG] IRR calculated:","0.06173277934950446","as percentage:","6.17%"],"stack":null}
[2026-03-03T08:59:09.951Z] {"timestamp":1772528349534,"level":"LOG","args":["[DEBUG] IRR cashFlows:",[-22151970,2347245.6,2332105.4176000003,2316924.2959296005,2301699.8612458818,2286429.685863398,2271111.286784007,2255742.1242925352,2240319.600517421,2224841.0579554588,2209303.777959746,2193704.97918992,2178041.8160237223,2162311.3769289553,2146510.682794799,2130636.6852215184]],"stack":null}
[2026-03-03T08:59:09.951Z] {"timestamp":1772528349534,"level":"LOG","args":["[DEBUG] IRR calculated:","0.058326456314478206","as percentage:","5.83%"],"stack":null}
[2026-03-03T08:59:09.951Z] {"timestamp":1772528349534,"level":"LOG","args":["[DEBUG] IRR cashFlows:",[-22833920,2347245.6,2332105.4176000003,2316924.2959296005,2301699.8612458818,2286429.685863398,2271111.286784007,2255742.1242925352,2240319.600517421,2224841.0579554588,2209303.777959746,2193704.97918992,2178041.8160237223,2162311.3769289553,2146510.682794799,2130636.6852215184]],"stack":null}
[2026-03-03T08:59:09.951Z] {"timestamp":1772528349534,"level":"LOG","args":["[DEBUG] IRR calculated:","0.05366621689490418","as percentage:","5.37%"],"stack":null}
[2026-03-03T08:59:09.951Z] {"timestamp":1772528349534,"level":"LOG","args":["[DEBUG] IRR cashFlows:",[-21295970,2347245.6,2332105.4176000003,2316924.2959296005,2301699.8612458818,2286429.685863398,2271111.286784007,2255742.1242925352,2240319.600517421,2224841.0579554588,2209303.777959746,2193704.97918992,2178041.8160237223,2162311.3769289553,2146510.682794799,2130636.6852215184]],"stack":null}
[2026-03-03T08:59:09.951Z] {"timestamp":1772528349534,"level":"LOG","args":["[DEBUG] IRR calculated:","0.06449636898574769","as percentage:","6.45%"],"stack":null}
[2026-03-03T08:59:09.951Z] {"timestamp":1772528349534,"level":"LOG","args":["[DEBUG] IRR cashFlows:",[-21470770,2347245.6,2332105.4176000003,2316924.2959296005,2301699.8612458818,2286429.685863398,2271111.286784007,2255742.1242925352,2240319.600517421,2224841.0579554588,2209303.777959746,2193704.97918992,2178041.8160237223,2162311.3769289553,2146510.682794799,2130636.6852215184]],"stack":null}
[2026-03-03T08:59:09.951Z] {"timestamp":1772528349534,"level":"LOG","args":["[DEBUG] IRR calculated:","0.06320581353613193","as percentage:","6.32%"],"stack":null}
[2026-03-03T08:59:09.951Z] {"timestamp":1772528349534,"level":"LOG","args":["[DEBUG] IRR cashFlows:",[-21706520,2347245.6,2332105.4176000003,2316924.2959296005,2301699.8612458818,2286429.685863398,2271111.286784007,2255742.1242925352,2240319.600517421,2224841.0579554588,2209303.777959746,2193704.97918992,2178041.8160237223,2162311.3769289553,2146510.682794799,2130636.6852215184]],"stack":null}
[2026-03-03T08:59:09.951Z] {"timestamp":1772528349535,"level":"LOG","args":["[DEBUG] IRR calculated:","0.06149061655758006","as percentage:","6.15%"],"stack":null}
[2026-03-03T08:59:09.951Z] {"timestamp":1772528349535,"level":"LOG","args":["[DEBUG] IRR cashFlows:",[-22058995,2347245.6,2332105.4176000003,2316924.2959296005,2301699.8612458818,2286429.685863398,2271111.286784007,2255742.1242925352,2240319.600517421,2224841.0579554588,2209303.777959746,2193704.97918992,2178041.8160237223,2162311.3769289553,2146510.682794799,2130636.6852215184]],"stack":null}
[2026-03-03T08:59:09.951Z] {"timestamp":1772528349535,"level":"LOG","args":["[DEBUG] IRR calculated:","0.05897880004117878","as percentage:","5.90%"],"stack":null}
[2026-03-03T08:59:09.951Z] {"timestamp":1772528349535,"level":"LOG","args":["[DEBUG] IRR cashFlows:",[-22652970,2347245.6,2332105.4176000003,2316924.2959296005,2301699.8612458818,2286429.685863398,2271111.286784007,2255742.1242925352,2240319.600517421,2224841.0579554588,2209303.777959746,2193704.97918992,2178041.8160237223,2162311.3769289553,2146510.682794799,2130636.6852215184]],"stack":null}
[2026-03-03T08:59:09.951Z] {"timestamp":1772528349535,"level":"LOG","args":["[DEBUG] IRR calculated:","0.05488191300298694","as percentage:","5.49%"],"stack":null}
[2026-03-03T08:59:09.951Z] {"timestamp":1772528349535,"level":"LOG","args":["[DEBUG] IRR cashFlows:",[-23495920,2347245.6,2332105.4176000003,2316924.2959296005,2301699.8612458818,2286429.685863398,2271111.286784007,2255742.1242925352,2240319.600517421,2224841.0579554588,2209303.777959746,2193704.97918992,2178041.8160237223,2162311.3769289553,2146510.682794799,2130636.6852215184]],"stack":null}
[2026-03-03T08:59:09.951Z] {"timestamp":1772528349535,"level":"LOG","args":["[DEBUG] IRR calculated:","0.04934042050246808","as percentage:","4.93%"],"stack":null}
[2026-03-03T08:59:09.951Z] {"timestamp":1772528349536,"level":"LOG","args":["[DEBUG] IRR cashFlows:",[-21532470,2347245.6,2332105.4176000003,2316924.2959296005,2301699.8612458818,2286429.685863398,2271111.286784007,2255742.1242925352,2240319.600517421,2224841.0579554588,2209303.777959746,2193704.97918992,2178041.8160237223,2162311.3769289553,2146510.682794799,2130636.6852215184]],"stack":null}
[2026-03-03T08:59:09.951Z] {"timestamp":1772528349536,"level":"LOG","args":["[DEBUG] IRR calculated:","0.06275413050974829","as percentage:","6.28%"],"stack":null}
[2026-03-03T08:59:09.951Z] {"timestamp":1772528349536,"level":"LOG","args":["[DEBUG] IRR cashFlows:",[-21741770,2347245.6,2332105.4176000003,2316924.2959296005,2301699.8612458818,2286429.685863398,2271111.286784007,2255742.1242925352,2240319.600517421,2224841.0579554588,2209303.777959746,2193704.97918992,2178041.8160237223,2162311.3769289553,2146510.682794799,2130636.6852215184]],"stack":null}
[2026-03-03T08:59:09.951Z] {"timestamp":1772528349536,"level":"LOG","args":["[DEBUG] IRR calculated:","0.06123661152255621","as percentage:","6.12%"],"stack":null}
[2026-03-03T08:59:09.951Z] {"timestamp":1772528349536,"level":"LOG","args":["[DEBUG] IRR cashFlows:",[-22023520,2347245.6,2332105.4176000003,2316924.2959296005,2301699.8612458818,2286429.685863398,2271111.286784007,2255742.1242925352,2240319.600517421,2224841.0579554588,2209303.777959746,2193704.97918992,2178041.8160237223,2162311.3769289553,2146510.682794799,2130636.6852215184]],"stack":null}
[2026-03-03T08:59:09.951Z] {"timestamp":1772528349536,"level":"LOG","args":["[DEBUG] IRR calculated:","0.059228814052242125","as percentage:","5.92%"],"stack":null}
[2026-03-03T08:59:09.951Z] {"timestamp":1772528349536,"level":"LOG","args":["[DEBUG] IRR cashFlows:",[-22444995,2347245.6,2332105.4176000003,2316924.2959296005,2301699.8612458818,2286429.685863398,2271111.286784007,2255742.1242925352,2240319.600517421,2224841.0579554588,2209303.777959746,2193704.97918992,2178041.8160237223,2162311.3769289553,2146510.682794799,2130636.6852215184]],"stack":null}
[2026-03-03T08:59:09.951Z] {"timestamp":1772528349536,"level":"LOG","args":["[DEBUG] IRR calculated:","0.05629756874796891","as percentage:","5.63%"],"stack":null}
[2026-03-03T08:59:09.951Z] {"timestamp":1772528349537,"level":"LOG","args":["[DEBUG] IRR cashFlows:",[-23153970,2347245.6,2332105.4176000003,2316924.2959296005,2301699.8612458818,2286429.685863398,2271111.286784007,2255742.1242925352,2240319.600517421,2224841.0579554588,2209303.777959746,2193704.97918992,2178041.8160237223,2162311.3769289553,2146510.682794799,2130636.6852215184]],"stack":null}
[2026-03-03T08:59:09.951Z] {"timestamp":1772528349537,"level":"LOG","args":["[DEBUG] IRR calculated:","0.05155144940558404","as percentage:","5.16%"],"stack":null}
[2026-03-03T08:59:09.951Z] {"timestamp":1772528349537,"level":"LOG","args":["[DEBUG] IRR cashFlows:",[-24157920,2347245.6,2332105.4176000003,2316924.2959296005,2301699.8612458818,2286429.685863398,2271111.286784007,2255742.1242925352,2240319.600517421,2224841.0579554588,2209303.777959746,2193704.97918992,2178041.8160237223,2162311.3769289553,2146510.682794799,2130636.6852215184]],"stack":null}
[2026-03-03T08:59:09.951Z] {"timestamp":1772528349537,"level":"LOG","args":["[DEBUG] IRR calculated:","0.045195194883333435","as percentage:","4.52%"],"stack":null}
[2026-03-03T08:59:09.951Z] {"timestamp":1772528349537,"level":"LOG","args":["[DEBUG] IRR cashFlows:",[-21768970,2347245.6,2332105.4176000003,2316924.2959296005,2301699.8612458818,2286429.685863398,2271111.286784007,2255742.1242925352,2240319.600517421,2224841.0579554588,2209303.777959746,2193704.97918992,2178041.8160237223,2162311.3769289553,2146510.682794799,2130636.6852215184]],"stack":null}
[2026-03-03T08:59:09.951Z] {"timestamp":1772528349538,"level":"LOG","args":["[DEBUG] IRR calculated:","0.06104104462173326","as percentage:","6.10%"],"stack":null}
[2026-03-03T08:59:09.951Z] {"timestamp":1772528349538,"level":"LOG","args":["[DEBUG] IRR cashFlows:",[-22012770,2347245.6,2332105.4176000003,2316924.2959296005,2301699.8612458818,2286429.685863398,2271111.286784007,2255742.1242925352,2240319.600517421,2224841.0579554588,2209303.777959746,2193704.97918992,2178041.8160237223,2162311.3769289553,2146510.682794799,2130636.6852215184]],"stack":null}
[2026-03-03T08:59:09.951Z] {"timestamp":1772528349538,"level":"LOG","args":["[DEBUG] IRR calculated:","0.059304697559518414","as percentage:","5.93%"],"stack":null}
[2026-03-03T08:59:09.951Z] {"timestamp":1772528349538,"level":"LOG","args":["[DEBUG] IRR cashFlows:",[-22340520,2347245.6,2332105.4176000003,2316924.2959296005,2301699.8612458818,2286429.685863398,2271111.286784007,2255742.1242925352,2240319.600517421,2224841.0579554588,2209303.777959746,2193704.97918992,2178041.8160237223,2162311.3769289553,2146510.682794799,2130636.6852215184]],"stack":null}
[2026-03-03T08:59:09.951Z] {"timestamp":1772528349538,"level":"LOG","args":["[DEBUG] IRR calculated:","0.057016285787792935","as percentage:","5.70%"],"stack":null}
[2026-03-03T08:59:09.951Z] {"timestamp":1772528349539,"level":"LOG","args":["[DEBUG] IRR cashFlows:",[-22830995,2347245.6,2332105.4176000003,2316924.2959296005,2301699.8612458818,2286429.685863398,2271111.286784007,2255742.1242925352,2240319.600517421,2224841.0579554588,2209303.777959746,2193704.97918992,2178041.8160237223,2162311.3769289553,2146510.682794799,2130636.6852215184]],"stack":null}
[2026-03-03T08:59:09.951Z] {"timestamp":1772528349539,"level":"LOG","args":["[DEBUG] IRR calculated:","0.05368575162351055","as percentage:","5.37%"],"stack":null}
[2026-03-03T08:59:09.951Z] {"timestamp":1772528349539,"level":"LOG","args":["[DEBUG] IRR cashFlows:",[-23654970,2347245.6,2332105.4176000003,2316924.2959296005,2301699.8612458818,2286429.685863398,2271111.286784007,2255742.1242925352,2240319.600517421,2224841.0579554588,2209303.777959746,2193704.97918992,2178041.8160237223,2162311.3769289553,2146510.682794799,2130636.6852215184]],"stack":null}
[2026-03-03T08:59:09.951Z] {"timestamp":1772528349539,"level":"LOG","args":["[DEBUG] IRR calculated:","0.04832853410409416","as percentage:","4.83%"],"stack":null}
[2026-03-03T08:59:09.951Z] {"timestamp":1772528349539,"level":"LOG","args":["[DEBUG] IRR cashFlows:",[-24819920,2347245.6,2332105.4176000003,2316924.2959296005,2301699.8612458818,2286429.685863398,2271111.286784007,2255742.1242925352,2240319.600517421,2224841.0579554588,2209303.777959746,2193704.97918992,2178041.8160237223,2162311.3769289553,2146510.682794799,2130636.6852215184]],"stack":null}
[2026-03-03T08:59:09.951Z] {"timestamp":1772528349540,"level":"LOG","args":["[DEBUG] IRR calculated:","0.04121756847793395","as percentage:","4.12%"],"stack":null}
[2026-03-03T08:59:09.951Z] {"timestamp":1772528349540,"level":"LOG","args":["[DEBUG] IRR cashFlows:",[-22005470,2347245.6,2332105.4176000003,2316924.2959296005,2301699.8612458818,2286429.685863398,2271111.286784007,2255742.1242925352,2240319.600517421,2224841.0579554588,2209303.777959746,2193704.97918992,2178041.8160237223,2162311.3769289553,2146510.682794799,2130636.6852215184]],"stack":null}
[2026-03-03T08:59:09.951Z] {"timestamp":1772528349540,"level":"LOG","args":["[DEBUG] IRR calculated:","0.05935626009265614","as percentage:","5.94%"],"stack":null}
[2026-03-03T08:59:09.951Z] {"timestamp":1772528349540,"level":"LOG","args":["[DEBUG] IRR cashFlows:",[-22283770,2347245.6,2332105.4176000003,2316924.2959296005,2301699.8612458818,2286429.685863398,2271111.286784007,2255742.1242925352,2240319.600517421,2224841.0579554588,2209303.777959746,2193704.97918992,2178041.8160237223,2162311.3769289553,2146510.682794799,2130636.6852215184]],"stack":null}
[2026-03-03T08:59:09.951Z] {"timestamp":1772528349540,"level":"LOG","args":["[DEBUG] IRR calculated:","0.05740884089179996","as percentage:","5.74%"],"stack":null}
[2026-03-03T08:59:09.951Z] {"timestamp":1772528349540,"level":"LOG","args":["[DEBUG] IRR cashFlows:",[-22657520,2347245.6,2332105.4176000003,2316924.2959296005,2301699.8612458818,2286429.685863398,2271111.286784007,2255742.1242925352,2240319.600517421,2224841.0579554588,2209303.777959746,2193704.97918992,2178041.8160237223,2162311.3769289553,2146510.682794799,2130636.6852215184]],"stack":null}
[2026-03-03T08:59:09.951Z] {"timestamp":1772528349540,"level":"LOG","args":["[DEBUG] IRR calculated:","0.05485116325604188","as percentage:","5.49%"],"stack":null}
[2026-03-03T08:59:09.951Z] {"timestamp":1772528349540,"level":"LOG","args":["[DEBUG] IRR cashFlows:",[-23216995,2347245.6,2332105.4176000003,2316924.2959296005,2301699.8612458818,2286429.685863398,2271111.286784007,2255742.1242925352,2240319.600517421,2224841.0579554588,2209303.777959746,2193704.97918992,2178041.8160237223,2162311.3769289553,2146510.682794799,2130636.6852215184]],"stack":null}
[2026-03-03T08:59:09.951Z] {"timestamp":1772528349541,"level":"LOG","args":["[DEBUG] IRR calculated:","0.05114022696919229","as percentage:","5.11%"],"stack":null}
[2026-03-03T08:59:09.951Z] {"timestamp":1772528349541,"level":"LOG","args":["[DEBUG] IRR cashFlows:",[-24155970,2347245.6,2332105.4176000003,2316924.2959296005,2301699.8612458818,2286429.685863398,2271111.286784007,2255742.1242925352,2240319.600517421,2224841.0579554588,2209303.777959746,2193704.97918992,2178041.8160237223,2162311.3769289553,2146510.682794799,2130636.6852215184]],"stack":null}
[2026-03-03T08:59:09.951Z] {"timestamp":1772528349541,"level":"LOG","args":["[DEBUG] IRR calculated:","0.04520715298860184","as percentage:","4.52%"],"stack":null}
[2026-03-03T08:59:09.951Z] {"timestamp":1772528349541,"level":"LOG","args":["[DEBUG] IRR cashFlows:",[-25481920,2347245.6,2332105.4176000003,2316924.2959296005,2301699.8612458818,2286429.685863398,2271111.286784007,2255742.1242925352,2240319.600517421,2224841.0579554588,2209303.777959746,2193704.97918992,2178041.8160237223,2162311.3769289553,2146510.682794799,2130636.6852215184]],"stack":null}
[2026-03-03T08:59:09.951Z] {"timestamp":1772528349541,"level":"LOG","args":["[DEBUG] IRR calculated:","0.037395852703504665","as percentage:","3.74%"],"stack":null}
[2026-03-03T08:59:09.951Z] {"timestamp":1772528349541,"level":"LOG","args":["[DEBUG] IRR cashFlows:",[-22241970,2347245.6,2332105.4176000003,2316924.2959296005,2301699.8612458818,2286429.685863398,2271111.286784007,2255742.1242925352,2240319.600517421,2224841.0579554588,2209303.777959746,2193704.97918992,2178041.8160237223,2162311.3769289553,2146510.682794799,2130636.6852215184]],"stack":null}
[2026-03-03T08:59:09.951Z] {"timestamp":1772528349541,"level":"LOG","args":["[DEBUG] IRR calculated:","0.057698960409099886","as percentage:","5.77%"],"stack":null}
[2026-03-03T08:59:09.951Z] {"timestamp":1772528349541,"level":"LOG","args":["[DEBUG] IRR cashFlows:",[-22554770,2347245.6,2332105.4176000003,2316924.2959296005,2301699.8612458818,2286429.685863398,2271111.286784007,2255742.1242925352,2240319.600517421,2224841.0579554588,2209303.777959746,2193704.97918992,2178041.8160237223,2162311.3769289553,2146510.682794799,2130636.6852215184]],"stack":null}
[2026-03-03T08:59:09.951Z] {"timestamp":1772528349541,"level":"LOG","args":["[DEBUG] IRR calculated:","0.05554786743469476","as percentage:","5.55%"],"stack":null}
[2026-03-03T08:59:09.951Z] {"timestamp":1772528349541,"level":"LOG","args":["[DEBUG] IRR cashFlows:",[-22974520,2347245.6,2332105.4176000003,2316924.2959296005,2301699.8612458818,2286429.685863398,2271111.286784007,2255742.1242925352,2240319.600517421,2224841.0579554588,2209303.777959746,2193704.97918992,2178041.8160237223,2162311.3769289553,2146510.682794799,2130636.6852215184]],"stack":null}
[2026-03-03T08:59:09.951Z] {"timestamp":1772528349541,"level":"LOG","args":["[DEBUG] IRR calculated:","0.052731676639772296","as percentage:","5.27%"],"stack":null}
[2026-03-03T08:59:09.951Z] {"timestamp":1772528349541,"level":"LOG","args":["[DEBUG] IRR cashFlows:",[-23602995,2347245.6,2332105.4176000003,2316924.2959296005,2301699.8612458818,2286429.685863398,2271111.286784007,2255742.1242925352,2240319.600517421,2224841.0579554588,2209303.777959746,2193704.97918992,2178041.8160237223,2162311.3769289553,2146510.682794799,2130636.6852215184]],"stack":null}
[2026-03-03T08:59:09.951Z] {"timestamp":1772528349541,"level":"LOG","args":["[DEBUG] IRR calculated:","0.04865806819294149","as percentage:","4.87%"],"stack":null}
[2026-03-03T08:59:09.951Z] {"timestamp":1772528349542,"level":"LOG","args":["[DEBUG] IRR cashFlows:",[-24656970,2347245.6,2332105.4176000003,2316924.2959296005,2301699.8612458818,2286429.685863398,2271111.286784007,2255742.1242925352,2240319.600517421,2224841.0579554588,2209303.777959746,2193704.97918992,2178041.8160237223,2162311.3769289553,2146510.682794799,2130636.6852215184]],"stack":null}
[2026-03-03T08:59:09.951Z] {"timestamp":1772528349542,"level":"LOG","args":["[DEBUG] IRR calculated:","0.04218175772827382","as percentage:","4.22%"],"stack":null}
[2026-03-03T08:59:09.951Z] {"timestamp":1772528349542,"level":"LOG","args":["[DEBUG] IRR cashFlows:",[-26143920,2347245.6,2332105.4176000003,2316924.2959296005,2301699.8612458818,2286429.685863398,2271111.286784007,2255742.1242925352,2240319.600517421,2224841.0579554588,2209303.777959746,2193704.97918992,2178041.8160237223,2162311.3769289553,2146510.682794799,2130636.6852215184]],"stack":null}
[2026-03-03T08:59:09.951Z] {"timestamp":1772528349542,"level":"LOG","args":["[DEBUG] IRR calculated:","0.033719483105901414","as percentage:","3.37%"],"stack":null}
[2026-03-03T08:59:09.951Z] {"timestamp":1772528349542,"level":"LOG","args":["[DEBUG] IRR cashFlows:",[-22478470,2347245.6,2332105.4176000003,2316924.2959296005,2301699.8612458818,2286429.685863398,2271111.286784007,2255742.1242925352,2240319.600517421,2224841.0579554588,2209303.777959746,2193704.97918992,2178041.8160237223,2162311.3769289553,2146510.682794799,2130636.6852215184]],"stack":null}
[2026-03-03T08:59:09.951Z] {"timestamp":1772528349542,"level":"LOG","args":["[DEBUG] IRR calculated:","0.056068361975843424","as percentage:","5.61%"],"stack":null}
[2026-03-03T08:59:09.951Z] {"timestamp":1772528349542,"level":"LOG","args":["[DEBUG] IRR cashFlows:",[-22825770,2347245.6,2332105.4176000003,2316924.2959296005,2301699.8612458818,2286429.685863398,2271111.286784007,2255742.1242925352,2240319.600517421,2224841.0579554588,2209303.777959746,2193704.97918992,2178041.8160237223,2162311.3769289553,2146510.682794799,2130636.6852215184]],"stack":null}
[2026-03-03T08:59:09.951Z] {"timestamp":1772528349542,"level":"LOG","args":["[DEBUG] IRR calculated:","0.05372065646529879","as percentage:","5.37%"],"stack":null}
[2026-03-03T08:59:09.951Z] {"timestamp":1772528349542,"level":"LOG","args":["[DEBUG] IRR cashFlows:",[-23291520,2347245.6,2332105.4176000003,2316924.2959296005,2301699.8612458818,2286429.685863398,2271111.286784007,2255742.1242925352,2240319.600517421,2224841.0579554588,2209303.777959746,2193704.97918992,2178041.8160237223,2162311.3769289553,2146510.682794799,2130636.6852215184]],"stack":null}
[2026-03-03T08:59:09.951Z] {"timestamp":1772528349542,"level":"LOG","args":["[DEBUG] IRR calculated:","0.05065614821353178","as percentage:","5.07%"],"stack":null}
[2026-03-03T08:59:09.951Z] {"timestamp":1772528349542,"level":"LOG","args":["[DEBUG] IRR cashFlows:",[-23988995,2347245.6,2332105.4176000003,2316924.2959296005,2301699.8612458818,2286429.685863398,2271111.286784007,2255742.1242925352,2240319.600517421,2224841.0579554588,2209303.777959746,2193704.97918992,2178041.8160237223,2162311.3769289553,2146510.682794799,2130636.6852215184]],"stack":null}
[2026-03-03T08:59:09.951Z] {"timestamp":1772528349543,"level":"LOG","args":["[DEBUG] IRR calculated:","0.04623652840614501","as percentage:","4.62%"],"stack":null}
[2026-03-03T08:59:09.951Z] {"timestamp":1772528349543,"level":"LOG","args":["[DEBUG] IRR cashFlows:",[-25157970,2347245.6,2332105.4176000003,2316924.2959296005,2301699.8612458818,2286429.685863398,2271111.286784007,2255742.1242925352,2240319.600517421,2224841.0579554588,2209303.777959746,2193704.97918992,2178041.8160237223,2162311.3769289553,2146510.682794799,2130636.6852215184]],"stack":null}
[2026-03-03T08:59:09.951Z] {"timestamp":1772528349543,"level":"LOG","args":["[DEBUG] IRR calculated:","0.03924722036257719","as percentage:","3.92%"],"stack":null}
[2026-03-03T08:59:09.951Z] {"timestamp":1772528349543,"level":"LOG","args":["[DEBUG] IRR cashFlows:",[-26805920,2347245.6,2332105.4176000003,2316924.2959296005,2301699.8612458818,2286429.685863398,2271111.286784007,2255742.1242925352,2240319.600517421,2224841.0579554588,2209303.777959746,2193704.97918992,2178041.8160237223,2162311.3769289553,2146510.682794799,2130636.6852215184]],"stack":null}
[2026-03-03T08:59:09.951Z] {"timestamp":1772528349543,"level":"LOG","args":["[DEBUG] IRR calculated:","0.03017888385735712","as percentage:","3.02%"],"stack":null}
[2026-03-03T08:59:09.951Z] {"timestamp":1772528349543,"level":"LOG","args":["[DEBUG SENSITIVITY] Matrix minIrr:","0.03017888385735712","maxIrr:","0.07177519955991235","minIrr%:","3.02","maxIrr%:","7.18"],"stack":null}
[2026-03-03T08:59:09.951Z] {"timestamp":1772528349565,"level":"WARN","args":["The width(0) and height(0) of chart should be greater than 0,\n       please check the style of container, or the props width(100%) and height(100%),\n       or add a minWidth(0) or minHeight(undefined) or use aspect(undefined) to control the\n       height and width."],"stack":null}
[2026-03-03T08:59:11.665Z] {"timestamp":1772528349751,"level":"LOG","args":["[DEBUG] IRR cashFlows:",[-20052520,2347245.6,2332105.4176000003,2316924.2959296005,2301699.8612458818,2286429.685863398,2271111.286784007,2255742.1242925352,2240319.600517421,2224841.0579554588,2209303.777959746,2193704.97918992,2178041.8160237223,2162311.3769289553,2146510.682794799,2130636.6852215184]],"stack":null}
[2026-03-03T08:59:11.665Z] {"timestamp":1772528349751,"level":"LOG","args":["[DEBUG] IRR calculated:","0.0741731803149236","as percentage:","7.42%"],"stack":null}
[2026-03-03T08:59:11.665Z] {"timestamp":1772528349751,"level":"LOG","args":["[DEBUG] IRR cashFlows:",[-20349970,2347245.6,2332105.4176000003,2316924.2959296005,2301699.8612458818,2286429.685863398,2271111.286784007,2255742.1242925352,2240319.600517421,2224841.0579554588,2209303.777959746,2193704.97918992,2178041.8160237223,2162311.3769289553,2146510.682794799,2130636.6852215184]],"stack":null}
[2026-03-03T08:59:11.665Z] {"timestamp":1772528349752,"level":"LOG","args":["[DEBUG] IRR calculated:","0.07177519955991235","as percentage:","7.18%"],"stack":null}
[2026-03-03T08:59:11.665Z] {"timestamp":1772528349752,"level":"LOG","args":["[DEBUG SENSITIVITY] First cell (6kV, 1km):",{"lcoe":125.79290595909659,"irr":0.07177519955991235,"irrPercent":"7.18"}],"stack":null}
[2026-03-03T08:59:11.665Z] {"timestamp":1772528349752,"level":"LOG","args":["[DEBUG] IRR cashFlows:",[-20386770,2347245.6,2332105.4176000003,2316924.2959296005,2301699.8612458818,2286429.685863398,2271111.286784007,2255742.1242925352,2240319.600517421,2224841.0579554588,2209303.777959746,2193704.97918992,2178041.8160237223,2162311.3769289553,2146510.682794799,2130636.6852215184]],"stack":null}
[2026-03-03T08:59:11.665Z] {"timestamp":1772528349752,"level":"LOG","args":["[DEBUG] IRR calculated:","0.07148230806457223","as percentage:","7.15%"],"stack":null}
[2026-03-03T08:59:11.665Z] {"timestamp":1772528349752,"level":"LOG","args":["[DEBUG] IRR cashFlows:",[-20438520,2347245.6,2332105.4176000003,2316924.2959296005,2301699.8612458818,2286429.685863398,2271111.286784007,2255742.1242925352,2240319.600517421,2224841.0579554588,2209303.777959746,2193704.97918992,2178041.8160237223,2162311.3769289553,2146510.682794799,2130636.6852215184]],"stack":null}
[2026-03-03T08:59:11.665Z] {"timestamp":1772528349752,"level":"LOG","args":["[DEBUG] IRR calculated:","0.0710718143025396","as percentage:","7.11%"],"stack":null}
[2026-03-03T08:59:11.665Z] {"timestamp":1772528349752,"level":"LOG","args":["[DEBUG] IRR cashFlows:",[-20514995,2347245.6,2332105.4176000003,2316924.2959296005,2301699.8612458818,2286429.685863398,2271111.286784007,2255742.1242925352,2240319.600517421,2224841.0579554588,2209303.777959746,2193704.97918992,2178041.8160237223,2162311.3769289553,2146510.682794799,2130636.6852215184]],"stack":null}
[2026-03-03T08:59:11.665Z] {"timestamp":1772528349752,"level":"LOG","args":["[DEBUG] IRR calculated:","0.07046813757853714","as percentage:","7.05%"],"stack":null}
[2026-03-03T08:59:11.665Z] {"timestamp":1772528349752,"level":"LOG","args":["[DEBUG] IRR cashFlows:",[-20648970,2347245.6,2332105.4176000003,2316924.2959296005,2301699.8612458818,2286429.685863398,2271111.286784007,2255742.1242925352,2240319.600517421,2224841.0579554588,2209303.777959746,2193704.97918992,2178041.8160237223,2162311.3769289553,2146510.682794799,2130636.6852215184]],"stack":null}
[2026-03-03T08:59:11.665Z] {"timestamp":1772528349752,"level":"LOG","args":["[DEBUG] IRR calculated:","0.06941892935770344","as percentage:","6.94%"],"stack":null}
[2026-03-03T08:59:11.665Z] {"timestamp":1772528349753,"level":"LOG","args":["[DEBUG] IRR cashFlows:",[-20847920,2347245.6,2332105.4176000003,2316924.2959296005,2301699.8612458818,2286429.685863398,2271111.286784007,2255742.1242925352,2240319.600517421,2224841.0579554588,2209303.777959746,2193704.97918992,2178041.8160237223,2162311.3769289553,2146510.682794799,2130636.6852215184]],"stack":null}
[2026-03-03T08:59:11.665Z] {"timestamp":1772528349753,"level":"LOG","args":["[DEBUG] IRR calculated:","0.06788016749640302","as percentage:","6.79%"],"stack":null}
[2026-03-03T08:59:11.665Z] {"timestamp":1772528349753,"level":"LOG","args":["[DEBUG] IRR cashFlows:",[-20586470,2347245.6,2332105.4176000003,2316924.2959296005,2301699.8612458818,2286429.685863398,2271111.286784007,2255742.1242925352,2240319.600517421,2224841.0579554588,2209303.777959746,2193704.97918992,2178041.8160237223,2162311.3769289553,2146510.682794799,2130636.6852215184]],"stack":null}
[2026-03-03T08:59:11.665Z] {"timestamp":1772528349753,"level":"LOG","args":["[DEBUG] IRR calculated:","0.06990707417421428","as percentage:","6.99%"],"stack":null}
[2026-03-03T08:59:11.665Z] {"timestamp":1772528349753,"level":"LOG","args":["[DEBUG] IRR cashFlows:",[-20657770,2347245.6,2332105.4176000003,2316924.2959296005,2301699.8612458818,2286429.685863398,2271111.286784007,2255742.1242925352,2240319.600517421,2224841.0579554588,2209303.777959746,2193704.97918992,2178041.8160237223,2162311.3769289553,2146510.682794799,2130636.6852215184]],"stack":null}
[2026-03-03T08:59:11.665Z] {"timestamp":1772528349753,"level":"LOG","args":["[DEBUG] IRR calculated:","0.06935038224521865","as percentage:","6.94%"],"stack":null}
[2026-03-03T08:59:11.665Z] {"timestamp":1772528349753,"level":"LOG","args":["[DEBUG] IRR cashFlows:",[-20755520,2347245.6,2332105.4176000003,2316924.2959296005,2301699.8612458818,2286429.685863398,2271111.286784007,2255742.1242925352,2240319.600517421,2224841.0579554588,2209303.777959746,2193704.97918992,2178041.8160237223,2162311.3769289553,2146510.682794799,2130636.6852215184]],"stack":null}
[2026-03-03T08:59:11.665Z] {"timestamp":1772528349753,"level":"LOG","args":["[DEBUG] IRR calculated:","0.06859199042281805","as percentage:","6.86%"],"stack":null}
[2026-03-03T08:59:11.665Z] {"timestamp":1772528349753,"level":"LOG","args":["[DEBUG] IRR cashFlows:",[-20900995,2347245.6,2332105.4176000003,2316924.2959296005,2301699.8612458818,2286429.685863398,2271111.286784007,2255742.1242925352,2240319.600517421,2224841.0579554588,2209303.777959746,2193704.97918992,2178041.8160237223,2162311.3769289553,2146510.682794799,2130636.6852215184]],"stack":null}
[2026-03-03T08:59:11.665Z] {"timestamp":1772528349753,"level":"LOG","args":["[DEBUG] IRR calculated:","0.06747349355098918","as percentage:","6.75%"],"stack":null}
[2026-03-03T08:59:11.665Z] {"timestamp":1772528349753,"level":"LOG","args":["[DEBUG] IRR cashFlows:",[-21149970,2347245.6,2332105.4176000003,2316924.2959296005,2301699.8612458818,2286429.685863398,2271111.286784007,2255742.1242925352,2240319.600517421,2224841.0579554588,2209303.777959746,2193704.97918992,2178041.8160237223,2162311.3769289553,2146510.682794799,2130636.6852215184]],"stack":null}
[2026-03-03T08:59:11.665Z] {"timestamp":1772528349753,"level":"LOG","args":["[DEBUG] IRR calculated:","0.06558685445344957","as percentage:","6.56%"],"stack":null}
[2026-03-03T08:59:11.665Z] {"timestamp":1772528349754,"level":"LOG","args":["[DEBUG] IRR cashFlows:",[-21509920,2347245.6,2332105.4176000003,2316924.2959296005,2301699.8612458818,2286429.685863398,2271111.286784007,2255742.1242925352,2240319.600517421,2224841.0579554588,2209303.777959746,2193704.97918992,2178041.8160237223,2162311.3769289553,2146510.682794799,2130636.6852215184]],"stack":null}
[2026-03-03T08:59:11.665Z] {"timestamp":1772528349754,"level":"LOG","args":["[DEBUG] IRR calculated:","0.06291897990856639","as percentage:","6.29%"],"stack":null}
[2026-03-03T08:59:11.665Z] {"timestamp":1772528349754,"level":"LOG","args":["[DEBUG] IRR cashFlows:",[-20822970,2347245.6,2332105.4176000003,2316924.2959296005,2301699.8612458818,2286429.685863398,2271111.286784007,2255742.1242925352,2240319.600517421,2224841.0579554588,2209303.777959746,2193704.97918992,2178041.8160237223,2162311.3769289553,2146510.682794799,2130636.6852215184]],"stack":null}
[2026-03-03T08:59:11.665Z] {"timestamp":1772528349754,"level":"LOG","args":["[DEBUG] IRR calculated:","0.06807189383610872","as percentage:","6.81%"],"stack":null}
[2026-03-03T08:59:11.665Z] {"timestamp":1772528349754,"level":"LOG","args":["[DEBUG] IRR cashFlows:",[-20928770,2347245.6,2332105.4176000003,2316924.2959296005,2301699.8612458818,2286429.685863398,2271111.286784007,2255742.1242925352,2240319.600517421,2224841.0579554588,2209303.777959746,2193704.97918992,2178041.8160237223,2162311.3769289553,2146510.682794799,2130636.6852215184]],"stack":null}
[2026-03-03T08:59:11.665Z] {"timestamp":1772528349754,"level":"LOG","args":["[DEBUG] IRR calculated:","0.06726130973497235","as percentage:","6.73%"],"stack":null}
[2026-03-03T08:59:11.665Z] {"timestamp":1772528349754,"level":"LOG","args":["[DEBUG] IRR cashFlows:",[-21072520,2347245.6,2332105.4176000003,2316924.2959296005,2301699.8612458818,2286429.685863398,2271111.286784007,2255742.1242925352,2240319.600517421,2224841.0579554588,2209303.777959746,2193704.97918992,2178041.8160237223,2162311.3769289553,2146510.682794799,2130636.6852215184]],"stack":null}
[2026-03-03T08:59:11.665Z] {"timestamp":1772528349754,"level":"LOG","args":["[DEBUG] IRR calculated:","0.06617005552855004","as percentage:","6.62%"],"stack":null}
[2026-03-03T08:59:11.665Z] {"timestamp":1772528349754,"level":"LOG","args":["[DEBUG] IRR cashFlows:",[-21286995,2347245.6,2332105.4176000003,2316924.2959296005,2301699.8612458818,2286429.685863398,2271111.286784007,2255742.1242925352,2240319.600517421,2224841.0579554588,2209303.777959746,2193704.97918992,2178041.8160237223,2162311.3769289553,2146510.682794799,2130636.6852215184]],"stack":null}
[2026-03-03T08:59:11.665Z] {"timestamp":1772528349754,"level":"LOG","args":["[DEBUG] IRR calculated:","0.0645630715551585","as percentage:","6.46%"],"stack":null}
[2026-03-03T08:59:11.665Z] {"timestamp":1772528349754,"level":"LOG","args":["[DEBUG] IRR cashFlows:",[-21650970,2347245.6,2332105.4176000003,2316924.2959296005,2301699.8612458818,2286429.685863398,2271111.286784007,2255742.1242925352,2240319.600517421,2224841.0579554588,2209303.777959746,2193704.97918992,2178041.8160237223,2162311.3769289553,2146510.682794799,2130636.6852215184]],"stack":null}
[2026-03-03T08:59:11.665Z] {"timestamp":1772528349755,"level":"LOG","args":["[DEBUG] IRR calculated:","0.06189218671006957","as percentage:","6.19%"],"stack":null}
[2026-03-03T08:59:11.665Z] {"timestamp":1772528349755,"level":"LOG","args":["[DEBUG] IRR cashFlows:",[-22171920,2347245.6,2332105.4176000003,2316924.2959296005,2301699.8612458818,2286429.685863398,2271111.286784007,2255742.1242925352,2240319.600517421,2224841.0579554588,2209303.777959746,2193704.97918992,2178041.8160237223,2162311.3769289553,2146510.682794799,2130636.6852215184]],"stack":null}
[2026-03-03T08:59:11.665Z] {"timestamp":1772528349755,"level":"LOG","args":["[DEBUG] IRR calculated:","0.05818702567430744","as percentage:","5.82%"],"stack":null}
[2026-03-03T08:59:11.665Z] {"timestamp":1772528349755,"level":"LOG","args":["[DEBUG] IRR cashFlows:",[-21059470,2347245.6,2332105.4176000003,2316924.2959296005,2301699.8612458818,2286429.685863398,2271111.286784007,2255742.1242925352,2240319.600517421,2224841.0579554588,2209303.777959746,2193704.97918992,2178041.8160237223,2162311.3769289553,2146510.682794799,2130636.6852215184]],"stack":null}
[2026-03-03T08:59:11.665Z] {"timestamp":1772528349755,"level":"LOG","args":["[DEBUG] IRR calculated:","0.06626864791267574","as percentage:","6.63%"],"stack":null}
[2026-03-03T08:59:11.665Z] {"timestamp":1772528349755,"level":"LOG","args":["[DEBUG] IRR cashFlows:",[-21199770,2347245.6,2332105.4176000003,2316924.2959296005,2301699.8612458818,2286429.685863398,2271111.286784007,2255742.1242925352,2240319.600517421,2224841.0579554588,2209303.777959746,2193704.97918992,2178041.8160237223,2162311.3769289553,2146510.682794799,2130636.6852215184]],"stack":null}
[2026-03-03T08:59:11.665Z] {"timestamp":1772528349755,"level":"LOG","args":["[DEBUG] IRR calculated:","0.06521359458773965","as percentage:","6.52%"],"stack":null}
[2026-03-03T08:59:11.665Z] {"timestamp":1772528349755,"level":"LOG","args":["[DEBUG] IRR cashFlows:",[-21389520,2347245.6,2332105.4176000003,2316924.2959296005,2301699.8612458818,2286429.685863398,2271111.286784007,2255742.1242925352,2240319.600517421,2224841.0579554588,2209303.777959746,2193704.97918992,2178041.8160237223,2162311.3769289553,2146510.682794799,2130636.6852215184]],"stack":null}
[2026-03-03T08:59:11.665Z] {"timestamp":1772528349755,"level":"LOG","args":["[DEBUG] IRR calculated:","0.06380366768687844","as percentage:","6.38%"],"stack":null}
[2026-03-03T08:59:11.665Z] {"timestamp":1772528349755,"level":"LOG","args":["[DEBUG] IRR cashFlows:",[-21672995,2347245.6,2332105.4176000003,2316924.2959296005,2301699.8612458818,2286429.685863398,2271111.286784007,2255742.1242925352,2240319.600517421,2224841.0579554588,2209303.777959746,2193704.97918992,2178041.8160237223,2162311.3769289553,2146510.682794799,2130636.6852215184]],"stack":null}
[2026-03-03T08:59:11.665Z] {"timestamp":1772528349755,"level":"LOG","args":["[DEBUG] IRR calculated:","0.06173277934950446","as percentage:","6.17%"],"stack":null}
[2026-03-03T08:59:11.665Z] {"timestamp":1772528349755,"level":"LOG","args":["[DEBUG] IRR cashFlows:",[-22151970,2347245.6,2332105.4176000003,2316924.2959296005,2301699.8612458818,2286429.685863398,2271111.286784007,2255742.1242925352,2240319.600517421,2224841.0579554588,2209303.777959746,2193704.97918992,2178041.8160237223,2162311.3769289553,2146510.682794799,2130636.6852215184]],"stack":null}
[2026-03-03T08:59:11.665Z] {"timestamp":1772528349755,"level":"LOG","args":["[DEBUG] IRR calculated:","0.058326456314478206","as percentage:","5.83%"],"stack":null}
[2026-03-03T08:59:11.665Z] {"timestamp":1772528349755,"level":"LOG","args":["[DEBUG] IRR cashFlows:",[-22833920,2347245.6,2332105.4176000003,2316924.2959296005,2301699.8612458818,2286429.685863398,2271111.286784007,2255742.1242925352,2240319.600517421,2224841.0579554588,2209303.777959746,2193704.97918992,2178041.8160237223,2162311.3769289553,2146510.682794799,2130636.6852215184]],"stack":null}
[2026-03-03T08:59:11.665Z] {"timestamp":1772528349755,"level":"LOG","args":["[DEBUG] IRR calculated:","0.05366621689490418","as percentage:","5.37%"],"stack":null}
[2026-03-03T08:59:11.665Z] {"timestamp":1772528349755,"level":"LOG","args":["[DEBUG] IRR cashFlows:",[-21295970,2347245.6,2332105.4176000003,2316924.2959296005,2301699.8612458818,2286429.685863398,2271111.286784007,2255742.1242925352,2240319.600517421,2224841.0579554588,2209303.777959746,2193704.97918992,2178041.8160237223,2162311.3769289553,2146510.682794799,2130636.6852215184]],"stack":null}
[2026-03-03T08:59:11.665Z] {"timestamp":1772528349756,"level":"LOG","args":["[DEBUG] IRR calculated:","0.06449636898574769","as percentage:","6.45%"],"stack":null}
[2026-03-03T08:59:11.665Z] {"timestamp":1772528349756,"level":"LOG","args":["[DEBUG] IRR cashFlows:",[-21470770,2347245.6,2332105.4176000003,2316924.2959296005,2301699.8612458818,2286429.685863398,2271111.286784007,2255742.1242925352,2240319.600517421,2224841.0579554588,2209303.777959746,2193704.97918992,2178041.8160237223,2162311.3769289553,2146510.682794799,2130636.6852215184]],"stack":null}
[2026-03-03T08:59:11.665Z] {"timestamp":1772528349756,"level":"LOG","args":["[DEBUG] IRR calculated:","0.06320581353613193","as percentage:","6.32%"],"stack":null}
[2026-03-03T08:59:11.665Z] {"timestamp":1772528349756,"level":"LOG","args":["[DEBUG] IRR cashFlows:",[-21706520,2347245.6,2332105.4176000003,2316924.2959296005,2301699.8612458818,2286429.685863398,2271111.286784007,2255742.1242925352,2240319.600517421,2224841.0579554588,2209303.777959746,2193704.97918992,2178041.8160237223,2162311.3769289553,2146510.682794799,2130636.6852215184]],"stack":null}
[2026-03-03T08:59:11.665Z] {"timestamp":1772528349756,"level":"LOG","args":["[DEBUG] IRR calculated:","0.06149061655758006","as percentage:","6.15%"],"stack":null}
[2026-03-03T08:59:11.665Z] {"timestamp":1772528349756,"level":"LOG","args":["[DEBUG] IRR cashFlows:",[-22058995,2347245.6,2332105.4176000003,2316924.2959296005,2301699.8612458818,2286429.685863398,2271111.286784007,2255742.1242925352,2240319.600517421,2224841.0579554588,2209303.777959746,2193704.97918992,2178041.8160237223,2162311.3769289553,2146510.682794799,2130636.6852215184]],"stack":null}
[2026-03-03T08:59:11.665Z] {"timestamp":1772528349756,"level":"LOG","args":["[DEBUG] IRR calculated:","0.05897880004117878","as percentage:","5.90%"],"stack":null}
[2026-03-03T08:59:11.665Z] {"timestamp":1772528349756,"level":"LOG","args":["[DEBUG] IRR cashFlows:",[-22652970,2347245.6,2332105.4176000003,2316924.2959296005,2301699.8612458818,2286429.685863398,2271111.286784007,2255742.1242925352,2240319.600517421,2224841.0579554588,2209303.777959746,2193704.97918992,2178041.8160237223,2162311.3769289553,2146510.682794799,2130636.6852215184]],"stack":null}
[2026-03-03T08:59:11.665Z] {"timestamp":1772528349756,"level":"LOG","args":["[DEBUG] IRR calculated:","0.05488191300298694","as percentage:","5.49%"],"stack":null}
[2026-03-03T08:59:11.665Z] {"timestamp":1772528349756,"level":"LOG","args":["[DEBUG] IRR cashFlows:",[-23495920,2347245.6,2332105.4176000003,2316924.2959296005,2301699.8612458818,2286429.685863398,2271111.286784007,2255742.1242925352,2240319.600517421,2224841.0579554588,2209303.777959746,2193704.97918992,2178041.8160237223,2162311.3769289553,2146510.682794799,2130636.6852215184]],"stack":null}
[2026-03-03T08:59:11.665Z] {"timestamp":1772528349756,"level":"LOG","args":["[DEBUG] IRR calculated:","0.04934042050246808","as percentage:","4.93%"],"stack":null}
[2026-03-03T08:59:11.665Z] {"timestamp":1772528349756,"level":"LOG","args":["[DEBUG] IRR cashFlows:",[-21532470,2347245.6,2332105.4176000003,2316924.2959296005,2301699.8612458818,2286429.685863398,2271111.286784007,2255742.1242925352,2240319.600517421,2224841.0579554588,2209303.777959746,2193704.97918992,2178041.8160237223,2162311.3769289553,2146510.682794799,2130636.6852215184]],"stack":null}
[2026-03-03T08:59:11.665Z] {"timestamp":1772528349756,"level":"LOG","args":["[DEBUG] IRR calculated:","0.06275413050974829","as percentage:","6.28%"],"stack":null}
[2026-03-03T08:59:11.665Z] {"timestamp":1772528349756,"level":"LOG","args":["[DEBUG] IRR cashFlows:",[-21741770,2347245.6,2332105.4176000003,2316924.2959296005,2301699.8612458818,2286429.685863398,2271111.286784007,2255742.1242925352,2240319.600517421,2224841.0579554588,2209303.777959746,2193704.97918992,2178041.8160237223,2162311.3769289553,2146510.682794799,2130636.6852215184]],"stack":null}
[2026-03-03T08:59:11.665Z] {"timestamp":1772528349757,"level":"LOG","args":["[DEBUG] IRR calculated:","0.06123661152255621","as percentage:","6.12%"],"stack":null}
[2026-03-03T08:59:11.665Z] {"timestamp":1772528349757,"level":"LOG","args":["[DEBUG] IRR cashFlows:",[-22023520,2347245.6,2332105.4176000003,2316924.2959296005,2301699.8612458818,2286429.685863398,2271111.286784007,2255742.1242925352,2240319.600517421,2224841.0579554588,2209303.777959746,2193704.97918992,2178041.8160237223,2162311.3769289553,2146510.682794799,2130636.6852215184]],"stack":null}
[2026-03-03T08:59:11.665Z] {"timestamp":1772528349757,"level":"LOG","args":["[DEBUG] IRR calculated:","0.059228814052242125","as percentage:","5.92%"],"stack":null}
[2026-03-03T08:59:11.665Z] {"timestamp":1772528349757,"level":"LOG","args":["[DEBUG] IRR cashFlows:",[-22444995,2347245.6,2332105.4176000003,2316924.2959296005,2301699.8612458818,2286429.685863398,2271111.286784007,2255742.1242925352,2240319.600517421,2224841.0579554588,2209303.777959746,2193704.97918992,2178041.8160237223,2162311.3769289553,2146510.682794799,2130636.6852215184]],"stack":null}
[2026-03-03T08:59:11.665Z] {"timestamp":1772528349757,"level":"LOG","args":["[DEBUG] IRR calculated:","0.05629756874796891","as percentage:","5.63%"],"stack":null}
[2026-03-03T08:59:11.665Z] {"timestamp":1772528349757,"level":"LOG","args":["[DEBUG] IRR cashFlows:",[-23153970,2347245.6,2332105.4176000003,2316924.2959296005,2301699.8612458818,2286429.685863398,2271111.286784007,2255742.1242925352,2240319.600517421,2224841.0579554588,2209303.777959746,2193704.97918992,2178041.8160237223,2162311.3769289553,2146510.682794799,2130636.6852215184]],"stack":null}
[2026-03-03T08:59:11.665Z] {"timestamp":1772528349757,"level":"LOG","args":["[DEBUG] IRR calculated:","0.05155144940558404","as percentage:","5.16%"],"stack":null}
[2026-03-03T08:59:11.665Z] {"timestamp":1772528349757,"level":"LOG","args":["[DEBUG] IRR cashFlows:",[-24157920,2347245.6,2332105.4176000003,2316924.2959296005,2301699.8612458818,2286429.685863398,2271111.286784007,2255742.1242925352,2240319.600517421,2224841.0579554588,2209303.777959746,2193704.97918992,2178041.8160237223,2162311.3769289553,2146510.682794799,2130636.6852215184]],"stack":null}
[2026-03-03T08:59:11.665Z] {"timestamp":1772528349757,"level":"LOG","args":["[DEBUG] IRR calculated:","0.045195194883333435","as percentage:","4.52%"],"stack":null}
[2026-03-03T08:59:11.665Z] {"timestamp":1772528349757,"level":"LOG","args":["[DEBUG] IRR cashFlows:",[-21768970,2347245.6,2332105.4176000003,2316924.2959296005,2301699.8612458818,2286429.685863398,2271111.286784007,2255742.1242925352,2240319.600517421,2224841.0579554588,2209303.777959746,2193704.97918992,2178041.8160237223,2162311.3769289553,2146510.682794799,2130636.6852215184]],"stack":null}
[2026-03-03T08:59:11.665Z] {"timestamp":1772528349757,"level":"LOG","args":["[DEBUG] IRR calculated:","0.06104104462173326","as percentage:","6.10%"],"stack":null}
[2026-03-03T08:59:11.665Z] {"timestamp":1772528349757,"level":"LOG","args":["[DEBUG] IRR cashFlows:",[-22012770,2347245.6,2332105.4176000003,2316924.2959296005,2301699.8612458818,2286429.685863398,2271111.286784007,2255742.1242925352,2240319.600517421,2224841.0579554588,2209303.777959746,2193704.97918992,2178041.8160237223,2162311.3769289553,2146510.682794799,2130636.6852215184]],"stack":null}
[2026-03-03T08:59:11.665Z] {"timestamp":1772528349757,"level":"LOG","args":["[DEBUG] IRR calculated:","0.059304697559518414","as percentage:","5.93%"],"stack":null}
[2026-03-03T08:59:11.665Z] {"timestamp":1772528349757,"level":"LOG","args":["[DEBUG] IRR cashFlows:",[-22340520,2347245.6,2332105.4176000003,2316924.2959296005,2301699.8612458818,2286429.685863398,2271111.286784007,2255742.1242925352,2240319.600517421,2224841.0579554588,2209303.777959746,2193704.97918992,2178041.8160237223,2162311.3769289553,2146510.682794799,2130636.6852215184]],"stack":null}
[2026-03-03T08:59:11.665Z] {"timestamp":1772528349757,"level":"LOG","args":["[DEBUG] IRR calculated:","0.057016285787792935","as percentage:","5.70%"],"stack":null}
[2026-03-03T08:59:11.665Z] {"timestamp":1772528349757,"level":"LOG","args":["[DEBUG] IRR cashFlows:",[-22830995,2347245.6,2332105.4176000003,2316924.2959296005,2301699.8612458818,2286429.685863398,2271111.286784007,2255742.1242925352,2240319.600517421,2224841.0579554588,2209303.777959746,2193704.97918992,2178041.8160237223,2162311.3769289553,2146510.682794799,2130636.6852215184]],"stack":null}
[2026-03-03T08:59:11.665Z] {"timestamp":1772528349757,"level":"LOG","args":["[DEBUG] IRR calculated:","0.05368575162351055","as percentage:","5.37%"],"stack":null}
[2026-03-03T08:59:11.665Z] {"timestamp":1772528349757,"level":"LOG","args":["[DEBUG] IRR cashFlows:",[-23654970,2347245.6,2332105.4176000003,2316924.2959296005,2301699.8612458818,2286429.685863398,2271111.286784007,2255742.1242925352,2240319.600517421,2224841.0579554588,2209303.777959746,2193704.97918992,2178041.8160237223,2162311.3769289553,2146510.682794799,2130636.6852215184]],"stack":null}
[2026-03-03T08:59:11.665Z] {"timestamp":1772528349757,"level":"LOG","args":["[DEBUG] IRR calculated:","0.04832853410409416","as percentage:","4.83%"],"stack":null}
[2026-03-03T08:59:11.665Z] {"timestamp":1772528349757,"level":"LOG","args":["[DEBUG] IRR cashFlows:",[-24819920,2347245.6,2332105.4176000003,2316924.2959296005,2301699.8612458818,2286429.685863398,2271111.286784007,2255742.1242925352,2240319.600517421,2224841.0579554588,2209303.777959746,2193704.97918992,2178041.8160237223,2162311.3769289553,2146510.682794799,2130636.6852215184]],"stack":null}
[2026-03-03T08:59:11.665Z] {"timestamp":1772528349757,"level":"LOG","args":["[DEBUG] IRR calculated:","0.04121756847793395","as percentage:","4.12%"],"stack":null}
[2026-03-03T08:59:11.665Z] {"timestamp":1772528349758,"level":"LOG","args":["[DEBUG] IRR cashFlows:",[-22005470,2347245.6,2332105.4176000003,2316924.2959296005,2301699.8612458818,2286429.685863398,2271111.286784007,2255742.1242925352,2240319.600517421,2224841.0579554588,2209303.777959746,2193704.97918992,2178041.8160237223,2162311.3769289553,2146510.682794799,2130636.6852215184]],"stack":null}
[2026-03-03T08:59:11.665Z] {"timestamp":1772528349758,"level":"LOG","args":["[DEBUG] IRR calculated:","0.05935626009265614","as percentage:","5.94%"],"stack":null}
[2026-03-03T08:59:11.665Z] {"timestamp":1772528349758,"level":"LOG","args":["[DEBUG] IRR cashFlows:",[-22283770,2347245.6,2332105.4176000003,2316924.2959296005,2301699.8612458818,2286429.685863398,2271111.286784007,2255742.1242925352,2240319.600517421,2224841.0579554588,2209303.777959746,2193704.97918992,2178041.8160237223,2162311.3769289553,2146510.682794799,2130636.6852215184]],"stack":null}
[2026-03-03T08:59:11.665Z] {"timestamp":1772528349758,"level":"LOG","args":["[DEBUG] IRR calculated:","0.05740884089179996","as percentage:","5.74%"],"stack":null}
[2026-03-03T08:59:11.665Z] {"timestamp":1772528349758,"level":"LOG","args":["[DEBUG] IRR cashFlows:",[-22657520,2347245.6,2332105.4176000003,2316924.2959296005,2301699.8612458818,2286429.685863398,2271111.286784007,2255742.1242925352,2240319.600517421,2224841.0579554588,2209303.777959746,2193704.97918992,2178041.8160237223,2162311.3769289553,2146510.682794799,2130636.6852215184]],"stack":null}
[2026-03-03T08:59:11.665Z] {"timestamp":1772528349758,"level":"LOG","args":["[DEBUG] IRR calculated:","0.05485116325604188","as percentage:","5.49%"],"stack":null}
[2026-03-03T08:59:11.665Z] {"timestamp":1772528349758,"level":"LOG","args":["[DEBUG] IRR cashFlows:",[-23216995,2347245.6,2332105.4176000003,2316924.2959296005,2301699.8612458818,2286429.685863398,2271111.286784007,2255742.1242925352,2240319.600517421,2224841.0579554588,2209303.777959746,2193704.97918992,2178041.8160237223,2162311.3769289553,2146510.682794799,2130636.6852215184]],"stack":null}
[2026-03-03T08:59:11.665Z] {"timestamp":1772528349758,"level":"LOG","args":["[DEBUG] IRR calculated:","0.05114022696919229","as percentage:","5.11%"],"stack":null}
[2026-03-03T08:59:11.665Z] {"timestamp":1772528349758,"level":"LOG","args":["[DEBUG] IRR cashFlows:",[-24155970,2347245.6,2332105.4176000003,2316924.2959296005,2301699.8612458818,2286429.685863398,2271111.286784007,2255742.1242925352,2240319.600517421,2224841.0579554588,2209303.777959746,2193704.97918992,2178041.8160237223,2162311.3769289553,2146510.682794799,2130636.6852215184]],"stack":null}
[2026-03-03T08:59:11.665Z] {"timestamp":1772528349758,"level":"LOG","args":["[DEBUG] IRR calculated:","0.04520715298860184","as percentage:","4.52%"],"stack":null}
[2026-03-03T08:59:11.665Z] {"timestamp":1772528349758,"level":"LOG","args":["[DEBUG] IRR cashFlows:",[-25481920,2347245.6,2332105.4176000003,2316924.2959296005,2301699.8612458818,2286429.685863398,2271111.286784007,2255742.1242925352,2240319.600517421,2224841.0579554588,2209303.777959746,2193704.97918992,2178041.8160237223,2162311.3769289553,2146510.682794799,2130636.6852215184]],"stack":null}
[2026-03-03T08:59:11.665Z] {"timestamp":1772528349758,"level":"LOG","args":["[DEBUG] IRR calculated:","0.037395852703504665","as percentage:","3.74%"],"stack":null}
[2026-03-03T08:59:11.665Z] {"timestamp":1772528349758,"level":"LOG","args":["[DEBUG] IRR cashFlows:",[-22241970,2347245.6,2332105.4176000003,2316924.2959296005,2301699.8612458818,2286429.685863398,2271111.286784007,2255742.1242925352,2240319.600517421,2224841.0579554588,2209303.777959746,2193704.97918992,2178041.8160237223,2162311.3769289553,2146510.682794799,2130636.6852215184]],"stack":null}
[2026-03-03T08:59:11.665Z] {"timestamp":1772528349758,"level":"LOG","args":["[DEBUG] IRR calculated:","0.057698960409099886","as percentage:","5.77%"],"stack":null}
[2026-03-03T08:59:11.665Z] {"timestamp":1772528349758,"level":"LOG","args":["[DEBUG] IRR cashFlows:",[-22554770,2347245.6,2332105.4176000003,2316924.2959296005,2301699.8612458818,2286429.685863398,2271111.286784007,2255742.1242925352,2240319.600517421,2224841.0579554588,2209303.777959746,2193704.97918992,2178041.8160237223,2162311.3769289553,2146510.682794799,2130636.6852215184]],"stack":null}
[2026-03-03T08:59:11.665Z] {"timestamp":1772528349758,"level":"LOG","args":["[DEBUG] IRR calculated:","0.05554786743469476","as percentage:","5.55%"],"stack":null}
[2026-03-03T08:59:11.665Z] {"timestamp":1772528349758,"level":"LOG","args":["[DEBUG] IRR cashFlows:",[-22974520,2347245.6,2332105.4176000003,2316924.2959296005,2301699.8612458818,2286429.685863398,2271111.286784007,2255742.1242925352,2240319.600517421,2224841.0579554588,2209303.777959746,2193704.97918992,2178041.8160237223,2162311.3769289553,2146510.682794799,2130636.6852215184]],"stack":null}
[2026-03-03T08:59:11.665Z] {"timestamp":1772528349758,"level":"LOG","args":["[DEBUG] IRR calculated:","0.052731676639772296","as percentage:","5.27%"],"stack":null}
[2026-03-03T08:59:11.665Z] {"timestamp":1772528349758,"level":"LOG","args":["[DEBUG] IRR cashFlows:",[-23602995,2347245.6,2332105.4176000003,2316924.2959296005,2301699.8612458818,2286429.685863398,2271111.286784007,2255742.1242925352,2240319.600517421,2224841.0579554588,2209303.777959746,2193704.97918992,2178041.8160237223,2162311.3769289553,2146510.682794799,2130636.6852215184]],"stack":null}
[2026-03-03T08:59:11.665Z] {"timestamp":1772528349758,"level":"LOG","args":["[DEBUG] IRR calculated:","0.04865806819294149","as percentage:","4.87%"],"stack":null}
[2026-03-03T08:59:11.665Z] {"timestamp":1772528349758,"level":"LOG","args":["[DEBUG] IRR cashFlows:",[-24656970,2347245.6,2332105.4176000003,2316924.2959296005,2301699.8612458818,2286429.685863398,2271111.286784007,2255742.1242925352,2240319.600517421,2224841.0579554588,2209303.777959746,2193704.97918992,2178041.8160237223,2162311.3769289553,2146510.682794799,2130636.6852215184]],"stack":null}
[2026-03-03T08:59:11.665Z] {"timestamp":1772528349758,"level":"LOG","args":["[DEBUG] IRR calculated:","0.04218175772827382","as percentage:","4.22%"],"stack":null}
[2026-03-03T08:59:11.665Z] {"timestamp":1772528349758,"level":"LOG","args":["[DEBUG] IRR cashFlows:",[-26143920,2347245.6,2332105.4176000003,2316924.2959296005,2301699.8612458818,2286429.685863398,2271111.286784007,2255742.1242925352,2240319.600517421,2224841.0579554588,2209303.777959746,2193704.97918992,2178041.8160237223,2162311.3769289553,2146510.682794799,2130636.6852215184]],"stack":null}
[2026-03-03T08:59:11.665Z] {"timestamp":1772528349758,"level":"LOG","args":["[DEBUG] IRR calculated:","0.033719483105901414","as percentage:","3.37%"],"stack":null}
[2026-03-03T08:59:11.665Z] {"timestamp":1772528349759,"level":"LOG","args":["[DEBUG] IRR cashFlows:",[-22478470,2347245.6,2332105.4176000003,2316924.2959296005,2301699.8612458818,2286429.685863398,2271111.286784007,2255742.1242925352,2240319.600517421,2224841.0579554588,2209303.777959746,2193704.97918992,2178041.8160237223,2162311.3769289553,2146510.682794799,2130636.6852215184]],"stack":null}
[2026-03-03T08:59:11.665Z] {"timestamp":1772528349759,"level":"LOG","args":["[DEBUG] IRR calculated:","0.056068361975843424","as percentage:","5.61%"],"stack":null}
[2026-03-03T08:59:11.665Z] {"timestamp":1772528349759,"level":"LOG","args":["[DEBUG] IRR cashFlows:",[-22825770,2347245.6,2332105.4176000003,2316924.2959296005,2301699.8612458818,2286429.685863398,2271111.286784007,2255742.1242925352,2240319.600517421,2224841.0579554588,2209303.777959746,2193704.97918992,2178041.8160237223,2162311.3769289553,2146510.682794799,2130636.6852215184]],"stack":null}
[2026-03-03T08:59:11.665Z] {"timestamp":1772528349759,"level":"LOG","args":["[DEBUG] IRR calculated:","0.05372065646529879","as percentage:","5.37%"],"stack":null}
[2026-03-03T08:59:11.665Z] {"timestamp":1772528349759,"level":"LOG","args":["[DEBUG] IRR cashFlows:",[-23291520,2347245.6,2332105.4176000003,2316924.2959296005,2301699.8612458818,2286429.685863398,2271111.286784007,2255742.1242925352,2240319.600517421,2224841.0579554588,2209303.777959746,2193704.97918992,2178041.8160237223,2162311.3769289553,2146510.682794799,2130636.6852215184]],"stack":null}
[2026-03-03T08:59:11.665Z] {"timestamp":1772528349759,"level":"LOG","args":["[DEBUG] IRR calculated:","0.05065614821353178","as percentage:","5.07%"],"stack":null}
[2026-03-03T08:59:11.665Z] {"timestamp":1772528349759,"level":"LOG","args":["[DEBUG] IRR cashFlows:",[-23988995,2347245.6,2332105.4176000003,2316924.2959296005,2301699.8612458818,2286429.685863398,2271111.286784007,2255742.1242925352,2240319.600517421,2224841.0579554588,2209303.777959746,2193704.97918992,2178041.8160237223,2162311.3769289553,2146510.682794799,2130636.6852215184]],"stack":null}
[2026-03-03T08:59:11.665Z] {"timestamp":1772528349759,"level":"LOG","args":["[DEBUG] IRR calculated:","0.04623652840614501","as percentage:","4.62%"],"stack":null}
[2026-03-03T08:59:11.665Z] {"timestamp":1772528349759,"level":"LOG","args":["[DEBUG] IRR cashFlows:",[-25157970,2347245.6,2332105.4176000003,2316924.2959296005,2301699.8612458818,2286429.685863398,2271111.286784007,2255742.1242925352,2240319.600517421,2224841.0579554588,2209303.777959746,2193704.97918992,2178041.8160237223,2162311.3769289553,2146510.682794799,2130636.6852215184]],"stack":null}
[2026-03-03T08:59:11.665Z] {"timestamp":1772528349759,"level":"LOG","args":["[DEBUG] IRR calculated:","0.03924722036257719","as percentage:","3.92%"],"stack":null}
[2026-03-03T08:59:11.665Z] {"timestamp":1772528349759,"level":"LOG","args":["[DEBUG] IRR cashFlows:",[-26805920,2347245.6,2332105.4176000003,2316924.2959296005,2301699.8612458818,2286429.685863398,2271111.286784007,2255742.1242925352,2240319.600517421,2224841.0579554588,2209303.777959746,2193704.97918992,2178041.8160237223,2162311.3769289553,2146510.682794799,2130636.6852215184]],"stack":null}
[2026-03-03T08:59:11.665Z] {"timestamp":1772528349759,"level":"LOG","args":["[DEBUG] IRR calculated:","0.03017888385735712","as percentage:","3.02%"],"stack":null}
[2026-03-03T08:59:11.665Z] {"timestamp":1772528349759,"level":"LOG","args":["[DEBUG SENSITIVITY] Matrix minIrr:","0.03017888385735712","maxIrr:","0.07177519955991235","minIrr%:","3.02","maxIrr%:","7.18"],"stack":null}
[2026-03-03T08:59:11.665Z] {"timestamp":1772528349807,"level":"WARN","args":["The width(0) and height(0) of chart should be greater than 0,\n       please check the style of container, or the props width(100%) and height(100%),\n       or add a minWidth(0) or minHeight(undefined) or use aspect(undefined) to control the\n       height and width."],"stack":null}
[2026-03-03T08:59:15.674Z] {"timestamp":1772528354971,"level":"LOG","args":["[DEBUG SENSITIVITY] Matrix minIrr:","0.03017888385735712","maxIrr:","0.07177519955991235","minIrr%:","3.02","maxIrr%:","7.18"],"stack":null}
[2026-03-03T08:59:15.674Z] {"timestamp":1772528354973,"level":"LOG","args":["[DEBUG] IRR cashFlows:",[-20052520,2347245.6,2332105.4176000003,2316924.2959296005,2301699.8612458818,2286429.685863398,2271111.286784007,2255742.1242925352,2240319.600517421,2224841.0579554588,2209303.777959746,2193704.97918992,2178041.8160237223,2162311.3769289553,2146510.682794799,2130636.6852215184]],"stack":null}
[2026-03-03T08:59:15.674Z] {"timestamp":1772528354973,"level":"LOG","args":["[DEBUG] IRR calculated:","0.0741731803149236","as percentage:","7.42%"],"stack":null}
[2026-03-03T08:59:15.674Z] {"timestamp":1772528354973,"level":"LOG","args":["[DEBUG] IRR cashFlows:",[-20349970,2347245.6,2332105.4176000003,2316924.2959296005,2301699.8612458818,2286429.685863398,2271111.286784007,2255742.1242925352,2240319.600517421,2224841.0579554588,2209303.777959746,2193704.97918992,2178041.8160237223,2162311.3769289553,2146510.682794799,2130636.6852215184]],"stack":null}
[2026-03-03T08:59:15.674Z] {"timestamp":1772528354973,"level":"LOG","args":["[DEBUG] IRR calculated:","0.07177519955991235","as percentage:","7.18%"],"stack":null}
[2026-03-03T08:59:15.674Z] {"timestamp":1772528354973,"level":"LOG","args":["[DEBUG SENSITIVITY] First cell (6kV, 1km):",{"lcoe":125.79290595909659,"irr":0.07177519955991235,"irrPercent":"7.18"}],"stack":null}
[2026-03-03T08:59:15.674Z] {"timestamp":1772528354973,"level":"LOG","args":["[DEBUG] IRR cashFlows:",[-20386770,2347245.6,2332105.4176000003,2316924.2959296005,2301699.8612458818,2286429.685863398,2271111.286784007,2255742.1242925352,2240319.600517421,2224841.0579554588,2209303.777959746,2193704.97918992,2178041.8160237223,2162311.3769289553,2146510.682794799,2130636.6852215184]],"stack":null}
[2026-03-03T08:59:15.674Z] {"timestamp":1772528354973,"level":"LOG","args":["[DEBUG] IRR calculated:","0.07148230806457223","as percentage:","7.15%"],"stack":null}
[2026-03-03T08:59:15.674Z] {"timestamp":1772528354974,"level":"LOG","args":["[DEBUG] IRR cashFlows:",[-20438520,2347245.6,2332105.4176000003,2316924.2959296005,2301699.8612458818,2286429.685863398,2271111.286784007,2255742.1242925352,2240319.600517421,2224841.0579554588,2209303.777959746,2193704.97918992,2178041.8160237223,2162311.3769289553,2146510.682794799,2130636.6852215184]],"stack":null}
[2026-03-03T08:59:15.674Z] {"timestamp":1772528354974,"level":"LOG","args":["[DEBUG] IRR calculated:","0.0710718143025396","as percentage:","7.11%"],"stack":null}
[2026-03-03T08:59:15.674Z] {"timestamp":1772528354974,"level":"LOG","args":["[DEBUG] IRR cashFlows:",[-20514995,2347245.6,2332105.4176000003,2316924.2959296005,2301699.8612458818,2286429.685863398,2271111.286784007,2255742.1242925352,2240319.600517421,2224841.0579554588,2209303.777959746,2193704.97918992,2178041.8160237223,2162311.3769289553,2146510.682794799,2130636.6852215184]],"stack":null}
[2026-03-03T08:59:15.674Z] {"timestamp":1772528354974,"level":"LOG","args":["[DEBUG] IRR calculated:","0.07046813757853714","as percentage:","7.05%"],"stack":null}
[2026-03-03T08:59:15.674Z] {"timestamp":1772528354974,"level":"LOG","args":["[DEBUG] IRR cashFlows:",[-20648970,2347245.6,2332105.4176000003,2316924.2959296005,2301699.8612458818,2286429.685863398,2271111.286784007,2255742.1242925352,2240319.600517421,2224841.0579554588,2209303.777959746,2193704.97918992,2178041.8160237223,2162311.3769289553,2146510.682794799,2130636.6852215184]],"stack":null}
[2026-03-03T08:59:15.674Z] {"timestamp":1772528354974,"level":"LOG","args":["[DEBUG] IRR calculated:","0.06941892935770344","as percentage:","6.94%"],"stack":null}
[2026-03-03T08:59:15.674Z] {"timestamp":1772528354974,"level":"LOG","args":["[DEBUG] IRR cashFlows:",[-20847920,2347245.6,2332105.4176000003,2316924.2959296005,2301699.8612458818,2286429.685863398,2271111.286784007,2255742.1242925352,2240319.600517421,2224841.0579554588,2209303.777959746,2193704.97918992,2178041.8160237223,2162311.3769289553,2146510.682794799,2130636.6852215184]],"stack":null}
[2026-03-03T08:59:15.674Z] {"timestamp":1772528354974,"level":"LOG","args":["[DEBUG] IRR calculated:","0.06788016749640302","as percentage:","6.79%"],"stack":null}
[2026-03-03T08:59:15.674Z] {"timestamp":1772528354974,"level":"LOG","args":["[DEBUG] IRR cashFlows:",[-20586470,2347245.6,2332105.4176000003,2316924.2959296005,2301699.8612458818,2286429.685863398,2271111.286784007,2255742.1242925352,2240319.600517421,2224841.0579554588,2209303.777959746,2193704.97918992,2178041.8160237223,2162311.3769289553,2146510.682794799,2130636.6852215184]],"stack":null}
[2026-03-03T08:59:15.674Z] {"timestamp":1772528354974,"level":"LOG","args":["[DEBUG] IRR calculated:","0.06990707417421428","as percentage:","6.99%"],"stack":null}
[2026-03-03T08:59:15.674Z] {"timestamp":1772528354974,"level":"LOG","args":["[DEBUG] IRR cashFlows:",[-20657770,2347245.6,2332105.4176000003,2316924.2959296005,2301699.8612458818,2286429.685863398,2271111.286784007,2255742.1242925352,2240319.600517421,2224841.0579554588,2209303.777959746,2193704.97918992,2178041.8160237223,2162311.3769289553,2146510.682794799,2130636.6852215184]],"stack":null}
[2026-03-03T08:59:15.674Z] {"timestamp":1772528354974,"level":"LOG","args":["[DEBUG] IRR calculated:","0.06935038224521865","as percentage:","6.94%"],"stack":null}
[2026-03-03T08:59:15.674Z] {"timestamp":1772528354975,"level":"LOG","args":["[DEBUG] IRR cashFlows:",[-20755520,2347245.6,2332105.4176000003,2316924.2959296005,2301699.8612458818,2286429.685863398,2271111.286784007,2255742.1242925352,2240319.600517421,2224841.0579554588,2209303.777959746,2193704.97918992,2178041.8160237223,2162311.3769289553,2146510.682794799,2130636.6852215184]],"stack":null}
[2026-03-03T08:59:15.674Z] {"timestamp":1772528354975,"level":"LOG","args":["[DEBUG] IRR calculated:","0.06859199042281805","as percentage:","6.86%"],"stack":null}
[2026-03-03T08:59:15.674Z] {"timestamp":1772528354975,"level":"LOG","args":["[DEBUG] IRR cashFlows:",[-20900995,2347245.6,2332105.4176000003,2316924.2959296005,2301699.8612458818,2286429.685863398,2271111.286784007,2255742.1242925352,2240319.600517421,2224841.0579554588,2209303.777959746,2193704.97918992,2178041.8160237223,2162311.3769289553,2146510.682794799,2130636.6852215184]],"stack":null}
[2026-03-03T08:59:15.674Z] {"timestamp":1772528354975,"level":"LOG","args":["[DEBUG] IRR calculated:","0.06747349355098918","as percentage:","6.75%"],"stack":null}
[2026-03-03T08:59:15.674Z] {"timestamp":1772528354975,"level":"LOG","args":["[DEBUG] IRR cashFlows:",[-21149970,2347245.6,2332105.4176000003,2316924.2959296005,2301699.8612458818,2286429.685863398,2271111.286784007,2255742.1242925352,2240319.600517421,2224841.0579554588,2209303.777959746,2193704.97918992,2178041.8160237223,2162311.3769289553,2146510.682794799,2130636.6852215184]],"stack":null}
[2026-03-03T08:59:15.674Z] {"timestamp":1772528354975,"level":"LOG","args":["[DEBUG] IRR calculated:","0.06558685445344957","as percentage:","6.56%"],"stack":null}
[2026-03-03T08:59:15.674Z] {"timestamp":1772528354976,"level":"LOG","args":["[DEBUG] IRR cashFlows:",[-21509920,2347245.6,2332105.4176000003,2316924.2959296005,2301699.8612458818,2286429.685863398,2271111.286784007,2255742.1242925352,2240319.600517421,2224841.0579554588,2209303.777959746,2193704.97918992,2178041.8160237223,2162311.3769289553,2146510.682794799,2130636.6852215184]],"stack":null}
[2026-03-03T08:59:15.674Z] {"timestamp":1772528354976,"level":"LOG","args":["[DEBUG] IRR calculated:","0.06291897990856639","as percentage:","6.29%"],"stack":null}
[2026-03-03T08:59:15.674Z] {"timestamp":1772528354976,"level":"LOG","args":["[DEBUG] IRR cashFlows:",[-20822970,2347245.6,2332105.4176000003,2316924.2959296005,2301699.8612458818,2286429.685863398,2271111.286784007,2255742.1242925352,2240319.600517421,2224841.0579554588,2209303.777959746,2193704.97918992,2178041.8160237223,2162311.3769289553,2146510.682794799,2130636.6852215184]],"stack":null}
[2026-03-03T08:59:15.674Z] {"timestamp":1772528354976,"level":"LOG","args":["[DEBUG] IRR calculated:","0.06807189383610872","as percentage:","6.81%"],"stack":null}
[2026-03-03T08:59:15.674Z] {"timestamp":1772528354976,"level":"LOG","args":["[DEBUG] IRR cashFlows:",[-20928770,2347245.6,2332105.4176000003,2316924.2959296005,2301699.8612458818,2286429.685863398,2271111.286784007,2255742.1242925352,2240319.600517421,2224841.0579554588,2209303.777959746,2193704.97918992,2178041.8160237223,2162311.3769289553,2146510.682794799,2130636.6852215184]],"stack":null}
[2026-03-03T08:59:15.674Z] {"timestamp":1772528354977,"level":"LOG","args":["[DEBUG] IRR calculated:","0.06726130973497235","as percentage:","6.73%"],"stack":null}
[2026-03-03T08:59:15.674Z] {"timestamp":1772528354977,"level":"LOG","args":["[DEBUG] IRR cashFlows:",[-21072520,2347245.6,2332105.4176000003,2316924.2959296005,2301699.8612458818,2286429.685863398,2271111.286784007,2255742.1242925352,2240319.600517421,2224841.0579554588,2209303.777959746,2193704.97918992,2178041.8160237223,2162311.3769289553,2146510.682794799,2130636.6852215184]],"stack":null}
[2026-03-03T08:59:15.674Z] {"timestamp":1772528354977,"level":"LOG","args":["[DEBUG] IRR calculated:","0.06617005552855004","as percentage:","6.62%"],"stack":null}
[2026-03-03T08:59:15.674Z] {"timestamp":1772528354977,"level":"LOG","args":["[DEBUG] IRR cashFlows:",[-21286995,2347245.6,2332105.4176000003,2316924.2959296005,2301699.8612458818,2286429.685863398,2271111.286784007,2255742.1242925352,2240319.600517421,2224841.0579554588,2209303.777959746,2193704.97918992,2178041.8160237223,2162311.3769289553,2146510.682794799,2130636.6852215184]],"stack":null}
[2026-03-03T08:59:15.674Z] {"timestamp":1772528354977,"level":"LOG","args":["[DEBUG] IRR calculated:","0.0645630715551585","as percentage:","6.46%"],"stack":null}
[2026-03-03T08:59:15.674Z] {"timestamp":1772528354977,"level":"LOG","args":["[DEBUG] IRR cashFlows:",[-21650970,2347245.6,2332105.4176000003,2316924.2959296005,2301699.8612458818,2286429.685863398,2271111.286784007,2255742.1242925352,2240319.600517421,2224841.0579554588,2209303.777959746,2193704.97918992,2178041.8160237223,2162311.3769289553,2146510.682794799,2130636.6852215184]],"stack":null}
[2026-03-03T08:59:15.674Z] {"timestamp":1772528354977,"level":"LOG","args":["[DEBUG] IRR calculated:","0.06189218671006957","as percentage:","6.19%"],"stack":null}
[2026-03-03T08:59:15.674Z] {"timestamp":1772528354977,"level":"LOG","args":["[DEBUG] IRR cashFlows:",[-22171920,2347245.6,2332105.4176000003,2316924.2959296005,2301699.8612458818,2286429.685863398,2271111.286784007,2255742.1242925352,2240319.600517421,2224841.0579554588,2209303.777959746,2193704.97918992,2178041.8160237223,2162311.3769289553,2146510.682794799,2130636.6852215184]],"stack":null}
[2026-03-03T08:59:15.674Z] {"timestamp":1772528354977,"level":"LOG","args":["[DEBUG] IRR calculated:","0.05818702567430744","as percentage:","5.82%"],"stack":null}
[2026-03-03T08:59:15.674Z] {"timestamp":1772528354977,"level":"LOG","args":["[DEBUG] IRR cashFlows:",[-21059470,2347245.6,2332105.4176000003,2316924.2959296005,2301699.8612458818,2286429.685863398,2271111.286784007,2255742.1242925352,2240319.600517421,2224841.0579554588,2209303.777959746,2193704.97918992,2178041.8160237223,2162311.3769289553,2146510.682794799,2130636.6852215184]],"stack":null}
[2026-03-03T08:59:15.674Z] {"timestamp":1772528354977,"level":"LOG","args":["[DEBUG] IRR calculated:","0.06626864791267574","as percentage:","6.63%"],"stack":null}
[2026-03-03T08:59:15.674Z] {"timestamp":1772528354977,"level":"LOG","args":["[DEBUG] IRR cashFlows:",[-21199770,2347245.6,2332105.4176000003,2316924.2959296005,2301699.8612458818,2286429.685863398,2271111.286784007,2255742.1242925352,2240319.600517421,2224841.0579554588,2209303.777959746,2193704.97918992,2178041.8160237223,2162311.3769289553,2146510.682794799,2130636.6852215184]],"stack":null}
[2026-03-03T08:59:15.674Z] {"timestamp":1772528354977,"level":"LOG","args":["[DEBUG] IRR calculated:","0.06521359458773965","as percentage:","6.52%"],"stack":null}
[2026-03-03T08:59:15.674Z] {"timestamp":1772528354977,"level":"LOG","args":["[DEBUG] IRR cashFlows:",[-21389520,2347245.6,2332105.4176000003,2316924.2959296005,2301699.8612458818,2286429.685863398,2271111.286784007,2255742.1242925352,2240319.600517421,2224841.0579554588,2209303.777959746,2193704.97918992,2178041.8160237223,2162311.3769289553,2146510.682794799,2130636.6852215184]],"stack":null}
[2026-03-03T08:59:15.674Z] {"timestamp":1772528354977,"level":"LOG","args":["[DEBUG] IRR calculated:","0.06380366768687844","as percentage:","6.38%"],"stack":null}
[2026-03-03T08:59:15.674Z] {"timestamp":1772528354977,"level":"LOG","args":["[DEBUG] IRR cashFlows:",[-21672995,2347245.6,2332105.4176000003,2316924.2959296005,2301699.8612458818,2286429.685863398,2271111.286784007,2255742.1242925352,2240319.600517421,2224841.0579554588,2209303.777959746,2193704.97918992,2178041.8160237223,2162311.3769289553,2146510.682794799,2130636.6852215184]],"stack":null}
[2026-03-03T08:59:15.674Z] {"timestamp":1772528354977,"level":"LOG","args":["[DEBUG] IRR calculated:","0.06173277934950446","as percentage:","6.17%"],"stack":null}
[2026-03-03T08:59:15.674Z] {"timestamp":1772528354977,"level":"LOG","args":["[DEBUG] IRR cashFlows:",[-22151970,2347245.6,2332105.4176000003,2316924.2959296005,2301699.8612458818,2286429.685863398,2271111.286784007,2255742.1242925352,2240319.600517421,2224841.0579554588,2209303.777959746,2193704.97918992,2178041.8160237223,2162311.3769289553,2146510.682794799,2130636.6852215184]],"stack":null}
[2026-03-03T08:59:15.674Z] {"timestamp":1772528354977,"level":"LOG","args":["[DEBUG] IRR calculated:","0.058326456314478206","as percentage:","5.83%"],"stack":null}
[2026-03-03T08:59:15.674Z] {"timestamp":1772528354977,"level":"LOG","args":["[DEBUG] IRR cashFlows:",[-22833920,2347245.6,2332105.4176000003,2316924.2959296005,2301699.8612458818,2286429.685863398,2271111.286784007,2255742.1242925352,2240319.600517421,2224841.0579554588,2209303.777959746,2193704.97918992,2178041.8160237223,2162311.3769289553,2146510.682794799,2130636.6852215184]],"stack":null}
[2026-03-03T08:59:15.674Z] {"timestamp":1772528354977,"level":"LOG","args":["[DEBUG] IRR calculated:","0.05366621689490418","as percentage:","5.37%"],"stack":null}
[2026-03-03T08:59:15.674Z] {"timestamp":1772528354977,"level":"LOG","args":["[DEBUG] IRR cashFlows:",[-21295970,2347245.6,2332105.4176000003,2316924.2959296005,2301699.8612458818,2286429.685863398,2271111.286784007,2255742.1242925352,2240319.600517421,2224841.0579554588,2209303.777959746,2193704.97918992,2178041.8160237223,2162311.3769289553,2146510.682794799,2130636.6852215184]],"stack":null}
[2026-03-03T08:59:15.674Z] {"timestamp":1772528354977,"level":"LOG","args":["[DEBUG] IRR calculated:","0.06449636898574769","as percentage:","6.45%"],"stack":null}
[2026-03-03T08:59:15.674Z] {"timestamp":1772528354977,"level":"LOG","args":["[DEBUG] IRR cashFlows:",[-21470770,2347245.6,2332105.4176000003,2316924.2959296005,2301699.8612458818,2286429.685863398,2271111.286784007,2255742.1242925352,2240319.600517421,2224841.0579554588,2209303.777959746,2193704.97918992,2178041.8160237223,2162311.3769289553,2146510.682794799,2130636.6852215184]],"stack":null}
[2026-03-03T08:59:15.674Z] {"timestamp":1772528354977,"level":"LOG","args":["[DEBUG] IRR calculated:","0.06320581353613193","as percentage:","6.32%"],"stack":null}
[2026-03-03T08:59:15.674Z] {"timestamp":1772528354977,"level":"LOG","args":["[DEBUG] IRR cashFlows:",[-21706520,2347245.6,2332105.4176000003,2316924.2959296005,2301699.8612458818,2286429.685863398,2271111.286784007,2255742.1242925352,2240319.600517421,2224841.0579554588,2209303.777959746,2193704.97918992,2178041.8160237223,2162311.3769289553,2146510.682794799,2130636.6852215184]],"stack":null}
[2026-03-03T08:59:15.674Z] {"timestamp":1772528354977,"level":"LOG","args":["[DEBUG] IRR calculated:","0.06149061655758006","as percentage:","6.15%"],"stack":null}
[2026-03-03T08:59:15.674Z] {"timestamp":1772528354977,"level":"LOG","args":["[DEBUG] IRR cashFlows:",[-22058995,2347245.6,2332105.4176000003,2316924.2959296005,2301699.8612458818,2286429.685863398,2271111.286784007,2255742.1242925352,2240319.600517421,2224841.0579554588,2209303.777959746,2193704.97918992,2178041.8160237223,2162311.3769289553,2146510.682794799,2130636.6852215184]],"stack":null}
[2026-03-03T08:59:15.674Z] {"timestamp":1772528354977,"level":"LOG","args":["[DEBUG] IRR calculated:","0.05897880004117878","as percentage:","5.90%"],"stack":null}
[2026-03-03T08:59:15.674Z] {"timestamp":1772528354977,"level":"LOG","args":["[DEBUG] IRR cashFlows:",[-22652970,2347245.6,2332105.4176000003,2316924.2959296005,2301699.8612458818,2286429.685863398,2271111.286784007,2255742.1242925352,2240319.600517421,2224841.0579554588,2209303.777959746,2193704.97918992,2178041.8160237223,2162311.3769289553,2146510.682794799,2130636.6852215184]],"stack":null}
[2026-03-03T08:59:15.674Z] {"timestamp":1772528354977,"level":"LOG","args":["[DEBUG] IRR calculated:","0.05488191300298694","as percentage:","5.49%"],"stack":null}
[2026-03-03T08:59:15.674Z] {"timestamp":1772528354977,"level":"LOG","args":["[DEBUG] IRR cashFlows:",[-23495920,2347245.6,2332105.4176000003,2316924.2959296005,2301699.8612458818,2286429.685863398,2271111.286784007,2255742.1242925352,2240319.600517421,2224841.0579554588,2209303.777959746,2193704.97918992,2178041.8160237223,2162311.3769289553,2146510.682794799,2130636.6852215184]],"stack":null}
[2026-03-03T08:59:15.674Z] {"timestamp":1772528354977,"level":"LOG","args":["[DEBUG] IRR calculated:","0.04934042050246808","as percentage:","4.93%"],"stack":null}
[2026-03-03T08:59:15.674Z] {"timestamp":1772528354977,"level":"LOG","args":["[DEBUG] IRR cashFlows:",[-21532470,2347245.6,2332105.4176000003,2316924.2959296005,2301699.8612458818,2286429.685863398,2271111.286784007,2255742.1242925352,2240319.600517421,2224841.0579554588,2209303.777959746,2193704.97918992,2178041.8160237223,2162311.3769289553,2146510.682794799,2130636.6852215184]],"stack":null}
[2026-03-03T08:59:15.674Z] {"timestamp":1772528354977,"level":"LOG","args":["[DEBUG] IRR calculated:","0.06275413050974829","as percentage:","6.28%"],"stack":null}
[2026-03-03T08:59:15.674Z] {"timestamp":1772528354977,"level":"LOG","args":["[DEBUG] IRR cashFlows:",[-21741770,2347245.6,2332105.4176000003,2316924.2959296005,2301699.8612458818,2286429.685863398,2271111.286784007,2255742.1242925352,2240319.600517421,2224841.0579554588,2209303.777959746,2193704.97918992,2178041.8160237223,2162311.3769289553,2146510.682794799,2130636.6852215184]],"stack":null}
[2026-03-03T08:59:15.674Z] {"timestamp":1772528354977,"level":"LOG","args":["[DEBUG] IRR calculated:","0.06123661152255621","as percentage:","6.12%"],"stack":null}
[2026-03-03T08:59:15.674Z] {"timestamp":1772528354977,"level":"LOG","args":["[DEBUG] IRR cashFlows:",[-22023520,2347245.6,2332105.4176000003,2316924.2959296005,2301699.8612458818,2286429.685863398,2271111.286784007,2255742.1242925352,2240319.600517421,2224841.0579554588,2209303.777959746,2193704.97918992,2178041.8160237223,2162311.3769289553,2146510.682794799,2130636.6852215184]],"stack":null}
[2026-03-03T08:59:15.674Z] {"timestamp":1772528354977,"level":"LOG","args":["[DEBUG] IRR calculated:","0.059228814052242125","as percentage:","5.92%"],"stack":null}
[2026-03-03T08:59:15.674Z] {"timestamp":1772528354977,"level":"LOG","args":["[DEBUG] IRR cashFlows:",[-22444995,2347245.6,2332105.4176000003,2316924.2959296005,2301699.8612458818,2286429.685863398,2271111.286784007,2255742.1242925352,2240319.600517421,2224841.0579554588,2209303.777959746,2193704.97918992,2178041.8160237223,2162311.3769289553,2146510.682794799,2130636.6852215184]],"stack":null}
[2026-03-03T08:59:15.674Z] {"timestamp":1772528354978,"level":"LOG","args":["[DEBUG] IRR calculated:","0.05629756874796891","as percentage:","5.63%"],"stack":null}
[2026-03-03T08:59:15.674Z] {"timestamp":1772528354978,"level":"LOG","args":["[DEBUG] IRR cashFlows:",[-23153970,2347245.6,2332105.4176000003,2316924.2959296005,2301699.8612458818,2286429.685863398,2271111.286784007,2255742.1242925352,2240319.600517421,2224841.0579554588,2209303.777959746,2193704.97918992,2178041.8160237223,2162311.3769289553,2146510.682794799,2130636.6852215184]],"stack":null}
[2026-03-03T08:59:15.674Z] {"timestamp":1772528354978,"level":"LOG","args":["[DEBUG] IRR calculated:","0.05155144940558404","as percentage:","5.16%"],"stack":null}
[2026-03-03T08:59:15.674Z] {"timestamp":1772528354978,"level":"LOG","args":["[DEBUG] IRR cashFlows:",[-24157920,2347245.6,2332105.4176000003,2316924.2959296005,2301699.8612458818,2286429.685863398,2271111.286784007,2255742.1242925352,2240319.600517421,2224841.0579554588,2209303.777959746,2193704.97918992,2178041.8160237223,2162311.3769289553,2146510.682794799,2130636.6852215184]],"stack":null}
[2026-03-03T08:59:15.674Z] {"timestamp":1772528354978,"level":"LOG","args":["[DEBUG] IRR calculated:","0.045195194883333435","as percentage:","4.52%"],"stack":null}
[2026-03-03T08:59:15.674Z] {"timestamp":1772528354978,"level":"LOG","args":["[DEBUG] IRR cashFlows:",[-21768970,2347245.6,2332105.4176000003,2316924.2959296005,2301699.8612458818,2286429.685863398,2271111.286784007,2255742.1242925352,2240319.600517421,2224841.0579554588,2209303.777959746,2193704.97918992,2178041.8160237223,2162311.3769289553,2146510.682794799,2130636.6852215184]],"stack":null}
[2026-03-03T08:59:15.674Z] {"timestamp":1772528354978,"level":"LOG","args":["[DEBUG] IRR calculated:","0.06104104462173326","as percentage:","6.10%"],"stack":null}
[2026-03-03T08:59:15.674Z] {"timestamp":1772528354978,"level":"LOG","args":["[DEBUG] IRR cashFlows:",[-22012770,2347245.6,2332105.4176000003,2316924.2959296005,2301699.8612458818,2286429.685863398,2271111.286784007,2255742.1242925352,2240319.600517421,2224841.0579554588,2209303.777959746,2193704.97918992,2178041.8160237223,2162311.3769289553,2146510.682794799,2130636.6852215184]],"stack":null}
[2026-03-03T08:59:15.674Z] {"timestamp":1772528354978,"level":"LOG","args":["[DEBUG] IRR calculated:","0.059304697559518414","as percentage:","5.93%"],"stack":null}
[2026-03-03T08:59:15.674Z] {"timestamp":1772528354978,"level":"LOG","args":["[DEBUG] IRR cashFlows:",[-22340520,2347245.6,2332105.4176000003,2316924.2959296005,2301699.8612458818,2286429.685863398,2271111.286784007,2255742.1242925352,2240319.600517421,2224841.0579554588,2209303.777959746,2193704.97918992,2178041.8160237223,2162311.3769289553,2146510.682794799,2130636.6852215184]],"stack":null}
[2026-03-03T08:59:15.674Z] {"timestamp":1772528354978,"level":"LOG","args":["[DEBUG] IRR calculated:","0.057016285787792935","as percentage:","5.70%"],"stack":null}
[2026-03-03T08:59:15.674Z] {"timestamp":1772528354978,"level":"LOG","args":["[DEBUG] IRR cashFlows:",[-22830995,2347245.6,2332105.4176000003,2316924.2959296005,2301699.8612458818,2286429.685863398,2271111.286784007,2255742.1242925352,2240319.600517421,2224841.0579554588,2209303.777959746,2193704.97918992,2178041.8160237223,2162311.3769289553,2146510.682794799,2130636.6852215184]],"stack":null}
[2026-03-03T08:59:15.674Z] {"timestamp":1772528354978,"level":"LOG","args":["[DEBUG] IRR calculated:","0.05368575162351055","as percentage:","5.37%"],"stack":null}
[2026-03-03T08:59:15.674Z] {"timestamp":1772528354978,"level":"LOG","args":["[DEBUG] IRR cashFlows:",[-23654970,2347245.6,2332105.4176000003,2316924.2959296005,2301699.8612458818,2286429.685863398,2271111.286784007,2255742.1242925352,2240319.600517421,2224841.0579554588,2209303.777959746,2193704.97918992,2178041.8160237223,2162311.3769289553,2146510.682794799,2130636.6852215184]],"stack":null}
[2026-03-03T08:59:15.674Z] {"timestamp":1772528354978,"level":"LOG","args":["[DEBUG] IRR calculated:","0.04832853410409416","as percentage:","4.83%"],"stack":null}
[2026-03-03T08:59:15.674Z] {"timestamp":1772528354978,"level":"LOG","args":["[DEBUG] IRR cashFlows:",[-24819920,2347245.6,2332105.4176000003,2316924.2959296005,2301699.8612458818,2286429.685863398,2271111.286784007,2255742.1242925352,2240319.600517421,2224841.0579554588,2209303.777959746,2193704.97918992,2178041.8160237223,2162311.3769289553,2146510.682794799,2130636.6852215184]],"stack":null}
[2026-03-03T08:59:15.674Z] {"timestamp":1772528354978,"level":"LOG","args":["[DEBUG] IRR calculated:","0.04121756847793395","as percentage:","4.12%"],"stack":null}
[2026-03-03T08:59:15.674Z] {"timestamp":1772528354978,"level":"LOG","args":["[DEBUG] IRR cashFlows:",[-22005470,2347245.6,2332105.4176000003,2316924.2959296005,2301699.8612458818,2286429.685863398,2271111.286784007,2255742.1242925352,2240319.600517421,2224841.0579554588,2209303.777959746,2193704.97918992,2178041.8160237223,2162311.3769289553,2146510.682794799,2130636.6852215184]],"stack":null}
[2026-03-03T08:59:15.674Z] {"timestamp":1772528354978,"level":"LOG","args":["[DEBUG] IRR calculated:","0.05935626009265614","as percentage:","5.94%"],"stack":null}
[2026-03-03T08:59:15.674Z] {"timestamp":1772528354978,"level":"LOG","args":["[DEBUG] IRR cashFlows:",[-22283770,2347245.6,2332105.4176000003,2316924.2959296005,2301699.8612458818,2286429.685863398,2271111.286784007,2255742.1242925352,2240319.600517421,2224841.0579554588,2209303.777959746,2193704.97918992,2178041.8160237223,2162311.3769289553,2146510.682794799,2130636.6852215184]],"stack":null}
[2026-03-03T08:59:15.674Z] {"timestamp":1772528354978,"level":"LOG","args":["[DEBUG] IRR calculated:","0.05740884089179996","as percentage:","5.74%"],"stack":null}
[2026-03-03T08:59:15.674Z] {"timestamp":1772528354978,"level":"LOG","args":["[DEBUG] IRR cashFlows:",[-22657520,2347245.6,2332105.4176000003,2316924.2959296005,2301699.8612458818,2286429.685863398,2271111.286784007,2255742.1242925352,2240319.600517421,2224841.0579554588,2209303.777959746,2193704.97918992,2178041.8160237223,2162311.3769289553,2146510.682794799,2130636.6852215184]],"stack":null}
[2026-03-03T08:59:15.674Z] {"timestamp":1772528354978,"level":"LOG","args":["[DEBUG] IRR calculated:","0.05485116325604188","as percentage:","5.49%"],"stack":null}
[2026-03-03T08:59:15.674Z] {"timestamp":1772528354978,"level":"LOG","args":["[DEBUG] IRR cashFlows:",[-23216995,2347245.6,2332105.4176000003,2316924.2959296005,2301699.8612458818,2286429.685863398,2271111.286784007,2255742.1242925352,2240319.600517421,2224841.0579554588,2209303.777959746,2193704.97918992,2178041.8160237223,2162311.3769289553,2146510.682794799,2130636.6852215184]],"stack":null}
[2026-03-03T08:59:15.674Z] {"timestamp":1772528354978,"level":"LOG","args":["[DEBUG] IRR calculated:","0.05114022696919229","as percentage:","5.11%"],"stack":null}
[2026-03-03T08:59:15.674Z] {"timestamp":1772528354978,"level":"LOG","args":["[DEBUG] IRR cashFlows:",[-24155970,2347245.6,2332105.4176000003,2316924.2959296005,2301699.8612458818,2286429.685863398,2271111.286784007,2255742.1242925352,2240319.600517421,2224841.0579554588,2209303.777959746,2193704.97918992,2178041.8160237223,2162311.3769289553,2146510.682794799,2130636.6852215184]],"stack":null}
[2026-03-03T08:59:15.674Z] {"timestamp":1772528354978,"level":"LOG","args":["[DEBUG] IRR calculated:","0.04520715298860184","as percentage:","4.52%"],"stack":null}
[2026-03-03T08:59:15.674Z] {"timestamp":1772528354978,"level":"LOG","args":["[DEBUG] IRR cashFlows:",[-25481920,2347245.6,2332105.4176000003,2316924.2959296005,2301699.8612458818,2286429.685863398,2271111.286784007,2255742.1242925352,2240319.600517421,2224841.0579554588,2209303.777959746,2193704.97918992,2178041.8160237223,2162311.3769289553,2146510.682794799,2130636.6852215184]],"stack":null}
[2026-03-03T08:59:15.674Z] {"timestamp":1772528354978,"level":"LOG","args":["[DEBUG] IRR calculated:","0.037395852703504665","as percentage:","3.74%"],"stack":null}
[2026-03-03T08:59:15.674Z] {"timestamp":1772528354978,"level":"LOG","args":["[DEBUG] IRR cashFlows:",[-22241970,2347245.6,2332105.4176000003,2316924.2959296005,2301699.8612458818,2286429.685863398,2271111.286784007,2255742.1242925352,2240319.600517421,2224841.0579554588,2209303.777959746,2193704.97918992,2178041.8160237223,2162311.3769289553,2146510.682794799,2130636.6852215184]],"stack":null}
[2026-03-03T08:59:15.674Z] {"timestamp":1772528354978,"level":"LOG","args":["[DEBUG] IRR calculated:","0.057698960409099886","as percentage:","5.77%"],"stack":null}
[2026-03-03T08:59:15.674Z] {"timestamp":1772528354978,"level":"LOG","args":["[DEBUG] IRR cashFlows:",[-22554770,2347245.6,2332105.4176000003,2316924.2959296005,2301699.8612458818,2286429.685863398,2271111.286784007,2255742.1242925352,2240319.600517421,2224841.0579554588,2209303.777959746,2193704.97918992,2178041.8160237223,2162311.3769289553,2146510.682794799,2130636.6852215184]],"stack":null}
[2026-03-03T08:59:15.674Z] {"timestamp":1772528354978,"level":"LOG","args":["[DEBUG] IRR calculated:","0.05554786743469476","as percentage:","5.55%"],"stack":null}
[2026-03-03T08:59:15.674Z] {"timestamp":1772528354978,"level":"LOG","args":["[DEBUG] IRR cashFlows:",[-22974520,2347245.6,2332105.4176000003,2316924.2959296005,2301699.8612458818,2286429.685863398,2271111.286784007,2255742.1242925352,2240319.600517421,2224841.0579554588,2209303.777959746,2193704.97918992,2178041.8160237223,2162311.3769289553,2146510.682794799,2130636.6852215184]],"stack":null}
[2026-03-03T08:59:15.674Z] {"timestamp":1772528354978,"level":"LOG","args":["[DEBUG] IRR calculated:","0.052731676639772296","as percentage:","5.27%"],"stack":null}
[2026-03-03T08:59:15.674Z] {"timestamp":1772528354978,"level":"LOG","args":["[DEBUG] IRR cashFlows:",[-23602995,2347245.6,2332105.4176000003,2316924.2959296005,2301699.8612458818,2286429.685863398,2271111.286784007,2255742.1242925352,2240319.600517421,2224841.0579554588,2209303.777959746,2193704.97918992,2178041.8160237223,2162311.3769289553,2146510.682794799,2130636.6852215184]],"stack":null}
[2026-03-03T08:59:15.674Z] {"timestamp":1772528354978,"level":"LOG","args":["[DEBUG] IRR calculated:","0.04865806819294149","as percentage:","4.87%"],"stack":null}
[2026-03-03T08:59:15.674Z] {"timestamp":1772528354978,"level":"LOG","args":["[DEBUG] IRR cashFlows:",[-24656970,2347245.6,2332105.4176000003,2316924.2959296005,2301699.8612458818,2286429.685863398,2271111.286784007,2255742.1242925352,2240319.600517421,2224841.0579554588,2209303.777959746,2193704.97918992,2178041.8160237223,2162311.3769289553,2146510.682794799,2130636.6852215184]],"stack":null}
[2026-03-03T08:59:15.674Z] {"timestamp":1772528354978,"level":"LOG","args":["[DEBUG] IRR calculated:","0.04218175772827382","as percentage:","4.22%"],"stack":null}
[2026-03-03T08:59:15.674Z] {"timestamp":1772528354979,"level":"LOG","args":["[DEBUG] IRR cashFlows:",[-26143920,2347245.6,2332105.4176000003,2316924.2959296005,2301699.8612458818,2286429.685863398,2271111.286784007,2255742.1242925352,2240319.600517421,2224841.0579554588,2209303.777959746,2193704.97918992,2178041.8160237223,2162311.3769289553,2146510.682794799,2130636.6852215184]],"stack":null}
[2026-03-03T08:59:15.674Z] {"timestamp":1772528354979,"level":"LOG","args":["[DEBUG] IRR calculated:","0.033719483105901414","as percentage:","3.37%"],"stack":null}
[2026-03-03T08:59:15.674Z] {"timestamp":1772528354979,"level":"LOG","args":["[DEBUG] IRR cashFlows:",[-22478470,2347245.6,2332105.4176000003,2316924.2959296005,2301699.8612458818,2286429.685863398,2271111.286784007,2255742.1242925352,2240319.600517421,2224841.0579554588,2209303.777959746,2193704.97918992,2178041.8160237223,2162311.3769289553,2146510.682794799,2130636.6852215184]],"stack":null}
[2026-03-03T08:59:15.674Z] {"timestamp":1772528354979,"level":"LOG","args":["[DEBUG] IRR calculated:","0.056068361975843424","as percentage:","5.61%"],"stack":null}
[2026-03-03T08:59:15.674Z] {"timestamp":1772528354979,"level":"LOG","args":["[DEBUG] IRR cashFlows:",[-22825770,2347245.6,2332105.4176000003,2316924.2959296005,2301699.8612458818,2286429.685863398,2271111.286784007,2255742.1242925352,2240319.600517421,2224841.0579554588,2209303.777959746,2193704.97918992,2178041.8160237223,2162311.3769289553,2146510.682794799,2130636.6852215184]],"stack":null}
[2026-03-03T08:59:15.674Z] {"timestamp":1772528354979,"level":"LOG","args":["[DEBUG] IRR calculated:","0.05372065646529879","as percentage:","5.37%"],"stack":null}
[2026-03-03T08:59:15.674Z] {"timestamp":1772528354979,"level":"LOG","args":["[DEBUG] IRR cashFlows:",[-23291520,2347245.6,2332105.4176000003,2316924.2959296005,2301699.8612458818,2286429.685863398,2271111.286784007,2255742.1242925352,2240319.600517421,2224841.0579554588,2209303.777959746,2193704.97918992,2178041.8160237223,2162311.3769289553,2146510.682794799,2130636.6852215184]],"stack":null}
[2026-03-03T08:59:15.674Z] {"timestamp":1772528354979,"level":"LOG","args":["[DEBUG] IRR calculated:","0.05065614821353178","as percentage:","5.07%"],"stack":null}
[2026-03-03T08:59:15.674Z] {"timestamp":1772528354979,"level":"LOG","args":["[DEBUG] IRR cashFlows:",[-23988995,2347245.6,2332105.4176000003,2316924.2959296005,2301699.8612458818,2286429.685863398,2271111.286784007,2255742.1242925352,2240319.600517421,2224841.0579554588,2209303.777959746,2193704.97918992,2178041.8160237223,2162311.3769289553,2146510.682794799,2130636.6852215184]],"stack":null}
[2026-03-03T08:59:15.674Z] {"timestamp":1772528354979,"level":"LOG","args":["[DEBUG] IRR calculated:","0.04623652840614501","as percentage:","4.62%"],"stack":null}
[2026-03-03T08:59:15.674Z] {"timestamp":1772528354979,"level":"LOG","args":["[DEBUG] IRR cashFlows:",[-25157970,2347245.6,2332105.4176000003,2316924.2959296005,2301699.8612458818,2286429.685863398,2271111.286784007,2255742.1242925352,2240319.600517421,2224841.0579554588,2209303.777959746,2193704.97918992,2178041.8160237223,2162311.3769289553,2146510.682794799,2130636.6852215184]],"stack":null}
[2026-03-03T08:59:15.674Z] {"timestamp":1772528354979,"level":"LOG","args":["[DEBUG] IRR calculated:","0.03924722036257719","as percentage:","3.92%"],"stack":null}
[2026-03-03T08:59:15.674Z] {"timestamp":1772528354979,"level":"LOG","args":["[DEBUG] IRR cashFlows:",[-26805920,2347245.6,2332105.4176000003,2316924.2959296005,2301699.8612458818,2286429.685863398,2271111.286784007,2255742.1242925352,2240319.600517421,2224841.0579554588,2209303.777959746,2193704.97918992,2178041.8160237223,2162311.3769289553,2146510.682794799,2130636.6852215184]],"stack":null}
[2026-03-03T08:59:15.674Z] {"timestamp":1772528354979,"level":"LOG","args":["[DEBUG] IRR calculated:","0.03017888385735712","as percentage:","3.02%"],"stack":null}
[2026-03-03T08:59:15.674Z] {"timestamp":1772528354979,"level":"LOG","args":["[DEBUG SENSITIVITY] Matrix minIrr:","0.03017888385735712","maxIrr:","0.07177519955991235","minIrr%:","3.02","maxIrr%:","7.18"],"stack":null}
[2026-03-03T08:59:15.674Z] {"timestamp":1772528354994,"level":"WARN","args":["The width(0) and height(0) of chart should be greater than 0,\n       please check the style of container, or the props width(100%) and height(100%),\n       or add a minWidth(0) or minHeight(undefined) or use aspect(undefined) to control the\n       height and width."],"stack":null}
[2026-03-03T08:59:15.674Z] {"timestamp":1772528355045,"level":"LOG","args":["[DEBUG] IRR cashFlows:",[-20880146,2347245.6,2332105.4176000003,2316924.2959296005,2301699.8612458818,2286429.685863398,2271111.286784007,2255742.1242925352,2240319.600517421,2224841.0579554588,2209303.777959746,2193704.97918992,2178041.8160237223,2162311.3769289553,2146510.682794799,2130636.6852215184]],"stack":null}
[2026-03-03T08:59:15.674Z] {"timestamp":1772528355045,"level":"LOG","args":["[DEBUG] IRR calculated:","0.06763305336223482","as percentage:","6.76%"],"stack":null}
[2026-03-03T08:59:15.674Z] {"timestamp":1772528355045,"level":"LOG","args":["[DEBUG] IRR cashFlows:",[-17563783,2347245.6,2332105.4176000003,2316924.2959296005,2301699.8612458818,2286429.685863398,2271111.286784007,2255742.1242925352,2240319.600517421,2224841.0579554588,2209303.777959746,2193704.97918992,2178041.8160237223,2162311.3769289553,2146510.682794799,2130636.6852215184]],"stack":null}
[2026-03-03T08:59:15.674Z] {"timestamp":1772528355045,"level":"LOG","args":["[DEBUG] IRR calculated:","0.09668003628438167","as percentage:","9.67%"],"stack":null}
[2026-03-03T08:59:15.674Z] {"timestamp":1772528355045,"level":"LOG","args":["[DEBUG SENSITIVITY] First cell (6kV, 1km):",{"lcoe":111.65215894520438,"irr":0.09668003628438167,"irrPercent":"9.67"}],"stack":null}
[2026-03-03T08:59:15.674Z] {"timestamp":1772528355045,"level":"LOG","args":["[DEBUG] IRR cashFlows:",[-17600583,2347245.6,2332105.4176000003,2316924.2959296005,2301699.8612458818,2286429.685863398,2271111.286784007,2255742.1242925352,2240319.600517421,2224841.0579554588,2209303.777959746,2193704.97918992,2178041.8160237223,2162311.3769289553,2146510.682794799,2130636.6852215184]],"stack":null}
[2026-03-03T08:59:15.674Z] {"timestamp":1772528355045,"level":"LOG","args":["[DEBUG] IRR calculated:","0.09631090168591055","as percentage:","9.63%"],"stack":null}
[2026-03-03T08:59:15.674Z] {"timestamp":1772528355045,"level":"LOG","args":["[DEBUG] IRR cashFlows:",[-17652333,2347245.6,2332105.4176000003,2316924.2959296005,2301699.8612458818,2286429.685863398,2271111.286784007,2255742.1242925352,2240319.600517421,2224841.0579554588,2209303.777959746,2193704.97918992,2178041.8160237223,2162311.3769289553,2146510.682794799,2130636.6852215184]],"stack":null}
[2026-03-03T08:59:15.674Z] {"timestamp":1772528355045,"level":"LOG","args":["[DEBUG] IRR calculated:","0.09579388264387743","as percentage:","9.58%"],"stack":null}
[2026-03-03T08:59:15.674Z] {"timestamp":1772528355045,"level":"LOG","args":["[DEBUG] IRR cashFlows:",[-17728808,2347245.6,2332105.4176000003,2316924.2959296005,2301699.8612458818,2286429.685863398,2271111.286784007,2255742.1242925352,2240319.600517421,2224841.0579554588,2209303.777959746,2193704.97918992,2178041.8160237223,2162311.3769289553,2146510.682794799,2130636.6852215184]],"stack":null}
[2026-03-03T08:59:15.674Z] {"timestamp":1772528355045,"level":"LOG","args":["[DEBUG] IRR calculated:","0.09503424850781635","as percentage:","9.50%"],"stack":null}
[2026-03-03T08:59:15.674Z] {"timestamp":1772528355045,"level":"LOG","args":["[DEBUG] IRR cashFlows:",[-17862783,2347245.6,2332105.4176000003,2316924.2959296005,2301699.8612458818,2286429.685863398,2271111.286784007,2255742.1242925352,2240319.600517421,2224841.0579554588,2209303.777959746,2193704.97918992,2178041.8160237223,2162311.3769289553,2146510.682794799,2130636.6852215184]],"stack":null}
[2026-03-03T08:59:15.674Z] {"timestamp":1772528355045,"level":"LOG","args":["[DEBUG] IRR calculated:","0.09371595446422029","as percentage:","9.37%"],"stack":null}
[2026-03-03T08:59:15.674Z] {"timestamp":1772528355045,"level":"LOG","args":["[DEBUG] IRR cashFlows:",[-18061733,2347245.6,2332105.4176000003,2316924.2959296005,2301699.8612458818,2286429.685863398,2271111.286784007,2255742.1242925352,2240319.600517421,2224841.0579554588,2209303.777959746,2193704.97918992,2178041.8160237223,2162311.3769289553,2146510.682794799,2130636.6852215184]],"stack":null}
[2026-03-03T08:59:15.674Z] {"timestamp":1772528355045,"level":"LOG","args":["[DEBUG] IRR calculated:","0.09178704933593677","as percentage:","9.18%"],"stack":null}
[2026-03-03T08:59:15.674Z] {"timestamp":1772528355045,"level":"LOG","args":["[DEBUG] IRR cashFlows:",[-17800283,2347245.6,2332105.4176000003,2316924.2959296005,2301699.8612458818,2286429.685863398,2271111.286784007,2255742.1242925352,2240319.600517421,2224841.0579554588,2209303.777959746,2193704.97918992,2178041.8160237223,2162311.3769289553,2146510.682794799,2130636.6852215184]],"stack":null}
[2026-03-03T08:59:15.674Z] {"timestamp":1772528355045,"level":"LOG","args":["[DEBUG] IRR calculated:","0.0943289809287603","as percentage:","9.43%"],"stack":null}
[2026-03-03T08:59:15.674Z] {"timestamp":1772528355045,"level":"LOG","args":["[DEBUG] IRR cashFlows:",[-17871583,2347245.6,2332105.4176000003,2316924.2959296005,2301699.8612458818,2286429.685863398,2271111.286784007,2255742.1242925352,2240319.600517421,2224841.0579554588,2209303.777959746,2193704.97918992,2178041.8160237223,2162311.3769289553,2146510.682794799,2130636.6852215184]],"stack":null}
[2026-03-03T08:59:15.674Z] {"timestamp":1772528355045,"level":"LOG","args":["[DEBUG] IRR calculated:","0.09362991418266745","as percentage:","9.36%"],"stack":null}
[2026-03-03T08:59:15.674Z] {"timestamp":1772528355045,"level":"LOG","args":["[DEBUG] IRR cashFlows:",[-17969333,2347245.6,2332105.4176000003,2316924.2959296005,2301699.8612458818,2286429.685863398,2271111.286784007,2255742.1242925352,2240319.600517421,2224841.0579554588,2209303.777959746,2193704.97918992,2178041.8160237223,2162311.3769289553,2146510.682794799,2130636.6852215184]],"stack":null}
[2026-03-03T08:59:15.674Z] {"timestamp":1772528355045,"level":"LOG","args":["[DEBUG] IRR calculated:","0.09267868876733867","as percentage:","9.27%"],"stack":null}
[2026-03-03T08:59:15.674Z] {"timestamp":1772528355046,"level":"LOG","args":["[DEBUG] IRR cashFlows:",[-18114808,2347245.6,2332105.4176000003,2316924.2959296005,2301699.8612458818,2286429.685863398,2271111.286784007,2255742.1242925352,2240319.600517421,2224841.0579554588,2209303.777959746,2193704.97918992,2178041.8160237223,2162311.3769289553,2146510.682794799,2130636.6852215184]],"stack":null}
[2026-03-03T08:59:15.674Z] {"timestamp":1772528355046,"level":"LOG","args":["[DEBUG] IRR calculated:","0.09127815276863176","as percentage:","9.13%"],"stack":null}
[2026-03-03T08:59:15.674Z] {"timestamp":1772528355046,"level":"LOG","args":["[DEBUG] IRR cashFlows:",[-18363783,2347245.6,2332105.4176000003,2316924.2959296005,2301699.8612458818,2286429.685863398,2271111.286784007,2255742.1242925352,2240319.600517421,2224841.0579554588,2209303.777959746,2193704.97918992,2178041.8160237223,2162311.3769289553,2146510.682794799,2130636.6852215184]],"stack":null}
[2026-03-03T08:59:15.674Z] {"timestamp":1772528355046,"level":"LOG","args":["[DEBUG] IRR calculated:","0.08892208995499412","as percentage:","8.89%"],"stack":null}
[2026-03-03T08:59:15.674Z] {"timestamp":1772528355046,"level":"LOG","args":["[DEBUG] IRR cashFlows:",[-18723733,2347245.6,2332105.4176000003,2316924.2959296005,2301699.8612458818,2286429.685863398,2271111.286784007,2255742.1242925352,2240319.600517421,2224841.0579554588,2209303.777959746,2193704.97918992,2178041.8160237223,2162311.3769289553,2146510.682794799,2130636.6852215184]],"stack":null}
[2026-03-03T08:59:15.674Z] {"timestamp":1772528355046,"level":"LOG","args":["[DEBUG] IRR calculated:","0.08560375014554505","as percentage:","8.56%"],"stack":null}
[2026-03-03T08:59:15.674Z] {"timestamp":1772528355046,"level":"LOG","args":["[DEBUG] IRR cashFlows:",[-18036783,2347245.6,2332105.4176000003,2316924.2959296005,2301699.8612458818,2286429.685863398,2271111.286784007,2255742.1242925352,2240319.600517421,2224841.0579554588,2209303.777959746,2193704.97918992,2178041.8160237223,2162311.3769289553,2146510.682794799,2130636.6852215184]],"stack":null}
[2026-03-03T08:59:15.674Z] {"timestamp":1772528355046,"level":"LOG","args":["[DEBUG] IRR calculated:","0.09202709672062388","as percentage:","9.20%"],"stack":null}
[2026-03-03T08:59:15.674Z] {"timestamp":1772528355046,"level":"LOG","args":["[DEBUG] IRR cashFlows:",[-18142583,2347245.6,2332105.4176000003,2316924.2959296005,2301699.8612458818,2286429.685863398,2271111.286784007,2255742.1242925352,2240319.600517421,2224841.0579554588,2209303.777959746,2193704.97918992,2178041.8160237223,2162311.3769289553,2146510.682794799,2130636.6852215184]],"stack":null}
[2026-03-03T08:59:15.674Z] {"timestamp":1772528355046,"level":"LOG","args":["[DEBUG] IRR calculated:","0.09101278033915583","as percentage:","9.10%"],"stack":null}
[2026-03-03T08:59:15.674Z] {"timestamp":1772528355046,"level":"LOG","args":["[DEBUG] IRR cashFlows:",[-18286333,2347245.6,2332105.4176000003,2316924.2959296005,2301699.8612458818,2286429.685863398,2271111.286784007,2255742.1242925352,2240319.600517421,2224841.0579554588,2209303.777959746,2193704.97918992,2178041.8160237223,2162311.3769289553,2146510.682794799,2130636.6852215184]],"stack":null}
[2026-03-03T08:59:15.674Z] {"timestamp":1772528355046,"level":"LOG","args":["[DEBUG] IRR calculated:","0.08964955897947152","as percentage:","8.96%"],"stack":null}
[2026-03-03T08:59:15.674Z] {"timestamp":1772528355046,"level":"LOG","args":["[DEBUG] IRR cashFlows:",[-18500808,2347245.6,2332105.4176000003,2316924.2959296005,2301699.8612458818,2286429.685863398,2271111.286784007,2255742.1242925352,2240319.600517421,2224841.0579554588,2209303.777959746,2193704.97918992,2178041.8160237223,2162311.3769289553,2146510.682794799,2130636.6852215184]],"stack":null}
[2026-03-03T08:59:15.674Z] {"timestamp":1772528355046,"level":"LOG","args":["[DEBUG] IRR calculated:","0.08764685908284836","as percentage:","8.76%"],"stack":null}
[2026-03-03T08:59:15.674Z] {"timestamp":1772528355046,"level":"LOG","args":["[DEBUG] IRR cashFlows:",[-18864783,2347245.6,2332105.4176000003,2316924.2959296005,2301699.8612458818,2286429.685863398,2271111.286784007,2255742.1242925352,2240319.600517421,2224841.0579554588,2209303.777959746,2193704.97918992,2178041.8160237223,2162311.3769289553,2146510.682794799,2130636.6852215184]],"stack":null}
[2026-03-03T08:59:15.674Z] {"timestamp":1772528355046,"level":"LOG","args":["[DEBUG] IRR calculated:","0.08433072067637398","as percentage:","8.43%"],"stack":null}
[2026-03-03T08:59:15.674Z] {"timestamp":1772528355046,"level":"LOG","args":["[DEBUG] IRR cashFlows:",[-19385733,2347245.6,2332105.4176000003,2316924.2959296005,2301699.8612458818,2286429.685863398,2271111.286784007,2255742.1242925352,2240319.600517421,2224841.0579554588,2209303.777959746,2193704.97918992,2178041.8160237223,2162311.3769289553,2146510.682794799,2130636.6852215184]],"stack":null}
[2026-03-03T08:59:15.674Z] {"timestamp":1772528355046,"level":"LOG","args":["[DEBUG] IRR calculated:","0.07975568445534231","as percentage:","7.98%"],"stack":null}
[2026-03-03T08:59:15.674Z] {"timestamp":1772528355046,"level":"LOG","args":["[DEBUG] IRR cashFlows:",[-18273283,2347245.6,2332105.4176000003,2316924.2959296005,2301699.8612458818,2286429.685863398,2271111.286784007,2255742.1242925352,2240319.600517421,2224841.0579554588,2209303.777959746,2193704.97918992,2178041.8160237223,2162311.3769289553,2146510.682794799,2130636.6852215184]],"stack":null}
[2026-03-03T08:59:15.674Z] {"timestamp":1772528355046,"level":"LOG","args":["[DEBUG] IRR calculated:","0.08977261457938893","as percentage:","8.98%"],"stack":null}
[2026-03-03T08:59:15.674Z] {"timestamp":1772528355046,"level":"LOG","args":["[DEBUG] IRR cashFlows:",[-18413583,2347245.6,2332105.4176000003,2316924.2959296005,2301699.8612458818,2286429.685863398,2271111.286784007,2255742.1242925352,2240319.600517421,2224841.0579554588,2209303.777959746,2193704.97918992,2178041.8160237223,2162311.3769289553,2146510.682794799,2130636.6852215184]],"stack":null}
[2026-03-03T08:59:15.674Z] {"timestamp":1772528355046,"level":"LOG","args":["[DEBUG] IRR calculated:","0.08845688874254404","as percentage:","8.85%"],"stack":null}
[2026-03-03T08:59:15.674Z] {"timestamp":1772528355046,"level":"LOG","args":["[DEBUG] IRR cashFlows:",[-18603333,2347245.6,2332105.4176000003,2316924.2959296005,2301699.8612458818,2286429.685863398,2271111.286784007,2255742.1242925352,2240319.600517421,2224841.0579554588,2209303.777959746,2193704.97918992,2178041.8160237223,2162311.3769289553,2146510.682794799,2130636.6852215184]],"stack":null}
[2026-03-03T08:59:15.674Z] {"timestamp":1772528355046,"level":"LOG","args":["[DEBUG] IRR calculated:","0.08670242017764893","as percentage:","8.67%"],"stack":null}
[2026-03-03T08:59:15.674Z] {"timestamp":1772528355046,"level":"LOG","args":["[DEBUG] IRR cashFlows:",[-18886808,2347245.6,2332105.4176000003,2316924.2959296005,2301699.8612458818,2286429.685863398,2271111.286784007,2255742.1242925352,2240319.600517421,2224841.0579554588,2209303.777959746,2193704.97918992,2178041.8160237223,2162311.3769289553,2146510.682794799,2130636.6852215184]],"stack":null}
[2026-03-03T08:59:15.674Z] {"timestamp":1772528355046,"level":"LOG","args":["[DEBUG] IRR calculated:","0.08413328867546566","as percentage:","8.41%"],"stack":null}
[2026-03-03T08:59:15.674Z] {"timestamp":1772528355046,"level":"LOG","args":["[DEBUG] IRR cashFlows:",[-19365783,2347245.6,2332105.4176000003,2316924.2959296005,2301699.8612458818,2286429.685863398,2271111.286784007,2255742.1242925352,2240319.600517421,2224841.0579554588,2209303.777959746,2193704.97918992,2178041.8160237223,2162311.3769289553,2146510.682794799,2130636.6852215184]],"stack":null}
[2026-03-03T08:59:15.674Z] {"timestamp":1772528355046,"level":"LOG","args":["[DEBUG] IRR calculated:","0.0799273263519874","as percentage:","7.99%"],"stack":null}
[2026-03-03T08:59:15.674Z] {"timestamp":1772528355046,"level":"LOG","args":["[DEBUG] IRR cashFlows:",[-20047733,2347245.6,2332105.4176000003,2316924.2959296005,2301699.8612458818,2286429.685863398,2271111.286784007,2255742.1242925352,2240319.600517421,2224841.0579554588,2209303.777959746,2193704.97918992,2178041.8160237223,2162311.3769289553,2146510.682794799,2130636.6852215184]],"stack":null}
[2026-03-03T08:59:15.674Z] {"timestamp":1772528355046,"level":"LOG","args":["[DEBUG] IRR calculated:","0.07421222389389265","as percentage:","7.42%"],"stack":null}
[2026-03-03T08:59:15.674Z] {"timestamp":1772528355046,"level":"LOG","args":["[DEBUG] IRR cashFlows:",[-18509783,2347245.6,2332105.4176000003,2316924.2959296005,2301699.8612458818,2286429.685863398,2271111.286784007,2255742.1242925352,2240319.600517421,2224841.0579554588,2209303.777959746,2193704.97918992,2178041.8160237223,2162311.3769289553,2146510.682794799,2130636.6852215184]],"stack":null}
[2026-03-03T08:59:15.674Z] {"timestamp":1772528355046,"level":"LOG","args":["[DEBUG] IRR calculated:","0.08756385352407188","as percentage:","8.76%"],"stack":null}
[2026-03-03T08:59:15.674Z] {"timestamp":1772528355046,"level":"LOG","args":["[DEBUG] IRR cashFlows:",[-18684583,2347245.6,2332105.4176000003,2316924.2959296005,2301699.8612458818,2286429.685863398,2271111.286784007,2255742.1242925352,2240319.600517421,2224841.0579554588,2209303.777959746,2193704.97918992,2178041.8160237223,2162311.3769289553,2146510.682794799,2130636.6852215184]],"stack":null}
[2026-03-03T08:59:15.674Z] {"timestamp":1772528355046,"level":"LOG","args":["[DEBUG] IRR calculated:","0.08595977554840491","as percentage:","8.60%"],"stack":null}
[2026-03-03T08:59:15.674Z] {"timestamp":1772528355046,"level":"LOG","args":["[DEBUG] IRR cashFlows:",[-18920333,2347245.6,2332105.4176000003,2316924.2959296005,2301699.8612458818,2286429.685863398,2271111.286784007,2255742.1242925352,2240319.600517421,2224841.0579554588,2209303.777959746,2193704.97918992,2178041.8160237223,2162311.3769289553,2146510.682794799,2130636.6852215184]],"stack":null}
[2026-03-03T08:59:15.674Z] {"timestamp":1772528355046,"level":"LOG","args":["[DEBUG] IRR calculated:","0.08383346500541365","as percentage:","8.38%"],"stack":null}
[2026-03-03T08:59:15.674Z] {"timestamp":1772528355046,"level":"LOG","args":["[DEBUG] IRR cashFlows:",[-19272808,2347245.6,2332105.4176000003,2316924.2959296005,2301699.8612458818,2286429.685863398,2271111.286784007,2255742.1242925352,2240319.600517421,2224841.0579554588,2209303.777959746,2193704.97918992,2178041.8160237223,2162311.3769289553,2146510.682794799,2130636.6852215184]],"stack":null}
[2026-03-03T08:59:15.674Z] {"timestamp":1772528355046,"level":"LOG","args":["[DEBUG] IRR calculated:","0.08073091445301997","as percentage:","8.07%"],"stack":null}
[2026-03-03T08:59:15.674Z] {"timestamp":1772528355047,"level":"LOG","args":["[DEBUG] IRR cashFlows:",[-19866783,2347245.6,2332105.4176000003,2316924.2959296005,2301699.8612458818,2286429.685863398,2271111.286784007,2255742.1242925352,2240319.600517421,2224841.0579554588,2209303.777959746,2193704.97918992,2178041.8160237223,2162311.3769289553,2146510.682794799,2130636.6852215184]],"stack":null}
[2026-03-03T08:59:15.674Z] {"timestamp":1772528355047,"level":"LOG","args":["[DEBUG] IRR calculated:","0.07569880981070637","as percentage:","7.57%"],"stack":null}
[2026-03-03T08:59:15.674Z] {"timestamp":1772528355047,"level":"LOG","args":["[DEBUG] IRR cashFlows:",[-20709733,2347245.6,2332105.4176000003,2316924.2959296005,2301699.8612458818,2286429.685863398,2271111.286784007,2255742.1242925352,2240319.600517421,2224841.0579554588,2209303.777959746,2193704.97918992,2178041.8160237223,2162311.3769289553,2146510.682794799,2130636.6852215184]],"stack":null}
[2026-03-03T08:59:15.674Z] {"timestamp":1772528355047,"level":"LOG","args":["[DEBUG] IRR calculated:","0.06894653864098317","as percentage:","6.89%"],"stack":null}
[2026-03-03T08:59:15.674Z] {"timestamp":1772528355047,"level":"LOG","args":["[DEBUG] IRR cashFlows:",[-18746283,2347245.6,2332105.4176000003,2316924.2959296005,2301699.8612458818,2286429.685863398,2271111.286784007,2255742.1242925352,2240319.600517421,2224841.0579554588,2209303.777959746,2193704.97918992,2178041.8160237223,2162311.3769289553,2146510.682794799,2130636.6852215184]],"stack":null}
[2026-03-03T08:59:15.674Z] {"timestamp":1772528355047,"level":"LOG","args":["[DEBUG] IRR calculated:","0.08539921514088397","as percentage:","8.54%"],"stack":null}
[2026-03-03T08:59:15.674Z] {"timestamp":1772528355047,"level":"LOG","args":["[DEBUG] IRR cashFlows:",[-18955583,2347245.6,2332105.4176000003,2316924.2959296005,2301699.8612458818,2286429.685863398,2271111.286784007,2255742.1242925352,2240319.600517421,2224841.0579554588,2209303.777959746,2193704.97918992,2178041.8160237223,2162311.3769289553,2146510.682794799,2130636.6852215184]],"stack":null}
[2026-03-03T08:59:15.674Z] {"timestamp":1772528355047,"level":"LOG","args":["[DEBUG] IRR calculated:","0.08351911398334627","as percentage:","8.35%"],"stack":null}
[2026-03-03T08:59:15.674Z] {"timestamp":1772528355047,"level":"LOG","args":["[DEBUG] IRR cashFlows:",[-19237333,2347245.6,2332105.4176000003,2316924.2959296005,2301699.8612458818,2286429.685863398,2271111.286784007,2255742.1242925352,2240319.600517421,2224841.0579554588,2209303.777959746,2193704.97918992,2178041.8160237223,2162311.3769289553,2146510.682794799,2130636.6852215184]],"stack":null}
[2026-03-03T08:59:15.674Z] {"timestamp":1772528355047,"level":"LOG","args":["[DEBUG] IRR calculated:","0.0810391300737834","as percentage:","8.10%"],"stack":null}
[2026-03-03T08:59:15.674Z] {"timestamp":1772528355047,"level":"LOG","args":["[DEBUG] IRR cashFlows:",[-19658808,2347245.6,2332105.4176000003,2316924.2959296005,2301699.8612458818,2286429.685863398,2271111.286784007,2255742.1242925352,2240319.600517421,2224841.0579554588,2209303.777959746,2193704.97918992,2178041.8160237223,2162311.3769289553,2146510.682794799,2130636.6852215184]],"stack":null}
[2026-03-03T08:59:15.674Z] {"timestamp":1772528355047,"level":"LOG","args":["[DEBUG] IRR calculated:","0.07743370716804739","as percentage:","7.74%"],"stack":null}
[2026-03-03T08:59:15.674Z] {"timestamp":1772528355047,"level":"LOG","args":["[DEBUG] IRR cashFlows:",[-20367783,2347245.6,2332105.4176000003,2316924.2959296005,2301699.8612458818,2286429.685863398,2271111.286784007,2255742.1242925352,2240319.600517421,2224841.0579554588,2209303.777959746,2193704.97918992,2178041.8160237223,2162311.3769289553,2146510.682794799,2130636.6852215184]],"stack":null}
[2026-03-03T08:59:15.674Z] {"timestamp":1772528355047,"level":"LOG","args":["[DEBUG] IRR calculated:","0.07163332321180024","as percentage:","7.16%"],"stack":null}
[2026-03-03T08:59:15.674Z] {"timestamp":1772528355047,"level":"LOG","args":["[DEBUG] IRR cashFlows:",[-21371733,2347245.6,2332105.4176000003,2316924.2959296005,2301699.8612458818,2286429.685863398,2271111.286784007,2255742.1242925352,2240319.600517421,2224841.0579554588,2209303.777959746,2193704.97918992,2178041.8160237223,2162311.3769289553,2146510.682794799,2130636.6852215184]],"stack":null}
[2026-03-03T08:59:15.674Z] {"timestamp":1772528355047,"level":"LOG","args":["[DEBUG] IRR calculated:","0.06393501423383637","as percentage:","6.39%"],"stack":null}
[2026-03-03T08:59:15.674Z] {"timestamp":1772528355047,"level":"LOG","args":["[DEBUG] IRR cashFlows:",[-18982783,2347245.6,2332105.4176000003,2316924.2959296005,2301699.8612458818,2286429.685863398,2271111.286784007,2255742.1242925352,2240319.600517421,2224841.0579554588,2209303.777959746,2193704.97918992,2178041.8160237223,2162311.3769289553,2146510.682794799,2130636.6852215184]],"stack":null}
[2026-03-03T08:59:15.674Z] {"timestamp":1772528355047,"level":"LOG","args":["[DEBUG] IRR calculated:","0.08327717846682338","as percentage:","8.33%"],"stack":null}
[2026-03-03T08:59:15.674Z] {"timestamp":1772528355047,"level":"LOG","args":["[DEBUG] IRR cashFlows:",[-19226583,2347245.6,2332105.4176000003,2316924.2959296005,2301699.8612458818,2286429.685863398,2271111.286784007,2255742.1242925352,2240319.600517421,2224841.0579554588,2209303.777959746,2193704.97918992,2178041.8160237223,2162311.3769289553,2146510.682794799,2130636.6852215184]],"stack":null}
[2026-03-03T08:59:15.674Z] {"timestamp":1772528355047,"level":"LOG","args":["[DEBUG] IRR calculated:","0.08113270473983229","as percentage:","8.11%"],"stack":null}
[2026-03-03T08:59:15.674Z] {"timestamp":1772528355047,"level":"LOG","args":["[DEBUG] IRR cashFlows:",[-19554333,2347245.6,2332105.4176000003,2316924.2959296005,2301699.8612458818,2286429.685863398,2271111.286784007,2255742.1242925352,2240319.600517421,2224841.0579554588,2209303.777959746,2193704.97918992,2178041.8160237223,2162311.3769289553,2146510.682794799,2130636.6852215184]],"stack":null}
[2026-03-03T08:59:15.674Z] {"timestamp":1772528355047,"level":"LOG","args":["[DEBUG] IRR calculated:","0.07831607631059596","as percentage:","7.83%"],"stack":null}
[2026-03-03T08:59:15.674Z] {"timestamp":1772528355047,"level":"LOG","args":["[DEBUG] IRR cashFlows:",[-20044808,2347245.6,2332105.4176000003,2316924.2959296005,2301699.8612458818,2286429.685863398,2271111.286784007,2255742.1242925352,2240319.600517421,2224841.0579554588,2209303.777959746,2193704.97918992,2178041.8160237223,2162311.3769289553,2146510.682794799,2130636.6852215184]],"stack":null}
[2026-03-03T08:59:15.674Z] {"timestamp":1772528355047,"level":"LOG","args":["[DEBUG] IRR calculated:","0.07423608782842549","as percentage:","7.42%"],"stack":null}
[2026-03-03T08:59:15.674Z] {"timestamp":1772528355047,"level":"LOG","args":["[DEBUG] IRR cashFlows:",[-20868783,2347245.6,2332105.4176000003,2316924.2959296005,2301699.8612458818,2286429.685863398,2271111.286784007,2255742.1242925352,2240319.600517421,2224841.0579554588,2209303.777959746,2193704.97918992,2178041.8160237223,2162311.3769289553,2146510.682794799,2130636.6852215184]],"stack":null}
[2026-03-03T08:59:15.674Z] {"timestamp":1772528355047,"level":"LOG","args":["[DEBUG] IRR calculated:","0.06772011937539868","as percentage:","6.77%"],"stack":null}
[2026-03-03T08:59:15.674Z] {"timestamp":1772528355047,"level":"LOG","args":["[DEBUG] IRR cashFlows:",[-22033733,2347245.6,2332105.4176000003,2316924.2959296005,2301699.8612458818,2286429.685863398,2271111.286784007,2255742.1242925352,2240319.600517421,2224841.0579554588,2209303.777959746,2193704.97918992,2178041.8160237223,2162311.3769289553,2146510.682794799,2130636.6852215184]],"stack":null}
[2026-03-03T08:59:15.674Z] {"timestamp":1772528355047,"level":"LOG","args":["[DEBUG] IRR calculated:","0.05915677367283355","as percentage:","5.92%"],"stack":null}
[2026-03-03T08:59:15.674Z] {"timestamp":1772528355047,"level":"LOG","args":["[DEBUG] IRR cashFlows:",[-19219283,2347245.6,2332105.4176000003,2316924.2959296005,2301699.8612458818,2286429.685863398,2271111.286784007,2255742.1242925352,2240319.600517421,2224841.0579554588,2209303.777959746,2193704.97918992,2178041.8160237223,2162311.3769289553,2146510.682794799,2130636.6852215184]],"stack":null}
[2026-03-03T08:59:15.674Z] {"timestamp":1772528355047,"level":"LOG","args":["[DEBUG] IRR calculated:","0.081196295252795","as percentage:","8.12%"],"stack":null}
[2026-03-03T08:59:15.674Z] {"timestamp":1772528355047,"level":"LOG","args":["[DEBUG] IRR cashFlows:",[-19497583,2347245.6,2332105.4176000003,2316924.2959296005,2301699.8612458818,2286429.685863398,2271111.286784007,2255742.1242925352,2240319.600517421,2224841.0579554588,2209303.777959746,2193704.97918992,2178041.8160237223,2162311.3769289553,2146510.682794799,2130636.6852215184]],"stack":null}
[2026-03-03T08:59:15.674Z] {"timestamp":1772528355047,"level":"LOG","args":["[DEBUG] IRR calculated:","0.07879846717557679","as percentage:","7.88%"],"stack":null}
[2026-03-03T08:59:15.674Z] {"timestamp":1772528355047,"level":"LOG","args":["[DEBUG] IRR cashFlows:",[-19871333,2347245.6,2332105.4176000003,2316924.2959296005,2301699.8612458818,2286429.685863398,2271111.286784007,2255742.1242925352,2240319.600517421,2224841.0579554588,2209303.777959746,2193704.97918992,2178041.8160237223,2162311.3769289553,2146510.682794799,2130636.6852215184]],"stack":null}
[2026-03-03T08:59:15.674Z] {"timestamp":1772528355047,"level":"LOG","args":["[DEBUG] IRR calculated:","0.07566117119811683","as percentage:","7.57%"],"stack":null}
[2026-03-03T08:59:15.674Z] {"timestamp":1772528355047,"level":"LOG","args":["[DEBUG] IRR cashFlows:",[-20430808,2347245.6,2332105.4176000003,2316924.2959296005,2301699.8612458818,2286429.685863398,2271111.286784007,2255742.1242925352,2240319.600517421,2224841.0579554588,2209303.777959746,2193704.97918992,2178041.8160237223,2162311.3769289553,2146510.682794799,2130636.6852215184]],"stack":null}
[2026-03-03T08:59:15.674Z] {"timestamp":1772528355047,"level":"LOG","args":["[DEBUG] IRR calculated:","0.07113288551866288","as percentage:","7.11%"],"stack":null}
[2026-03-03T08:59:15.674Z] {"timestamp":1772528355047,"level":"LOG","args":["[DEBUG] IRR cashFlows:",[-21369783,2347245.6,2332105.4176000003,2316924.2959296005,2301699.8612458818,2286429.685863398,2271111.286784007,2255742.1242925352,2240319.600517421,2224841.0579554588,2209303.777959746,2193704.97918992,2178041.8160237223,2162311.3769289553,2146510.682794799,2130636.6852215184]],"stack":null}
[2026-03-03T08:59:15.674Z] {"timestamp":1772528355047,"level":"LOG","args":["[DEBUG] IRR calculated:","0.0639494240666492","as percentage:","6.39%"],"stack":null}
[2026-03-03T08:59:15.674Z] {"timestamp":1772528355047,"level":"LOG","args":["[DEBUG] IRR cashFlows:",[-22695733,2347245.6,2332105.4176000003,2316924.2959296005,2301699.8612458818,2286429.685863398,2271111.286784007,2255742.1242925352,2240319.600517421,2224841.0579554588,2209303.777959746,2193704.97918992,2178041.8160237223,2162311.3769289553,2146510.682794799,2130636.6852215184]],"stack":null}
[2026-03-03T08:59:15.674Z] {"timestamp":1772528355047,"level":"LOG","args":["[DEBUG] IRR calculated:","0.054593283186170495","as percentage:","5.46%"],"stack":null}
[2026-03-03T08:59:15.674Z] {"timestamp":1772528355048,"level":"LOG","args":["[DEBUG] IRR cashFlows:",[-19455783,2347245.6,2332105.4176000003,2316924.2959296005,2301699.8612458818,2286429.685863398,2271111.286784007,2255742.1242925352,2240319.600517421,2224841.0579554588,2209303.777959746,2193704.97918992,2178041.8160237223,2162311.3769289553,2146510.682794799,2130636.6852215184]],"stack":null}
[2026-03-03T08:59:15.674Z] {"timestamp":1772528355048,"level":"LOG","args":["[DEBUG] IRR calculated:","0.07915518557370742","as percentage:","7.92%"],"stack":null}
[2026-03-03T08:59:15.674Z] {"timestamp":1772528355048,"level":"LOG","args":["[DEBUG] IRR cashFlows:",[-19768583,2347245.6,2332105.4176000003,2316924.2959296005,2301699.8612458818,2286429.685863398,2271111.286784007,2255742.1242925352,2240319.600517421,2224841.0579554588,2209303.777959746,2193704.97918992,2178041.8160237223,2162311.3769289553,2146510.682794799,2130636.6852215184]],"stack":null}
[2026-03-03T08:59:15.674Z] {"timestamp":1772528355048,"level":"LOG","args":["[DEBUG] IRR calculated:","0.07651443123960516","as percentage:","7.65%"],"stack":null}
[2026-03-03T08:59:15.674Z] {"timestamp":1772528355048,"level":"LOG","args":["[DEBUG] IRR cashFlows:",[-20188333,2347245.6,2332105.4176000003,2316924.2959296005,2301699.8612458818,2286429.685863398,2271111.286784007,2255742.1242925352,2240319.600517421,2224841.0579554588,2209303.777959746,2193704.97918992,2178041.8160237223,2162311.3769289553,2146510.682794799,2130636.6852215184]],"stack":null}
[2026-03-03T08:59:15.674Z] {"timestamp":1772528355048,"level":"LOG","args":["[DEBUG] IRR calculated:","0.07307147268956884","as percentage:","7.31%"],"stack":null}
[2026-03-03T08:59:15.674Z] {"timestamp":1772528355048,"level":"LOG","args":["[DEBUG] IRR cashFlows:",[-20816808,2347245.6,2332105.4176000003,2316924.2959296005,2301699.8612458818,2286429.685863398,2271111.286784007,2255742.1242925352,2240319.600517421,2224841.0579554588,2209303.777959746,2193704.97918992,2178041.8160237223,2162311.3769289553,2146510.682794799,2130636.6852215184]],"stack":null}
[2026-03-03T08:59:15.674Z] {"timestamp":1772528355048,"level":"LOG","args":["[DEBUG] IRR calculated:","0.0681192999250188","as percentage:","6.81%"],"stack":null}
[2026-03-03T08:59:15.674Z] {"timestamp":1772528355048,"level":"LOG","args":["[DEBUG] IRR cashFlows:",[-21870783,2347245.6,2332105.4176000003,2316924.2959296005,2301699.8612458818,2286429.685863398,2271111.286784007,2255742.1242925352,2240319.600517421,2224841.0579554588,2209303.777959746,2193704.97918992,2178041.8160237223,2162311.3769289553,2146510.682794799,2130636.6852215184]],"stack":null}
[2026-03-03T08:59:15.674Z] {"timestamp":1772528355048,"level":"LOG","args":["[DEBUG] IRR calculated:","0.06031232584930336","as percentage:","6.03%"],"stack":null}
[2026-03-03T08:59:15.674Z] {"timestamp":1772528355048,"level":"LOG","args":["[DEBUG] IRR cashFlows:",[-23357733,2347245.6,2332105.4176000003,2316924.2959296005,2301699.8612458818,2286429.685863398,2271111.286784007,2255742.1242925352,2240319.600517421,2224841.0579554588,2209303.777959746,2193704.97918992,2178041.8160237223,2162311.3769289553,2146510.682794799,2130636.6852215184]],"stack":null}
[2026-03-03T08:59:15.674Z] {"timestamp":1772528355048,"level":"LOG","args":["[DEBUG] IRR calculated:","0.05022802496134541","as percentage:","5.02%"],"stack":null}
[2026-03-03T08:59:15.674Z] {"timestamp":1772528355048,"level":"LOG","args":["[DEBUG] IRR cashFlows:",[-19692283,2347245.6,2332105.4176000003,2316924.2959296005,2301699.8612458818,2286429.685863398,2271111.286784007,2255742.1242925352,2240319.600517421,2224841.0579554588,2209303.777959746,2193704.97918992,2178041.8160237223,2162311.3769289553,2146510.682794799,2130636.6852215184]],"stack":null}
[2026-03-03T08:59:15.674Z] {"timestamp":1772528355048,"level":"LOG","args":["[DEBUG] IRR calculated:","0.07715253375611335","as percentage:","7.72%"],"stack":null}
[2026-03-03T08:59:15.674Z] {"timestamp":1772528355048,"level":"LOG","args":["[DEBUG] IRR cashFlows:",[-20039583,2347245.6,2332105.4176000003,2316924.2959296005,2301699.8612458818,2286429.685863398,2271111.286784007,2255742.1242925352,2240319.600517421,2224841.0579554588,2209303.777959746,2193704.97918992,2178041.8160237223,2162311.3769289553,2146510.682794799,2130636.6852215184]],"stack":null}
[2026-03-03T08:59:15.674Z] {"timestamp":1772528355048,"level":"LOG","args":["[DEBUG] IRR calculated:","0.07427873005560015","as percentage:","7.43%"],"stack":null}
[2026-03-03T08:59:15.674Z] {"timestamp":1772528355048,"level":"LOG","args":["[DEBUG] IRR cashFlows:",[-20505333,2347245.6,2332105.4176000003,2316924.2959296005,2301699.8612458818,2286429.685863398,2271111.286784007,2255742.1242925352,2240319.600517421,2224841.0579554588,2209303.777959746,2193704.97918992,2178041.8160237223,2162311.3769289553,2146510.682794799,2130636.6852215184]],"stack":null}
[2026-03-03T08:59:15.674Z] {"timestamp":1772528355048,"level":"LOG","args":["[DEBUG] IRR calculated:","0.0705442146214022","as percentage:","7.05%"],"stack":null}
[2026-03-03T08:59:15.674Z] {"timestamp":1772528355048,"level":"LOG","args":["[DEBUG] IRR cashFlows:",[-21202808,2347245.6,2332105.4176000003,2316924.2959296005,2301699.8612458818,2286429.685863398,2271111.286784007,2255742.1242925352,2240319.600517421,2224841.0579554588,2209303.777959746,2193704.97918992,2178041.8160237223,2162311.3769289553,2146510.682794799,2130636.6852215184]],"stack":null}
[2026-03-03T08:59:15.674Z] {"timestamp":1772528355048,"level":"LOG","args":["[DEBUG] IRR calculated:","0.0651908679606193","as percentage:","6.52%"],"stack":null}
[2026-03-03T08:59:15.674Z] {"timestamp":1772528355048,"level":"LOG","args":["[DEBUG] IRR cashFlows:",[-22371783,2347245.6,2332105.4176000003,2316924.2959296005,2301699.8612458818,2286429.685863398,2271111.286784007,2255742.1242925352,2240319.600517421,2224841.0579554588,2209303.777959746,2193704.97918992,2178041.8160237223,2162311.3769289553,2146510.682794799,2130636.6852215184]],"stack":null}
[2026-03-03T08:59:15.674Z] {"timestamp":1772528355048,"level":"LOG","args":["[DEBUG] IRR calculated:","0.05680068073808434","as percentage:","5.68%"],"stack":null}
[2026-03-03T08:59:15.674Z] {"timestamp":1772528355048,"level":"LOG","args":["[DEBUG] IRR cashFlows:",[-24019733,2347245.6,2332105.4176000003,2316924.2959296005,2301699.8612458818,2286429.685863398,2271111.286784007,2255742.1242925352,2240319.600517421,2224841.0579554588,2209303.777959746,2193704.97918992,2178041.8160237223,2162311.3769289553,2146510.682794799,2130636.6852215184]],"stack":null}
[2026-03-03T08:59:15.674Z] {"timestamp":1772528355048,"level":"LOG","args":["[DEBUG] IRR calculated:","0.04604622386282916","as percentage:","4.60%"],"stack":null}
[2026-03-03T08:59:15.674Z] {"timestamp":1772528355048,"level":"LOG","args":["[DEBUG SENSITIVITY] Matrix minIrr:","0.04604622386282916","maxIrr:","0.09668003628438167","minIrr%:","4.60","maxIrr%:","9.67"],"stack":null}
[2026-03-03T08:59:15.674Z] {"timestamp":1772528355049,"level":"LOG","args":["[DEBUG] IRR cashFlows:",[-20052520,2347245.6,2332105.4176000003,2316924.2959296005,2301699.8612458818,2286429.685863398,2271111.286784007,2255742.1242925352,2240319.600517421,2224841.0579554588,2209303.777959746,2193704.97918992,2178041.8160237223,2162311.3769289553,2146510.682794799,2130636.6852215184]],"stack":null}
[2026-03-03T08:59:15.674Z] {"timestamp":1772528355049,"level":"LOG","args":["[DEBUG] IRR calculated:","0.0741731803149236","as percentage:","7.42%"],"stack":null}
[2026-03-03T08:59:15.674Z] {"timestamp":1772528355049,"level":"LOG","args":["[DEBUG] IRR cashFlows:",[-20349970,2347245.6,2332105.4176000003,2316924.2959296005,2301699.8612458818,2286429.685863398,2271111.286784007,2255742.1242925352,2240319.600517421,2224841.0579554588,2209303.777959746,2193704.97918992,2178041.8160237223,2162311.3769289553,2146510.682794799,2130636.6852215184]],"stack":null}
[2026-03-03T08:59:15.674Z] {"timestamp":1772528355049,"level":"LOG","args":["[DEBUG] IRR calculated:","0.07177519955991235","as percentage:","7.18%"],"stack":null}
[2026-03-03T08:59:15.674Z] {"timestamp":1772528355049,"level":"LOG","args":["[DEBUG SENSITIVITY] First cell (6kV, 1km):",{"lcoe":125.79290595909659,"irr":0.07177519955991235,"irrPercent":"7.18"}],"stack":null}
[2026-03-03T08:59:15.674Z] {"timestamp":1772528355049,"level":"LOG","args":["[DEBUG] IRR cashFlows:",[-20386770,2347245.6,2332105.4176000003,2316924.2959296005,2301699.8612458818,2286429.685863398,2271111.286784007,2255742.1242925352,2240319.600517421,2224841.0579554588,2209303.777959746,2193704.97918992,2178041.8160237223,2162311.3769289553,2146510.682794799,2130636.6852215184]],"stack":null}
[2026-03-03T08:59:15.675Z] {"timestamp":1772528355049,"level":"LOG","args":["[DEBUG] IRR calculated:","0.07148230806457223","as percentage:","7.15%"],"stack":null}
[2026-03-03T08:59:15.675Z] {"timestamp":1772528355049,"level":"LOG","args":["[DEBUG] IRR cashFlows:",[-20438520,2347245.6,2332105.4176000003,2316924.2959296005,2301699.8612458818,2286429.685863398,2271111.286784007,2255742.1242925352,2240319.600517421,2224841.0579554588,2209303.777959746,2193704.97918992,2178041.8160237223,2162311.3769289553,2146510.682794799,2130636.6852215184]],"stack":null}
[2026-03-03T08:59:15.675Z] {"timestamp":1772528355049,"level":"LOG","args":["[DEBUG] IRR calculated:","0.0710718143025396","as percentage:","7.11%"],"stack":null}
[2026-03-03T08:59:15.675Z] {"timestamp":1772528355049,"level":"LOG","args":["[DEBUG] IRR cashFlows:",[-20514995,2347245.6,2332105.4176000003,2316924.2959296005,2301699.8612458818,2286429.685863398,2271111.286784007,2255742.1242925352,2240319.600517421,2224841.0579554588,2209303.777959746,2193704.97918992,2178041.8160237223,2162311.3769289553,2146510.682794799,2130636.6852215184]],"stack":null}
[2026-03-03T08:59:15.675Z] {"timestamp":1772528355050,"level":"LOG","args":["[DEBUG] IRR calculated:","0.07046813757853714","as percentage:","7.05%"],"stack":null}
[2026-03-03T08:59:15.675Z] {"timestamp":1772528355050,"level":"LOG","args":["[DEBUG] IRR cashFlows:",[-20648970,2347245.6,2332105.4176000003,2316924.2959296005,2301699.8612458818,2286429.685863398,2271111.286784007,2255742.1242925352,2240319.600517421,2224841.0579554588,2209303.777959746,2193704.97918992,2178041.8160237223,2162311.3769289553,2146510.682794799,2130636.6852215184]],"stack":null}
[2026-03-03T08:59:15.675Z] {"timestamp":1772528355050,"level":"LOG","args":["[DEBUG] IRR calculated:","0.06941892935770344","as percentage:","6.94%"],"stack":null}
[2026-03-03T08:59:15.675Z] {"timestamp":1772528355050,"level":"LOG","args":["[DEBUG] IRR cashFlows:",[-20847920,2347245.6,2332105.4176000003,2316924.2959296005,2301699.8612458818,2286429.685863398,2271111.286784007,2255742.1242925352,2240319.600517421,2224841.0579554588,2209303.777959746,2193704.97918992,2178041.8160237223,2162311.3769289553,2146510.682794799,2130636.6852215184]],"stack":null}
[2026-03-03T08:59:15.675Z] {"timestamp":1772528355050,"level":"LOG","args":["[DEBUG] IRR calculated:","0.06788016749640302","as percentage:","6.79%"],"stack":null}
[2026-03-03T08:59:15.675Z] {"timestamp":1772528355050,"level":"LOG","args":["[DEBUG] IRR cashFlows:",[-20586470,2347245.6,2332105.4176000003,2316924.2959296005,2301699.8612458818,2286429.685863398,2271111.286784007,2255742.1242925352,2240319.600517421,2224841.0579554588,2209303.777959746,2193704.97918992,2178041.8160237223,2162311.3769289553,2146510.682794799,2130636.6852215184]],"stack":null}
[2026-03-03T08:59:15.675Z] {"timestamp":1772528355050,"level":"LOG","args":["[DEBUG] IRR calculated:","0.06990707417421428","as percentage:","6.99%"],"stack":null}
[2026-03-03T08:59:15.675Z] {"timestamp":1772528355050,"level":"LOG","args":["[DEBUG] IRR cashFlows:",[-20657770,2347245.6,2332105.4176000003,2316924.2959296005,2301699.8612458818,2286429.685863398,2271111.286784007,2255742.1242925352,2240319.600517421,2224841.0579554588,2209303.777959746,2193704.97918992,2178041.8160237223,2162311.3769289553,2146510.682794799,2130636.6852215184]],"stack":null}
[2026-03-03T08:59:15.675Z] {"timestamp":1772528355050,"level":"LOG","args":["[DEBUG] IRR calculated:","0.06935038224521865","as percentage:","6.94%"],"stack":null}
[2026-03-03T08:59:15.675Z] {"timestamp":1772528355050,"level":"LOG","args":["[DEBUG] IRR cashFlows:",[-20755520,2347245.6,2332105.4176000003,2316924.2959296005,2301699.8612458818,2286429.685863398,2271111.286784007,2255742.1242925352,2240319.600517421,2224841.0579554588,2209303.777959746,2193704.97918992,2178041.8160237223,2162311.3769289553,2146510.682794799,2130636.6852215184]],"stack":null}
[2026-03-03T08:59:15.675Z] {"timestamp":1772528355050,"level":"LOG","args":["[DEBUG] IRR calculated:","0.06859199042281805","as percentage:","6.86%"],"stack":null}
[2026-03-03T08:59:15.675Z] {"timestamp":1772528355050,"level":"LOG","args":["[DEBUG] IRR cashFlows:",[-20900995,2347245.6,2332105.4176000003,2316924.2959296005,2301699.8612458818,2286429.685863398,2271111.286784007,2255742.1242925352,2240319.600517421,2224841.0579554588,2209303.777959746,2193704.97918992,2178041.8160237223,2162311.3769289553,2146510.682794799,2130636.6852215184]],"stack":null}
[2026-03-03T08:59:15.675Z] {"timestamp":1772528355050,"level":"LOG","args":["[DEBUG] IRR calculated:","0.06747349355098918","as percentage:","6.75%"],"stack":null}
[2026-03-03T08:59:15.675Z] {"timestamp":1772528355050,"level":"LOG","args":["[DEBUG] IRR cashFlows:",[-21149970,2347245.6,2332105.4176000003,2316924.2959296005,2301699.8612458818,2286429.685863398,2271111.286784007,2255742.1242925352,2240319.600517421,2224841.0579554588,2209303.777959746,2193704.97918992,2178041.8160237223,2162311.3769289553,2146510.682794799,2130636.6852215184]],"stack":null}
[2026-03-03T08:59:15.675Z] {"timestamp":1772528355050,"level":"LOG","args":["[DEBUG] IRR calculated:","0.06558685445344957","as percentage:","6.56%"],"stack":null}
[2026-03-03T08:59:15.675Z] {"timestamp":1772528355050,"level":"LOG","args":["[DEBUG] IRR cashFlows:",[-21509920,2347245.6,2332105.4176000003,2316924.2959296005,2301699.8612458818,2286429.685863398,2271111.286784007,2255742.1242925352,2240319.600517421,2224841.0579554588,2209303.777959746,2193704.97918992,2178041.8160237223,2162311.3769289553,2146510.682794799,2130636.6852215184]],"stack":null}
[2026-03-03T08:59:15.675Z] {"timestamp":1772528355050,"level":"LOG","args":["[DEBUG] IRR calculated:","0.06291897990856639","as percentage:","6.29%"],"stack":null}
[2026-03-03T08:59:15.675Z] {"timestamp":1772528355050,"level":"LOG","args":["[DEBUG] IRR cashFlows:",[-20822970,2347245.6,2332105.4176000003,2316924.2959296005,2301699.8612458818,2286429.685863398,2271111.286784007,2255742.1242925352,2240319.600517421,2224841.0579554588,2209303.777959746,2193704.97918992,2178041.8160237223,2162311.3769289553,2146510.682794799,2130636.6852215184]],"stack":null}
[2026-03-03T08:59:15.675Z] {"timestamp":1772528355050,"level":"LOG","args":["[DEBUG] IRR calculated:","0.06807189383610872","as percentage:","6.81%"],"stack":null}
[2026-03-03T08:59:15.675Z] {"timestamp":1772528355050,"level":"LOG","args":["[DEBUG] IRR cashFlows:",[-20928770,2347245.6,2332105.4176000003,2316924.2959296005,2301699.8612458818,2286429.685863398,2271111.286784007,2255742.1242925352,2240319.600517421,2224841.0579554588,2209303.777959746,2193704.97918992,2178041.8160237223,2162311.3769289553,2146510.682794799,2130636.6852215184]],"stack":null}
[2026-03-03T08:59:15.675Z] {"timestamp":1772528355050,"level":"LOG","args":["[DEBUG] IRR calculated:","0.06726130973497235","as percentage:","6.73%"],"stack":null}
[2026-03-03T08:59:15.675Z] {"timestamp":1772528355050,"level":"LOG","args":["[DEBUG] IRR cashFlows:",[-21072520,2347245.6,2332105.4176000003,2316924.2959296005,2301699.8612458818,2286429.685863398,2271111.286784007,2255742.1242925352,2240319.600517421,2224841.0579554588,2209303.777959746,2193704.97918992,2178041.8160237223,2162311.3769289553,2146510.682794799,2130636.6852215184]],"stack":null}
[2026-03-03T08:59:15.675Z] {"timestamp":1772528355050,"level":"LOG","args":["[DEBUG] IRR calculated:","0.06617005552855004","as percentage:","6.62%"],"stack":null}
[2026-03-03T08:59:15.675Z] {"timestamp":1772528355050,"level":"LOG","args":["[DEBUG] IRR cashFlows:",[-21286995,2347245.6,2332105.4176000003,2316924.2959296005,2301699.8612458818,2286429.685863398,2271111.286784007,2255742.1242925352,2240319.600517421,2224841.0579554588,2209303.777959746,2193704.97918992,2178041.8160237223,2162311.3769289553,2146510.682794799,2130636.6852215184]],"stack":null}
[2026-03-03T08:59:15.675Z] {"timestamp":1772528355050,"level":"LOG","args":["[DEBUG] IRR calculated:","0.0645630715551585","as percentage:","6.46%"],"stack":null}
[2026-03-03T08:59:15.675Z] {"timestamp":1772528355050,"level":"LOG","args":["[DEBUG] IRR cashFlows:",[-21650970,2347245.6,2332105.4176000003,2316924.2959296005,2301699.8612458818,2286429.685863398,2271111.286784007,2255742.1242925352,2240319.600517421,2224841.0579554588,2209303.777959746,2193704.97918992,2178041.8160237223,2162311.3769289553,2146510.682794799,2130636.6852215184]],"stack":null}
[2026-03-03T08:59:15.675Z] {"timestamp":1772528355050,"level":"LOG","args":["[DEBUG] IRR calculated:","0.06189218671006957","as percentage:","6.19%"],"stack":null}
[2026-03-03T08:59:15.675Z] {"timestamp":1772528355050,"level":"LOG","args":["[DEBUG] IRR cashFlows:",[-22171920,2347245.6,2332105.4176000003,2316924.2959296005,2301699.8612458818,2286429.685863398,2271111.286784007,2255742.1242925352,2240319.600517421,2224841.0579554588,2209303.777959746,2193704.97918992,2178041.8160237223,2162311.3769289553,2146510.682794799,2130636.6852215184]],"stack":null}
[2026-03-03T08:59:15.675Z] {"timestamp":1772528355050,"level":"LOG","args":["[DEBUG] IRR calculated:","0.05818702567430744","as percentage:","5.82%"],"stack":null}
[2026-03-03T08:59:15.675Z] {"timestamp":1772528355050,"level":"LOG","args":["[DEBUG] IRR cashFlows:",[-21059470,2347245.6,2332105.4176000003,2316924.2959296005,2301699.8612458818,2286429.685863398,2271111.286784007,2255742.1242925352,2240319.600517421,2224841.0579554588,2209303.777959746,2193704.97918992,2178041.8160237223,2162311.3769289553,2146510.682794799,2130636.6852215184]],"stack":null}
[2026-03-03T08:59:15.675Z] {"timestamp":1772528355050,"level":"LOG","args":["[DEBUG] IRR calculated:","0.06626864791267574","as percentage:","6.63%"],"stack":null}
[2026-03-03T08:59:15.675Z] {"timestamp":1772528355050,"level":"LOG","args":["[DEBUG] IRR cashFlows:",[-21199770,2347245.6,2332105.4176000003,2316924.2959296005,2301699.8612458818,2286429.685863398,2271111.286784007,2255742.1242925352,2240319.600517421,2224841.0579554588,2209303.777959746,2193704.97918992,2178041.8160237223,2162311.3769289553,2146510.682794799,2130636.6852215184]],"stack":null}
[2026-03-03T08:59:15.675Z] {"timestamp":1772528355050,"level":"LOG","args":["[DEBUG] IRR calculated:","0.06521359458773965","as percentage:","6.52%"],"stack":null}
[2026-03-03T08:59:15.675Z] {"timestamp":1772528355050,"level":"LOG","args":["[DEBUG] IRR cashFlows:",[-21389520,2347245.6,2332105.4176000003,2316924.2959296005,2301699.8612458818,2286429.685863398,2271111.286784007,2255742.1242925352,2240319.600517421,2224841.0579554588,2209303.777959746,2193704.97918992,2178041.8160237223,2162311.3769289553,2146510.682794799,2130636.6852215184]],"stack":null}
[2026-03-03T08:59:15.675Z] {"timestamp":1772528355050,"level":"LOG","args":["[DEBUG] IRR calculated:","0.06380366768687844","as percentage:","6.38%"],"stack":null}
[2026-03-03T08:59:15.675Z] {"timestamp":1772528355050,"level":"LOG","args":["[DEBUG] IRR cashFlows:",[-21672995,2347245.6,2332105.4176000003,2316924.2959296005,2301699.8612458818,2286429.685863398,2271111.286784007,2255742.1242925352,2240319.600517421,2224841.0579554588,2209303.777959746,2193704.97918992,2178041.8160237223,2162311.3769289553,2146510.682794799,2130636.6852215184]],"stack":null}
[2026-03-03T08:59:15.675Z] {"timestamp":1772528355050,"level":"LOG","args":["[DEBUG] IRR calculated:","0.06173277934950446","as percentage:","6.17%"],"stack":null}
[2026-03-03T08:59:15.675Z] {"timestamp":1772528355050,"level":"LOG","args":["[DEBUG] IRR cashFlows:",[-22151970,2347245.6,2332105.4176000003,2316924.2959296005,2301699.8612458818,2286429.685863398,2271111.286784007,2255742.1242925352,2240319.600517421,2224841.0579554588,2209303.777959746,2193704.97918992,2178041.8160237223,2162311.3769289553,2146510.682794799,2130636.6852215184]],"stack":null}
[2026-03-03T08:59:15.675Z] {"timestamp":1772528355051,"level":"LOG","args":["[DEBUG] IRR calculated:","0.058326456314478206","as percentage:","5.83%"],"stack":null}
[2026-03-03T08:59:15.675Z] {"timestamp":1772528355051,"level":"LOG","args":["[DEBUG] IRR cashFlows:",[-22833920,2347245.6,2332105.4176000003,2316924.2959296005,2301699.8612458818,2286429.685863398,2271111.286784007,2255742.1242925352,2240319.600517421,2224841.0579554588,2209303.777959746,2193704.97918992,2178041.8160237223,2162311.3769289553,2146510.682794799,2130636.6852215184]],"stack":null}
[2026-03-03T08:59:15.675Z] {"timestamp":1772528355051,"level":"LOG","args":["[DEBUG] IRR calculated:","0.05366621689490418","as percentage:","5.37%"],"stack":null}
[2026-03-03T08:59:15.675Z] {"timestamp":1772528355051,"level":"LOG","args":["[DEBUG] IRR cashFlows:",[-21295970,2347245.6,2332105.4176000003,2316924.2959296005,2301699.8612458818,2286429.685863398,2271111.286784007,2255742.1242925352,2240319.600517421,2224841.0579554588,2209303.777959746,2193704.97918992,2178041.8160237223,2162311.3769289553,2146510.682794799,2130636.6852215184]],"stack":null}
[2026-03-03T08:59:15.675Z] {"timestamp":1772528355051,"level":"LOG","args":["[DEBUG] IRR calculated:","0.06449636898574769","as percentage:","6.45%"],"stack":null}
[2026-03-03T08:59:15.675Z] {"timestamp":1772528355051,"level":"LOG","args":["[DEBUG] IRR cashFlows:",[-21470770,2347245.6,2332105.4176000003,2316924.2959296005,2301699.8612458818,2286429.685863398,2271111.286784007,2255742.1242925352,2240319.600517421,2224841.0579554588,2209303.777959746,2193704.97918992,2178041.8160237223,2162311.3769289553,2146510.682794799,2130636.6852215184]],"stack":null}
[2026-03-03T08:59:15.675Z] {"timestamp":1772528355051,"level":"LOG","args":["[DEBUG] IRR calculated:","0.06320581353613193","as percentage:","6.32%"],"stack":null}
[2026-03-03T08:59:15.675Z] {"timestamp":1772528355051,"level":"LOG","args":["[DEBUG] IRR cashFlows:",[-21706520,2347245.6,2332105.4176000003,2316924.2959296005,2301699.8612458818,2286429.685863398,2271111.286784007,2255742.1242925352,2240319.600517421,2224841.0579554588,2209303.777959746,2193704.97918992,2178041.8160237223,2162311.3769289553,2146510.682794799,2130636.6852215184]],"stack":null}
[2026-03-03T08:59:15.675Z] {"timestamp":1772528355051,"level":"LOG","args":["[DEBUG] IRR calculated:","0.06149061655758006","as percentage:","6.15%"],"stack":null}
[2026-03-03T08:59:15.675Z] {"timestamp":1772528355051,"level":"LOG","args":["[DEBUG] IRR cashFlows:",[-22058995,2347245.6,2332105.4176000003,2316924.2959296005,2301699.8612458818,2286429.685863398,2271111.286784007,2255742.1242925352,2240319.600517421,2224841.0579554588,2209303.777959746,2193704.97918992,2178041.8160237223,2162311.3769289553,2146510.682794799,2130636.6852215184]],"stack":null}
[2026-03-03T08:59:15.675Z] {"timestamp":1772528355051,"level":"LOG","args":["[DEBUG] IRR calculated:","0.05897880004117878","as percentage:","5.90%"],"stack":null}
[2026-03-03T08:59:15.675Z] {"timestamp":1772528355051,"level":"LOG","args":["[DEBUG] IRR cashFlows:",[-22652970,2347245.6,2332105.4176000003,2316924.2959296005,2301699.8612458818,2286429.685863398,2271111.286784007,2255742.1242925352,2240319.600517421,2224841.0579554588,2209303.777959746,2193704.97918992,2178041.8160237223,2162311.3769289553,2146510.682794799,2130636.6852215184]],"stack":null}
[2026-03-03T08:59:15.675Z] {"timestamp":1772528355051,"level":"LOG","args":["[DEBUG] IRR calculated:","0.05488191300298694","as percentage:","5.49%"],"stack":null}
[2026-03-03T08:59:15.675Z] {"timestamp":1772528355051,"level":"LOG","args":["[DEBUG] IRR cashFlows:",[-23495920,2347245.6,2332105.4176000003,2316924.2959296005,2301699.8612458818,2286429.685863398,2271111.286784007,2255742.1242925352,2240319.600517421,2224841.0579554588,2209303.777959746,2193704.97918992,2178041.8160237223,2162311.3769289553,2146510.682794799,2130636.6852215184]],"stack":null}
[2026-03-03T08:59:15.675Z] {"timestamp":1772528355051,"level":"LOG","args":["[DEBUG] IRR calculated:","0.04934042050246808","as percentage:","4.93%"],"stack":null}
[2026-03-03T08:59:15.675Z] {"timestamp":1772528355051,"level":"LOG","args":["[DEBUG] IRR cashFlows:",[-21532470,2347245.6,2332105.4176000003,2316924.2959296005,2301699.8612458818,2286429.685863398,2271111.286784007,2255742.1242925352,2240319.600517421,2224841.0579554588,2209303.777959746,2193704.97918992,2178041.8160237223,2162311.3769289553,2146510.682794799,2130636.6852215184]],"stack":null}
[2026-03-03T08:59:15.675Z] {"timestamp":1772528355051,"level":"LOG","args":["[DEBUG] IRR calculated:","0.06275413050974829","as percentage:","6.28%"],"stack":null}
[2026-03-03T08:59:15.675Z] {"timestamp":1772528355051,"level":"LOG","args":["[DEBUG] IRR cashFlows:",[-21741770,2347245.6,2332105.4176000003,2316924.2959296005,2301699.8612458818,2286429.685863398,2271111.286784007,2255742.1242925352,2240319.600517421,2224841.0579554588,2209303.777959746,2193704.97918992,2178041.8160237223,2162311.3769289553,2146510.682794799,2130636.6852215184]],"stack":null}
[2026-03-03T08:59:15.675Z] {"timestamp":1772528355051,"level":"LOG","args":["[DEBUG] IRR calculated:","0.06123661152255621","as percentage:","6.12%"],"stack":null}
[2026-03-03T08:59:15.675Z] {"timestamp":1772528355051,"level":"LOG","args":["[DEBUG] IRR cashFlows:",[-22023520,2347245.6,2332105.4176000003,2316924.2959296005,2301699.8612458818,2286429.685863398,2271111.286784007,2255742.1242925352,2240319.600517421,2224841.0579554588,2209303.777959746,2193704.97918992,2178041.8160237223,2162311.3769289553,2146510.682794799,2130636.6852215184]],"stack":null}
[2026-03-03T08:59:15.675Z] {"timestamp":1772528355051,"level":"LOG","args":["[DEBUG] IRR calculated:","0.059228814052242125","as percentage:","5.92%"],"stack":null}
[2026-03-03T08:59:15.675Z] {"timestamp":1772528355051,"level":"LOG","args":["[DEBUG] IRR cashFlows:",[-22444995,2347245.6,2332105.4176000003,2316924.2959296005,2301699.8612458818,2286429.685863398,2271111.286784007,2255742.1242925352,2240319.600517421,2224841.0579554588,2209303.777959746,2193704.97918992,2178041.8160237223,2162311.3769289553,2146510.682794799,2130636.6852215184]],"stack":null}
[2026-03-03T08:59:15.675Z] {"timestamp":1772528355051,"level":"LOG","args":["[DEBUG] IRR calculated:","0.05629756874796891","as percentage:","5.63%"],"stack":null}
[2026-03-03T08:59:15.675Z] {"timestamp":1772528355051,"level":"LOG","args":["[DEBUG] IRR cashFlows:",[-23153970,2347245.6,2332105.4176000003,2316924.2959296005,2301699.8612458818,2286429.685863398,2271111.286784007,2255742.1242925352,2240319.600517421,2224841.0579554588,2209303.777959746,2193704.97918992,2178041.8160237223,2162311.3769289553,2146510.682794799,2130636.6852215184]],"stack":null}
[2026-03-03T08:59:15.675Z] {"timestamp":1772528355051,"level":"LOG","args":["[DEBUG] IRR calculated:","0.05155144940558404","as percentage:","5.16%"],"stack":null}
[2026-03-03T08:59:15.675Z] {"timestamp":1772528355051,"level":"LOG","args":["[DEBUG] IRR cashFlows:",[-24157920,2347245.6,2332105.4176000003,2316924.2959296005,2301699.8612458818,2286429.685863398,2271111.286784007,2255742.1242925352,2240319.600517421,2224841.0579554588,2209303.777959746,2193704.97918992,2178041.8160237223,2162311.3769289553,2146510.682794799,2130636.6852215184]],"stack":null}
[2026-03-03T08:59:15.675Z] {"timestamp":1772528355051,"level":"LOG","args":["[DEBUG] IRR calculated:","0.045195194883333435","as percentage:","4.52%"],"stack":null}
[2026-03-03T08:59:15.675Z] {"timestamp":1772528355051,"level":"LOG","args":["[DEBUG] IRR cashFlows:",[-21768970,2347245.6,2332105.4176000003,2316924.2959296005,2301699.8612458818,2286429.685863398,2271111.286784007,2255742.1242925352,2240319.600517421,2224841.0579554588,2209303.777959746,2193704.97918992,2178041.8160237223,2162311.3769289553,2146510.682794799,2130636.6852215184]],"stack":null}
[2026-03-03T08:59:15.675Z] {"timestamp":1772528355051,"level":"LOG","args":["[DEBUG] IRR calculated:","0.06104104462173326","as percentage:","6.10%"],"stack":null}
[2026-03-03T08:59:15.675Z] {"timestamp":1772528355051,"level":"LOG","args":["[DEBUG] IRR cashFlows:",[-22012770,2347245.6,2332105.4176000003,2316924.2959296005,2301699.8612458818,2286429.685863398,2271111.286784007,2255742.1242925352,2240319.600517421,2224841.0579554588,2209303.777959746,2193704.97918992,2178041.8160237223,2162311.3769289553,2146510.682794799,2130636.6852215184]],"stack":null}
[2026-03-03T08:59:15.675Z] {"timestamp":1772528355051,"level":"LOG","args":["[DEBUG] IRR calculated:","0.059304697559518414","as percentage:","5.93%"],"stack":null}
[2026-03-03T08:59:15.675Z] {"timestamp":1772528355051,"level":"LOG","args":["[DEBUG] IRR cashFlows:",[-22340520,2347245.6,2332105.4176000003,2316924.2959296005,2301699.8612458818,2286429.685863398,2271111.286784007,2255742.1242925352,2240319.600517421,2224841.0579554588,2209303.777959746,2193704.97918992,2178041.8160237223,2162311.3769289553,2146510.682794799,2130636.6852215184]],"stack":null}
[2026-03-03T08:59:15.675Z] {"timestamp":1772528355051,"level":"LOG","args":["[DEBUG] IRR calculated:","0.057016285787792935","as percentage:","5.70%"],"stack":null}
[2026-03-03T08:59:15.675Z] {"timestamp":1772528355051,"level":"LOG","args":["[DEBUG] IRR cashFlows:",[-22830995,2347245.6,2332105.4176000003,2316924.2959296005,2301699.8612458818,2286429.685863398,2271111.286784007,2255742.1242925352,2240319.600517421,2224841.0579554588,2209303.777959746,2193704.97918992,2178041.8160237223,2162311.3769289553,2146510.682794799,2130636.6852215184]],"stack":null}
[2026-03-03T08:59:15.675Z] {"timestamp":1772528355051,"level":"LOG","args":["[DEBUG] IRR calculated:","0.05368575162351055","as percentage:","5.37%"],"stack":null}
[2026-03-03T08:59:15.675Z] {"timestamp":1772528355051,"level":"LOG","args":["[DEBUG] IRR cashFlows:",[-23654970,2347245.6,2332105.4176000003,2316924.2959296005,2301699.8612458818,2286429.685863398,2271111.286784007,2255742.1242925352,2240319.600517421,2224841.0579554588,2209303.777959746,2193704.97918992,2178041.8160237223,2162311.3769289553,2146510.682794799,2130636.6852215184]],"stack":null}
[2026-03-03T08:59:15.675Z] {"timestamp":1772528355051,"level":"LOG","args":["[DEBUG] IRR calculated:","0.04832853410409416","as percentage:","4.83%"],"stack":null}
[2026-03-03T08:59:15.675Z] {"timestamp":1772528355051,"level":"LOG","args":["[DEBUG] IRR cashFlows:",[-24819920,2347245.6,2332105.4176000003,2316924.2959296005,2301699.8612458818,2286429.685863398,2271111.286784007,2255742.1242925352,2240319.600517421,2224841.0579554588,2209303.777959746,2193704.97918992,2178041.8160237223,2162311.3769289553,2146510.682794799,2130636.6852215184]],"stack":null}
[2026-03-03T08:59:15.675Z] {"timestamp":1772528355052,"level":"LOG","args":["[DEBUG] IRR calculated:","0.04121756847793395","as percentage:","4.12%"],"stack":null}
[2026-03-03T08:59:15.675Z] {"timestamp":1772528355052,"level":"LOG","args":["[DEBUG] IRR cashFlows:",[-22005470,2347245.6,2332105.4176000003,2316924.2959296005,2301699.8612458818,2286429.685863398,2271111.286784007,2255742.1242925352,2240319.600517421,2224841.0579554588,2209303.777959746,2193704.97918992,2178041.8160237223,2162311.3769289553,2146510.682794799,2130636.6852215184]],"stack":null}
[2026-03-03T08:59:15.675Z] {"timestamp":1772528355052,"level":"LOG","args":["[DEBUG] IRR calculated:","0.05935626009265614","as percentage:","5.94%"],"stack":null}
[2026-03-03T08:59:15.675Z] {"timestamp":1772528355052,"level":"LOG","args":["[DEBUG] IRR cashFlows:",[-22283770,2347245.6,2332105.4176000003,2316924.2959296005,2301699.8612458818,2286429.685863398,2271111.286784007,2255742.1242925352,2240319.600517421,2224841.0579554588,2209303.777959746,2193704.97918992,2178041.8160237223,2162311.3769289553,2146510.682794799,2130636.6852215184]],"stack":null}
[2026-03-03T08:59:15.675Z] {"timestamp":1772528355052,"level":"LOG","args":["[DEBUG] IRR calculated:","0.05740884089179996","as percentage:","5.74%"],"stack":null}
[2026-03-03T08:59:15.675Z] {"timestamp":1772528355052,"level":"LOG","args":["[DEBUG] IRR cashFlows:",[-22657520,2347245.6,2332105.4176000003,2316924.2959296005,2301699.8612458818,2286429.685863398,2271111.286784007,2255742.1242925352,2240319.600517421,2224841.0579554588,2209303.777959746,2193704.97918992,2178041.8160237223,2162311.3769289553,2146510.682794799,2130636.6852215184]],"stack":null}
[2026-03-03T08:59:15.675Z] {"timestamp":1772528355052,"level":"LOG","args":["[DEBUG] IRR calculated:","0.05485116325604188","as percentage:","5.49%"],"stack":null}
[2026-03-03T08:59:15.675Z] {"timestamp":1772528355052,"level":"LOG","args":["[DEBUG] IRR cashFlows:",[-23216995,2347245.6,2332105.4176000003,2316924.2959296005,2301699.8612458818,2286429.685863398,2271111.286784007,2255742.1242925352,2240319.600517421,2224841.0579554588,2209303.777959746,2193704.97918992,2178041.8160237223,2162311.3769289553,2146510.682794799,2130636.6852215184]],"stack":null}
[2026-03-03T08:59:15.675Z] {"timestamp":1772528355052,"level":"LOG","args":["[DEBUG] IRR calculated:","0.05114022696919229","as percentage:","5.11%"],"stack":null}
[2026-03-03T08:59:15.675Z] {"timestamp":1772528355052,"level":"LOG","args":["[DEBUG] IRR cashFlows:",[-24155970,2347245.6,2332105.4176000003,2316924.2959296005,2301699.8612458818,2286429.685863398,2271111.286784007,2255742.1242925352,2240319.600517421,2224841.0579554588,2209303.777959746,2193704.97918992,2178041.8160237223,2162311.3769289553,2146510.682794799,2130636.6852215184]],"stack":null}
[2026-03-03T08:59:15.675Z] {"timestamp":1772528355052,"level":"LOG","args":["[DEBUG] IRR calculated:","0.04520715298860184","as percentage:","4.52%"],"stack":null}
[2026-03-03T08:59:15.675Z] {"timestamp":1772528355052,"level":"LOG","args":["[DEBUG] IRR cashFlows:",[-25481920,2347245.6,2332105.4176000003,2316924.2959296005,2301699.8612458818,2286429.685863398,2271111.286784007,2255742.1242925352,2240319.600517421,2224841.0579554588,2209303.777959746,2193704.97918992,2178041.8160237223,2162311.3769289553,2146510.682794799,2130636.6852215184]],"stack":null}
[2026-03-03T08:59:15.675Z] {"timestamp":1772528355052,"level":"LOG","args":["[DEBUG] IRR calculated:","0.037395852703504665","as percentage:","3.74%"],"stack":null}
[2026-03-03T08:59:15.675Z] {"timestamp":1772528355052,"level":"LOG","args":["[DEBUG] IRR cashFlows:",[-22241970,2347245.6,2332105.4176000003,2316924.2959296005,2301699.8612458818,2286429.685863398,2271111.286784007,2255742.1242925352,2240319.600517421,2224841.0579554588,2209303.777959746,2193704.97918992,2178041.8160237223,2162311.3769289553,2146510.682794799,2130636.6852215184]],"stack":null}
[2026-03-03T08:59:15.675Z] {"timestamp":1772528355052,"level":"LOG","args":["[DEBUG] IRR calculated:","0.057698960409099886","as percentage:","5.77%"],"stack":null}
[2026-03-03T08:59:15.675Z] {"timestamp":1772528355052,"level":"LOG","args":["[DEBUG] IRR cashFlows:",[-22554770,2347245.6,2332105.4176000003,2316924.2959296005,2301699.8612458818,2286429.685863398,2271111.286784007,2255742.1242925352,2240319.600517421,2224841.0579554588,2209303.777959746,2193704.97918992,2178041.8160237223,2162311.3769289553,2146510.682794799,2130636.6852215184]],"stack":null}
[2026-03-03T08:59:15.675Z] {"timestamp":1772528355052,"level":"LOG","args":["[DEBUG] IRR calculated:","0.05554786743469476","as percentage:","5.55%"],"stack":null}
[2026-03-03T08:59:15.675Z] {"timestamp":1772528355052,"level":"LOG","args":["[DEBUG] IRR cashFlows:",[-22974520,2347245.6,2332105.4176000003,2316924.2959296005,2301699.8612458818,2286429.685863398,2271111.286784007,2255742.1242925352,2240319.600517421,2224841.0579554588,2209303.777959746,2193704.97918992,2178041.8160237223,2162311.3769289553,2146510.682794799,2130636.6852215184]],"stack":null}
[2026-03-03T08:59:15.675Z] {"timestamp":1772528355052,"level":"LOG","args":["[DEBUG] IRR calculated:","0.052731676639772296","as percentage:","5.27%"],"stack":null}
[2026-03-03T08:59:15.675Z] {"timestamp":1772528355052,"level":"LOG","args":["[DEBUG] IRR cashFlows:",[-23602995,2347245.6,2332105.4176000003,2316924.2959296005,2301699.8612458818,2286429.685863398,2271111.286784007,2255742.1242925352,2240319.600517421,2224841.0579554588,2209303.777959746,2193704.97918992,2178041.8160237223,2162311.3769289553,2146510.682794799,2130636.6852215184]],"stack":null}
[2026-03-03T08:59:15.675Z] {"timestamp":1772528355052,"level":"LOG","args":["[DEBUG] IRR calculated:","0.04865806819294149","as percentage:","4.87%"],"stack":null}
[2026-03-03T08:59:15.675Z] {"timestamp":1772528355052,"level":"LOG","args":["[DEBUG] IRR cashFlows:",[-24656970,2347245.6,2332105.4176000003,2316924.2959296005,2301699.8612458818,2286429.685863398,2271111.286784007,2255742.1242925352,2240319.600517421,2224841.0579554588,2209303.777959746,2193704.97918992,2178041.8160237223,2162311.3769289553,2146510.682794799,2130636.6852215184]],"stack":null}
[2026-03-03T08:59:15.675Z] {"timestamp":1772528355052,"level":"LOG","args":["[DEBUG] IRR calculated:","0.04218175772827382","as percentage:","4.22%"],"stack":null}
[2026-03-03T08:59:15.675Z] {"timestamp":1772528355052,"level":"LOG","args":["[DEBUG] IRR cashFlows:",[-26143920,2347245.6,2332105.4176000003,2316924.2959296005,2301699.8612458818,2286429.685863398,2271111.286784007,2255742.1242925352,2240319.600517421,2224841.0579554588,2209303.777959746,2193704.97918992,2178041.8160237223,2162311.3769289553,2146510.682794799,2130636.6852215184]],"stack":null}
[2026-03-03T08:59:15.675Z] {"timestamp":1772528355052,"level":"LOG","args":["[DEBUG] IRR calculated:","0.033719483105901414","as percentage:","3.37%"],"stack":null}
[2026-03-03T08:59:15.675Z] {"timestamp":1772528355052,"level":"LOG","args":["[DEBUG] IRR cashFlows:",[-22478470,2347245.6,2332105.4176000003,2316924.2959296005,2301699.8612458818,2286429.685863398,2271111.286784007,2255742.1242925352,2240319.600517421,2224841.0579554588,2209303.777959746,2193704.97918992,2178041.8160237223,2162311.3769289553,2146510.682794799,2130636.6852215184]],"stack":null}
[2026-03-03T08:59:15.675Z] {"timestamp":1772528355052,"level":"LOG","args":["[DEBUG] IRR calculated:","0.056068361975843424","as percentage:","5.61%"],"stack":null}
[2026-03-03T08:59:15.675Z] {"timestamp":1772528355052,"level":"LOG","args":["[DEBUG] IRR cashFlows:",[-22825770,2347245.6,2332105.4176000003,2316924.2959296005,2301699.8612458818,2286429.685863398,2271111.286784007,2255742.1242925352,2240319.600517421,2224841.0579554588,2209303.777959746,2193704.97918992,2178041.8160237223,2162311.3769289553,2146510.682794799,2130636.6852215184]],"stack":null}
[2026-03-03T08:59:15.675Z] {"timestamp":1772528355052,"level":"LOG","args":["[DEBUG] IRR calculated:","0.05372065646529879","as percentage:","5.37%"],"stack":null}
[2026-03-03T08:59:15.675Z] {"timestamp":1772528355052,"level":"LOG","args":["[DEBUG] IRR cashFlows:",[-23291520,2347245.6,2332105.4176000003,2316924.2959296005,2301699.8612458818,2286429.685863398,2271111.286784007,2255742.1242925352,2240319.600517421,2224841.0579554588,2209303.777959746,2193704.97918992,2178041.8160237223,2162311.3769289553,2146510.682794799,2130636.6852215184]],"stack":null}
[2026-03-03T08:59:15.675Z] {"timestamp":1772528355053,"level":"LOG","args":["[DEBUG] IRR calculated:","0.05065614821353178","as percentage:","5.07%"],"stack":null}
[2026-03-03T08:59:15.675Z] {"timestamp":1772528355053,"level":"LOG","args":["[DEBUG] IRR cashFlows:",[-23988995,2347245.6,2332105.4176000003,2316924.2959296005,2301699.8612458818,2286429.685863398,2271111.286784007,2255742.1242925352,2240319.600517421,2224841.0579554588,2209303.777959746,2193704.97918992,2178041.8160237223,2162311.3769289553,2146510.682794799,2130636.6852215184]],"stack":null}
[2026-03-03T08:59:15.675Z] {"timestamp":1772528355053,"level":"LOG","args":["[DEBUG] IRR calculated:","0.04623652840614501","as percentage:","4.62%"],"stack":null}
[2026-03-03T08:59:15.675Z] {"timestamp":1772528355053,"level":"LOG","args":["[DEBUG] IRR cashFlows:",[-25157970,2347245.6,2332105.4176000003,2316924.2959296005,2301699.8612458818,2286429.685863398,2271111.286784007,2255742.1242925352,2240319.600517421,2224841.0579554588,2209303.777959746,2193704.97918992,2178041.8160237223,2162311.3769289553,2146510.682794799,2130636.6852215184]],"stack":null}
[2026-03-03T08:59:15.675Z] {"timestamp":1772528355053,"level":"LOG","args":["[DEBUG] IRR calculated:","0.03924722036257719","as percentage:","3.92%"],"stack":null}
[2026-03-03T08:59:15.675Z] {"timestamp":1772528355053,"level":"LOG","args":["[DEBUG] IRR cashFlows:",[-26805920,2347245.6,2332105.4176000003,2316924.2959296005,2301699.8612458818,2286429.685863398,2271111.286784007,2255742.1242925352,2240319.600517421,2224841.0579554588,2209303.777959746,2193704.97918992,2178041.8160237223,2162311.3769289553,2146510.682794799,2130636.6852215184]],"stack":null}
[2026-03-03T08:59:15.675Z] {"timestamp":1772528355053,"level":"LOG","args":["[DEBUG] IRR calculated:","0.03017888385735712","as percentage:","3.02%"],"stack":null}
[2026-03-03T08:59:15.675Z] {"timestamp":1772528355053,"level":"LOG","args":["[DEBUG SENSITIVITY] Matrix minIrr:","0.03017888385735712","maxIrr:","0.07177519955991235","minIrr%:","3.02","maxIrr%:","7.18"],"stack":null}
[2026-03-03T08:59:15.675Z] {"timestamp":1772528355069,"level":"WARN","args":["The width(0) and height(0) of chart should be greater than 0,\n       please check the style of container, or the props width(100%) and height(100%),\n       or add a minWidth(0) or minHeight(undefined) or use aspect(undefined) to control the\n       height and width."],"stack":null}
[2026-03-03T08:59:15.675Z] {"timestamp":1772528355213,"level":"LOG","args":["[DEBUG] IRR cashFlows:",[-20052520,2347245.6,2332105.4176000003,2316924.2959296005,2301699.8612458818,2286429.685863398,2271111.286784007,2255742.1242925352,2240319.600517421,2224841.0579554588,2209303.777959746,2193704.97918992,2178041.8160237223,2162311.3769289553,2146510.682794799,2130636.6852215184]],"stack":null}
[2026-03-03T08:59:15.675Z] {"timestamp":1772528355213,"level":"LOG","args":["[DEBUG] IRR calculated:","0.0741731803149236","as percentage:","7.42%"],"stack":null}
[2026-03-03T08:59:15.675Z] {"timestamp":1772528355213,"level":"LOG","args":["[DEBUG] IRR cashFlows:",[-20349970,2347245.6,2332105.4176000003,2316924.2959296005,2301699.8612458818,2286429.685863398,2271111.286784007,2255742.1242925352,2240319.600517421,2224841.0579554588,2209303.777959746,2193704.97918992,2178041.8160237223,2162311.3769289553,2146510.682794799,2130636.6852215184]],"stack":null}
[2026-03-03T08:59:15.675Z] {"timestamp":1772528355214,"level":"LOG","args":["[DEBUG] IRR calculated:","0.07177519955991235","as percentage:","7.18%"],"stack":null}
[2026-03-03T08:59:15.675Z] {"timestamp":1772528355214,"level":"LOG","args":["[DEBUG SENSITIVITY] First cell (6kV, 1km):",{"lcoe":125.79290595909659,"irr":0.07177519955991235,"irrPercent":"7.18"}],"stack":null}
[2026-03-03T08:59:15.675Z] {"timestamp":1772528355214,"level":"LOG","args":["[DEBUG] IRR cashFlows:",[-20386770,2347245.6,2332105.4176000003,2316924.2959296005,2301699.8612458818,2286429.685863398,2271111.286784007,2255742.1242925352,2240319.600517421,2224841.0579554588,2209303.777959746,2193704.97918992,2178041.8160237223,2162311.3769289553,2146510.682794799,2130636.6852215184]],"stack":null}
[2026-03-03T08:59:15.675Z] {"timestamp":1772528355214,"level":"LOG","args":["[DEBUG] IRR calculated:","0.07148230806457223","as percentage:","7.15%"],"stack":null}
[2026-03-03T08:59:15.675Z] {"timestamp":1772528355214,"level":"LOG","args":["[DEBUG] IRR cashFlows:",[-20438520,2347245.6,2332105.4176000003,2316924.2959296005,2301699.8612458818,2286429.685863398,2271111.286784007,2255742.1242925352,2240319.600517421,2224841.0579554588,2209303.777959746,2193704.97918992,2178041.8160237223,2162311.3769289553,2146510.682794799,2130636.6852215184]],"stack":null}
[2026-03-03T08:59:15.675Z] {"timestamp":1772528355214,"level":"LOG","args":["[DEBUG] IRR calculated:","0.0710718143025396","as percentage:","7.11%"],"stack":null}
[2026-03-03T08:59:15.675Z] {"timestamp":1772528355214,"level":"LOG","args":["[DEBUG] IRR cashFlows:",[-20514995,2347245.6,2332105.4176000003,2316924.2959296005,2301699.8612458818,2286429.685863398,2271111.286784007,2255742.1242925352,2240319.600517421,2224841.0579554588,2209303.777959746,2193704.97918992,2178041.8160237223,2162311.3769289553,2146510.682794799,2130636.6852215184]],"stack":null}
[2026-03-03T08:59:15.675Z] {"timestamp":1772528355214,"level":"LOG","args":["[DEBUG] IRR calculated:","0.07046813757853714","as percentage:","7.05%"],"stack":null}
[2026-03-03T08:59:15.675Z] {"timestamp":1772528355214,"level":"LOG","args":["[DEBUG] IRR cashFlows:",[-20648970,2347245.6,2332105.4176000003,2316924.2959296005,2301699.8612458818,2286429.685863398,2271111.286784007,2255742.1242925352,2240319.600517421,2224841.0579554588,2209303.777959746,2193704.97918992,2178041.8160237223,2162311.3769289553,2146510.682794799,2130636.6852215184]],"stack":null}
[2026-03-03T08:59:15.675Z] {"timestamp":1772528355214,"level":"LOG","args":["[DEBUG] IRR calculated:","0.06941892935770344","as percentage:","6.94%"],"stack":null}
[2026-03-03T08:59:15.675Z] {"timestamp":1772528355214,"level":"LOG","args":["[DEBUG] IRR cashFlows:",[-20847920,2347245.6,2332105.4176000003,2316924.2959296005,2301699.8612458818,2286429.685863398,2271111.286784007,2255742.1242925352,2240319.600517421,2224841.0579554588,2209303.777959746,2193704.97918992,2178041.8160237223,2162311.3769289553,2146510.682794799,2130636.6852215184]],"stack":null}
[2026-03-03T08:59:15.675Z] {"timestamp":1772528355214,"level":"LOG","args":["[DEBUG] IRR calculated:","0.06788016749640302","as percentage:","6.79%"],"stack":null}
[2026-03-03T08:59:15.675Z] {"timestamp":1772528355214,"level":"LOG","args":["[DEBUG] IRR cashFlows:",[-20586470,2347245.6,2332105.4176000003,2316924.2959296005,2301699.8612458818,2286429.685863398,2271111.286784007,2255742.1242925352,2240319.600517421,2224841.0579554588,2209303.777959746,2193704.97918992,2178041.8160237223,2162311.3769289553,2146510.682794799,2130636.6852215184]],"stack":null}
[2026-03-03T08:59:15.675Z] {"timestamp":1772528355214,"level":"LOG","args":["[DEBUG] IRR calculated:","0.06990707417421428","as percentage:","6.99%"],"stack":null}
[2026-03-03T08:59:15.675Z] {"timestamp":1772528355214,"level":"LOG","args":["[DEBUG] IRR cashFlows:",[-20657770,2347245.6,2332105.4176000003,2316924.2959296005,2301699.8612458818,2286429.685863398,2271111.286784007,2255742.1242925352,2240319.600517421,2224841.0579554588,2209303.777959746,2193704.97918992,2178041.8160237223,2162311.3769289553,2146510.682794799,2130636.6852215184]],"stack":null}
[2026-03-03T08:59:15.675Z] {"timestamp":1772528355215,"level":"LOG","args":["[DEBUG] IRR calculated:","0.06935038224521865","as percentage:","6.94%"],"stack":null}
[2026-03-03T08:59:15.675Z] {"timestamp":1772528355215,"level":"LOG","args":["[DEBUG] IRR cashFlows:",[-20755520,2347245.6,2332105.4176000003,2316924.2959296005,2301699.8612458818,2286429.685863398,2271111.286784007,2255742.1242925352,2240319.600517421,2224841.0579554588,2209303.777959746,2193704.97918992,2178041.8160237223,2162311.3769289553,2146510.682794799,2130636.6852215184]],"stack":null}
[2026-03-03T08:59:15.675Z] {"timestamp":1772528355215,"level":"LOG","args":["[DEBUG] IRR calculated:","0.06859199042281805","as percentage:","6.86%"],"stack":null}
[2026-03-03T08:59:15.675Z] {"timestamp":1772528355215,"level":"LOG","args":["[DEBUG] IRR cashFlows:",[-20900995,2347245.6,2332105.4176000003,2316924.2959296005,2301699.8612458818,2286429.685863398,2271111.286784007,2255742.1242925352,2240319.600517421,2224841.0579554588,2209303.777959746,2193704.97918992,2178041.8160237223,2162311.3769289553,2146510.682794799,2130636.6852215184]],"stack":null}
[2026-03-03T08:59:15.675Z] {"timestamp":1772528355215,"level":"LOG","args":["[DEBUG] IRR calculated:","0.06747349355098918","as percentage:","6.75%"],"stack":null}
[2026-03-03T08:59:15.675Z] {"timestamp":1772528355215,"level":"LOG","args":["[DEBUG] IRR cashFlows:",[-21149970,2347245.6,2332105.4176000003,2316924.2959296005,2301699.8612458818,2286429.685863398,2271111.286784007,2255742.1242925352,2240319.600517421,2224841.0579554588,2209303.777959746,2193704.97918992,2178041.8160237223,2162311.3769289553,2146510.682794799,2130636.6852215184]],"stack":null}
[2026-03-03T08:59:15.675Z] {"timestamp":1772528355215,"level":"LOG","args":["[DEBUG] IRR calculated:","0.06558685445344957","as percentage:","6.56%"],"stack":null}
[2026-03-03T08:59:15.675Z] {"timestamp":1772528355215,"level":"LOG","args":["[DEBUG] IRR cashFlows:",[-21509920,2347245.6,2332105.4176000003,2316924.2959296005,2301699.8612458818,2286429.685863398,2271111.286784007,2255742.1242925352,2240319.600517421,2224841.0579554588,2209303.777959746,2193704.97918992,2178041.8160237223,2162311.3769289553,2146510.682794799,2130636.6852215184]],"stack":null}
[2026-03-03T08:59:15.675Z] {"timestamp":1772528355215,"level":"LOG","args":["[DEBUG] IRR calculated:","0.06291897990856639","as percentage:","6.29%"],"stack":null}
[2026-03-03T08:59:15.675Z] {"timestamp":1772528355215,"level":"LOG","args":["[DEBUG] IRR cashFlows:",[-20822970,2347245.6,2332105.4176000003,2316924.2959296005,2301699.8612458818,2286429.685863398,2271111.286784007,2255742.1242925352,2240319.600517421,2224841.0579554588,2209303.777959746,2193704.97918992,2178041.8160237223,2162311.3769289553,2146510.682794799,2130636.6852215184]],"stack":null}
[2026-03-03T08:59:15.675Z] {"timestamp":1772528355215,"level":"LOG","args":["[DEBUG] IRR calculated:","0.06807189383610872","as percentage:","6.81%"],"stack":null}
[2026-03-03T08:59:15.675Z] {"timestamp":1772528355215,"level":"LOG","args":["[DEBUG] IRR cashFlows:",[-20928770,2347245.6,2332105.4176000003,2316924.2959296005,2301699.8612458818,2286429.685863398,2271111.286784007,2255742.1242925352,2240319.600517421,2224841.0579554588,2209303.777959746,2193704.97918992,2178041.8160237223,2162311.3769289553,2146510.682794799,2130636.6852215184]],"stack":null}
[2026-03-03T08:59:15.675Z] {"timestamp":1772528355215,"level":"LOG","args":["[DEBUG] IRR calculated:","0.06726130973497235","as percentage:","6.73%"],"stack":null}
[2026-03-03T08:59:15.675Z] {"timestamp":1772528355215,"level":"LOG","args":["[DEBUG] IRR cashFlows:",[-21072520,2347245.6,2332105.4176000003,2316924.2959296005,2301699.8612458818,2286429.685863398,2271111.286784007,2255742.1242925352,2240319.600517421,2224841.0579554588,2209303.777959746,2193704.97918992,2178041.8160237223,2162311.3769289553,2146510.682794799,2130636.6852215184]],"stack":null}
[2026-03-03T08:59:15.675Z] {"timestamp":1772528355215,"level":"LOG","args":["[DEBUG] IRR calculated:","0.06617005552855004","as percentage:","6.62%"],"stack":null}
[2026-03-03T08:59:15.675Z] {"timestamp":1772528355215,"level":"LOG","args":["[DEBUG] IRR cashFlows:",[-21286995,2347245.6,2332105.4176000003,2316924.2959296005,2301699.8612458818,2286429.685863398,2271111.286784007,2255742.1242925352,2240319.600517421,2224841.0579554588,2209303.777959746,2193704.97918992,2178041.8160237223,2162311.3769289553,2146510.682794799,2130636.6852215184]],"stack":null}
[2026-03-03T08:59:15.675Z] {"timestamp":1772528355215,"level":"LOG","args":["[DEBUG] IRR calculated:","0.0645630715551585","as percentage:","6.46%"],"stack":null}
[2026-03-03T08:59:15.675Z] {"timestamp":1772528355215,"level":"LOG","args":["[DEBUG] IRR cashFlows:",[-21650970,2347245.6,2332105.4176000003,2316924.2959296005,2301699.8612458818,2286429.685863398,2271111.286784007,2255742.1242925352,2240319.600517421,2224841.0579554588,2209303.777959746,2193704.97918992,2178041.8160237223,2162311.3769289553,2146510.682794799,2130636.6852215184]],"stack":null}
[2026-03-03T08:59:15.675Z] {"timestamp":1772528355215,"level":"LOG","args":["[DEBUG] IRR calculated:","0.06189218671006957","as percentage:","6.19%"],"stack":null}
[2026-03-03T08:59:15.675Z] {"timestamp":1772528355215,"level":"LOG","args":["[DEBUG] IRR cashFlows:",[-22171920,2347245.6,2332105.4176000003,2316924.2959296005,2301699.8612458818,2286429.685863398,2271111.286784007,2255742.1242925352,2240319.600517421,2224841.0579554588,2209303.777959746,2193704.97918992,2178041.8160237223,2162311.3769289553,2146510.682794799,2130636.6852215184]],"stack":null}
[2026-03-03T08:59:15.675Z] {"timestamp":1772528355215,"level":"LOG","args":["[DEBUG] IRR calculated:","0.05818702567430744","as percentage:","5.82%"],"stack":null}
[2026-03-03T08:59:15.675Z] {"timestamp":1772528355215,"level":"LOG","args":["[DEBUG] IRR cashFlows:",[-21059470,2347245.6,2332105.4176000003,2316924.2959296005,2301699.8612458818,2286429.685863398,2271111.286784007,2255742.1242925352,2240319.600517421,2224841.0579554588,2209303.777959746,2193704.97918992,2178041.8160237223,2162311.3769289553,2146510.682794799,2130636.6852215184]],"stack":null}
[2026-03-03T08:59:15.675Z] {"timestamp":1772528355215,"level":"LOG","args":["[DEBUG] IRR calculated:","0.06626864791267574","as percentage:","6.63%"],"stack":null}
[2026-03-03T08:59:15.675Z] {"timestamp":1772528355216,"level":"LOG","args":["[DEBUG] IRR cashFlows:",[-21199770,2347245.6,2332105.4176000003,2316924.2959296005,2301699.8612458818,2286429.685863398,2271111.286784007,2255742.1242925352,2240319.600517421,2224841.0579554588,2209303.777959746,2193704.97918992,2178041.8160237223,2162311.3769289553,2146510.682794799,2130636.6852215184]],"stack":null}
[2026-03-03T08:59:15.675Z] {"timestamp":1772528355216,"level":"LOG","args":["[DEBUG] IRR calculated:","0.06521359458773965","as percentage:","6.52%"],"stack":null}
[2026-03-03T08:59:15.675Z] {"timestamp":1772528355216,"level":"LOG","args":["[DEBUG] IRR cashFlows:",[-21389520,2347245.6,2332105.4176000003,2316924.2959296005,2301699.8612458818,2286429.685863398,2271111.286784007,2255742.1242925352,2240319.600517421,2224841.0579554588,2209303.777959746,2193704.97918992,2178041.8160237223,2162311.3769289553,2146510.682794799,2130636.6852215184]],"stack":null}
[2026-03-03T08:59:15.675Z] {"timestamp":1772528355216,"level":"LOG","args":["[DEBUG] IRR calculated:","0.06380366768687844","as percentage:","6.38%"],"stack":null}
[2026-03-03T08:59:15.675Z] {"timestamp":1772528355216,"level":"LOG","args":["[DEBUG] IRR cashFlows:",[-21672995,2347245.6,2332105.4176000003,2316924.2959296005,2301699.8612458818,2286429.685863398,2271111.286784007,2255742.1242925352,2240319.600517421,2224841.0579554588,2209303.777959746,2193704.97918992,2178041.8160237223,2162311.3769289553,2146510.682794799,2130636.6852215184]],"stack":null}
[2026-03-03T08:59:15.675Z] {"timestamp":1772528355216,"level":"LOG","args":["[DEBUG] IRR calculated:","0.06173277934950446","as percentage:","6.17%"],"stack":null}
[2026-03-03T08:59:15.675Z] {"timestamp":1772528355216,"level":"LOG","args":["[DEBUG] IRR cashFlows:",[-22151970,2347245.6,2332105.4176000003,2316924.2959296005,2301699.8612458818,2286429.685863398,2271111.286784007,2255742.1242925352,2240319.600517421,2224841.0579554588,2209303.777959746,2193704.97918992,2178041.8160237223,2162311.3769289553,2146510.682794799,2130636.6852215184]],"stack":null}
[2026-03-03T08:59:15.675Z] {"timestamp":1772528355216,"level":"LOG","args":["[DEBUG] IRR calculated:","0.058326456314478206","as percentage:","5.83%"],"stack":null}
[2026-03-03T08:59:15.675Z] {"timestamp":1772528355216,"level":"LOG","args":["[DEBUG] IRR cashFlows:",[-22833920,2347245.6,2332105.4176000003,2316924.2959296005,2301699.8612458818,2286429.685863398,2271111.286784007,2255742.1242925352,2240319.600517421,2224841.0579554588,2209303.777959746,2193704.97918992,2178041.8160237223,2162311.3769289553,2146510.682794799,2130636.6852215184]],"stack":null}
[2026-03-03T08:59:15.675Z] {"timestamp":1772528355216,"level":"LOG","args":["[DEBUG] IRR calculated:","0.05366621689490418","as percentage:","5.37%"],"stack":null}
[2026-03-03T08:59:15.675Z] {"timestamp":1772528355216,"level":"LOG","args":["[DEBUG] IRR cashFlows:",[-21295970,2347245.6,2332105.4176000003,2316924.2959296005,2301699.8612458818,2286429.685863398,2271111.286784007,2255742.1242925352,2240319.600517421,2224841.0579554588,2209303.777959746,2193704.97918992,2178041.8160237223,2162311.3769289553,2146510.682794799,2130636.6852215184]],"stack":null}
[2026-03-03T08:59:15.675Z] {"timestamp":1772528355216,"level":"LOG","args":["[DEBUG] IRR calculated:","0.06449636898574769","as percentage:","6.45%"],"stack":null}
[2026-03-03T08:59:15.675Z] {"timestamp":1772528355216,"level":"LOG","args":["[DEBUG] IRR cashFlows:",[-21470770,2347245.6,2332105.4176000003,2316924.2959296005,2301699.8612458818,2286429.685863398,2271111.286784007,2255742.1242925352,2240319.600517421,2224841.0579554588,2209303.777959746,2193704.97918992,2178041.8160237223,2162311.3769289553,2146510.682794799,2130636.6852215184]],"stack":null}
[2026-03-03T08:59:15.675Z] {"timestamp":1772528355216,"level":"LOG","args":["[DEBUG] IRR calculated:","0.06320581353613193","as percentage:","6.32%"],"stack":null}
[2026-03-03T08:59:15.675Z] {"timestamp":1772528355216,"level":"LOG","args":["[DEBUG] IRR cashFlows:",[-21706520,2347245.6,2332105.4176000003,2316924.2959296005,2301699.8612458818,2286429.685863398,2271111.286784007,2255742.1242925352,2240319.600517421,2224841.0579554588,2209303.777959746,2193704.97918992,2178041.8160237223,2162311.3769289553,2146510.682794799,2130636.6852215184]],"stack":null}
[2026-03-03T08:59:15.675Z] {"timestamp":1772528355216,"level":"LOG","args":["[DEBUG] IRR calculated:","0.06149061655758006","as percentage:","6.15%"],"stack":null}
[2026-03-03T08:59:15.675Z] {"timestamp":1772528355216,"level":"LOG","args":["[DEBUG] IRR cashFlows:",[-22058995,2347245.6,2332105.4176000003,2316924.2959296005,2301699.8612458818,2286429.685863398,2271111.286784007,2255742.1242925352,2240319.600517421,2224841.0579554588,2209303.777959746,2193704.97918992,2178041.8160237223,2162311.3769289553,2146510.682794799,2130636.6852215184]],"stack":null}
[2026-03-03T08:59:15.675Z] {"timestamp":1772528355216,"level":"LOG","args":["[DEBUG] IRR calculated:","0.05897880004117878","as percentage:","5.90%"],"stack":null}
[2026-03-03T08:59:15.675Z] {"timestamp":1772528355216,"level":"LOG","args":["[DEBUG] IRR cashFlows:",[-22652970,2347245.6,2332105.4176000003,2316924.2959296005,2301699.8612458818,2286429.685863398,2271111.286784007,2255742.1242925352,2240319.600517421,2224841.0579554588,2209303.777959746,2193704.97918992,2178041.8160237223,2162311.3769289553,2146510.682794799,2130636.6852215184]],"stack":null}
[2026-03-03T08:59:15.675Z] {"timestamp":1772528355216,"level":"LOG","args":["[DEBUG] IRR calculated:","0.05488191300298694","as percentage:","5.49%"],"stack":null}
[2026-03-03T08:59:15.675Z] {"timestamp":1772528355217,"level":"LOG","args":["[DEBUG] IRR cashFlows:",[-23495920,2347245.6,2332105.4176000003,2316924.2959296005,2301699.8612458818,2286429.685863398,2271111.286784007,2255742.1242925352,2240319.600517421,2224841.0579554588,2209303.777959746,2193704.97918992,2178041.8160237223,2162311.3769289553,2146510.682794799,2130636.6852215184]],"stack":null}
[2026-03-03T08:59:15.675Z] {"timestamp":1772528355217,"level":"LOG","args":["[DEBUG] IRR calculated:","0.04934042050246808","as percentage:","4.93%"],"stack":null}
[2026-03-03T08:59:15.675Z] {"timestamp":1772528355217,"level":"LOG","args":["[DEBUG] IRR cashFlows:",[-21532470,2347245.6,2332105.4176000003,2316924.2959296005,2301699.8612458818,2286429.685863398,2271111.286784007,2255742.1242925352,2240319.600517421,2224841.0579554588,2209303.777959746,2193704.97918992,2178041.8160237223,2162311.3769289553,2146510.682794799,2130636.6852215184]],"stack":null}
[2026-03-03T08:59:15.675Z] {"timestamp":1772528355217,"level":"LOG","args":["[DEBUG] IRR calculated:","0.06275413050974829","as percentage:","6.28%"],"stack":null}
[2026-03-03T08:59:15.675Z] {"timestamp":1772528355217,"level":"LOG","args":["[DEBUG] IRR cashFlows:",[-21741770,2347245.6,2332105.4176000003,2316924.2959296005,2301699.8612458818,2286429.685863398,2271111.286784007,2255742.1242925352,2240319.600517421,2224841.0579554588,2209303.777959746,2193704.97918992,2178041.8160237223,2162311.3769289553,2146510.682794799,2130636.6852215184]],"stack":null}
[2026-03-03T08:59:15.675Z] {"timestamp":1772528355217,"level":"LOG","args":["[DEBUG] IRR calculated:","0.06123661152255621","as percentage:","6.12%"],"stack":null}
[2026-03-03T08:59:15.675Z] {"timestamp":1772528355217,"level":"LOG","args":["[DEBUG] IRR cashFlows:",[-22023520,2347245.6,2332105.4176000003,2316924.2959296005,2301699.8612458818,2286429.685863398,2271111.286784007,2255742.1242925352,2240319.600517421,2224841.0579554588,2209303.777959746,2193704.97918992,2178041.8160237223,2162311.3769289553,2146510.682794799,2130636.6852215184]],"stack":null}
[2026-03-03T08:59:15.675Z] {"timestamp":1772528355217,"level":"LOG","args":["[DEBUG] IRR calculated:","0.059228814052242125","as percentage:","5.92%"],"stack":null}
[2026-03-03T08:59:15.675Z] {"timestamp":1772528355217,"level":"LOG","args":["[DEBUG] IRR cashFlows:",[-22444995,2347245.6,2332105.4176000003,2316924.2959296005,2301699.8612458818,2286429.685863398,2271111.286784007,2255742.1242925352,2240319.600517421,2224841.0579554588,2209303.777959746,2193704.97918992,2178041.8160237223,2162311.3769289553,2146510.682794799,2130636.6852215184]],"stack":null}
[2026-03-03T08:59:15.675Z] {"timestamp":1772528355217,"level":"LOG","args":["[DEBUG] IRR calculated:","0.05629756874796891","as percentage:","5.63%"],"stack":null}
[2026-03-03T08:59:15.675Z] {"timestamp":1772528355217,"level":"LOG","args":["[DEBUG] IRR cashFlows:",[-23153970,2347245.6,2332105.4176000003,2316924.2959296005,2301699.8612458818,2286429.685863398,2271111.286784007,2255742.1242925352,2240319.600517421,2224841.0579554588,2209303.777959746,2193704.97918992,2178041.8160237223,2162311.3769289553,2146510.682794799,2130636.6852215184]],"stack":null}
[2026-03-03T08:59:15.675Z] {"timestamp":1772528355217,"level":"LOG","args":["[DEBUG] IRR calculated:","0.05155144940558404","as percentage:","5.16%"],"stack":null}
[2026-03-03T08:59:15.675Z] {"timestamp":1772528355217,"level":"LOG","args":["[DEBUG] IRR cashFlows:",[-24157920,2347245.6,2332105.4176000003,2316924.2959296005,2301699.8612458818,2286429.685863398,2271111.286784007,2255742.1242925352,2240319.600517421,2224841.0579554588,2209303.777959746,2193704.97918992,2178041.8160237223,2162311.3769289553,2146510.682794799,2130636.6852215184]],"stack":null}
[2026-03-03T08:59:15.675Z] {"timestamp":1772528355217,"level":"LOG","args":["[DEBUG] IRR calculated:","0.045195194883333435","as percentage:","4.52%"],"stack":null}
[2026-03-03T08:59:15.675Z] {"timestamp":1772528355217,"level":"LOG","args":["[DEBUG] IRR cashFlows:",[-21768970,2347245.6,2332105.4176000003,2316924.2959296005,2301699.8612458818,2286429.685863398,2271111.286784007,2255742.1242925352,2240319.600517421,2224841.0579554588,2209303.777959746,2193704.97918992,2178041.8160237223,2162311.3769289553,2146510.682794799,2130636.6852215184]],"stack":null}
[2026-03-03T08:59:15.675Z] {"timestamp":1772528355217,"level":"LOG","args":["[DEBUG] IRR calculated:","0.06104104462173326","as percentage:","6.10%"],"stack":null}
[2026-03-03T08:59:15.675Z] {"timestamp":1772528355217,"level":"LOG","args":["[DEBUG] IRR cashFlows:",[-22012770,2347245.6,2332105.4176000003,2316924.2959296005,2301699.8612458818,2286429.685863398,2271111.286784007,2255742.1242925352,2240319.600517421,2224841.0579554588,2209303.777959746,2193704.97918992,2178041.8160237223,2162311.3769289553,2146510.682794799,2130636.6852215184]],"stack":null}
[2026-03-03T08:59:15.675Z] {"timestamp":1772528355218,"level":"LOG","args":["[DEBUG] IRR calculated:","0.059304697559518414","as percentage:","5.93%"],"stack":null}
[2026-03-03T08:59:15.675Z] {"timestamp":1772528355218,"level":"LOG","args":["[DEBUG] IRR cashFlows:",[-22340520,2347245.6,2332105.4176000003,2316924.2959296005,2301699.8612458818,2286429.685863398,2271111.286784007,2255742.1242925352,2240319.600517421,2224841.0579554588,2209303.777959746,2193704.97918992,2178041.8160237223,2162311.3769289553,2146510.682794799,2130636.6852215184]],"stack":null}
[2026-03-03T08:59:15.675Z] {"timestamp":1772528355218,"level":"LOG","args":["[DEBUG] IRR calculated:","0.057016285787792935","as percentage:","5.70%"],"stack":null}
[2026-03-03T08:59:15.675Z] {"timestamp":1772528355218,"level":"LOG","args":["[DEBUG] IRR cashFlows:",[-22830995,2347245.6,2332105.4176000003,2316924.2959296005,2301699.8612458818,2286429.685863398,2271111.286784007,2255742.1242925352,2240319.600517421,2224841.0579554588,2209303.777959746,2193704.97918992,2178041.8160237223,2162311.3769289553,2146510.682794799,2130636.6852215184]],"stack":null}
[2026-03-03T08:59:15.675Z] {"timestamp":1772528355218,"level":"LOG","args":["[DEBUG] IRR calculated:","0.05368575162351055","as percentage:","5.37%"],"stack":null}
[2026-03-03T08:59:15.675Z] {"timestamp":1772528355218,"level":"LOG","args":["[DEBUG] IRR cashFlows:",[-23654970,2347245.6,2332105.4176000003,2316924.2959296005,2301699.8612458818,2286429.685863398,2271111.286784007,2255742.1242925352,2240319.600517421,2224841.0579554588,2209303.777959746,2193704.97918992,2178041.8160237223,2162311.3769289553,2146510.682794799,2130636.6852215184]],"stack":null}
[2026-03-03T08:59:15.675Z] {"timestamp":1772528355218,"level":"LOG","args":["[DEBUG] IRR calculated:","0.04832853410409416","as percentage:","4.83%"],"stack":null}
[2026-03-03T08:59:15.675Z] {"timestamp":1772528355218,"level":"LOG","args":["[DEBUG] IRR cashFlows:",[-24819920,2347245.6,2332105.4176000003,2316924.2959296005,2301699.8612458818,2286429.685863398,2271111.286784007,2255742.1242925352,2240319.600517421,2224841.0579554588,2209303.777959746,2193704.97918992,2178041.8160237223,2162311.3769289553,2146510.682794799,2130636.6852215184]],"stack":null}
[2026-03-03T08:59:15.675Z] {"timestamp":1772528355218,"level":"LOG","args":["[DEBUG] IRR calculated:","0.04121756847793395","as percentage:","4.12%"],"stack":null}
[2026-03-03T08:59:15.675Z] {"timestamp":1772528355218,"level":"LOG","args":["[DEBUG] IRR cashFlows:",[-22005470,2347245.6,2332105.4176000003,2316924.2959296005,2301699.8612458818,2286429.685863398,2271111.286784007,2255742.1242925352,2240319.600517421,2224841.0579554588,2209303.777959746,2193704.97918992,2178041.8160237223,2162311.3769289553,2146510.682794799,2130636.6852215184]],"stack":null}
[2026-03-03T08:59:15.675Z] {"timestamp":1772528355218,"level":"LOG","args":["[DEBUG] IRR calculated:","0.05935626009265614","as percentage:","5.94%"],"stack":null}
[2026-03-03T08:59:15.675Z] {"timestamp":1772528355218,"level":"LOG","args":["[DEBUG] IRR cashFlows:",[-22283770,2347245.6,2332105.4176000003,2316924.2959296005,2301699.8612458818,2286429.685863398,2271111.286784007,2255742.1242925352,2240319.600517421,2224841.0579554588,2209303.777959746,2193704.97918992,2178041.8160237223,2162311.3769289553,2146510.682794799,2130636.6852215184]],"stack":null}
[2026-03-03T08:59:15.675Z] {"timestamp":1772528355218,"level":"LOG","args":["[DEBUG] IRR calculated:","0.05740884089179996","as percentage:","5.74%"],"stack":null}
[2026-03-03T08:59:15.675Z] {"timestamp":1772528355218,"level":"LOG","args":["[DEBUG] IRR cashFlows:",[-22657520,2347245.6,2332105.4176000003,2316924.2959296005,2301699.8612458818,2286429.685863398,2271111.286784007,2255742.1242925352,2240319.600517421,2224841.0579554588,2209303.777959746,2193704.97918992,2178041.8160237223,2162311.3769289553,2146510.682794799,2130636.6852215184]],"stack":null}
[2026-03-03T08:59:15.675Z] {"timestamp":1772528355218,"level":"LOG","args":["[DEBUG] IRR calculated:","0.05485116325604188","as percentage:","5.49%"],"stack":null}
[2026-03-03T08:59:15.675Z] {"timestamp":1772528355219,"level":"LOG","args":["[DEBUG] IRR cashFlows:",[-23216995,2347245.6,2332105.4176000003,2316924.2959296005,2301699.8612458818,2286429.685863398,2271111.286784007,2255742.1242925352,2240319.600517421,2224841.0579554588,2209303.777959746,2193704.97918992,2178041.8160237223,2162311.3769289553,2146510.682794799,2130636.6852215184]],"stack":null}
[2026-03-03T08:59:15.675Z] {"timestamp":1772528355219,"level":"LOG","args":["[DEBUG] IRR calculated:","0.05114022696919229","as percentage:","5.11%"],"stack":null}
[2026-03-03T08:59:15.675Z] {"timestamp":1772528355219,"level":"LOG","args":["[DEBUG] IRR cashFlows:",[-24155970,2347245.6,2332105.4176000003,2316924.2959296005,2301699.8612458818,2286429.685863398,2271111.286784007,2255742.1242925352,2240319.600517421,2224841.0579554588,2209303.777959746,2193704.97918992,2178041.8160237223,2162311.3769289553,2146510.682794799,2130636.6852215184]],"stack":null}
[2026-03-03T08:59:15.675Z] {"timestamp":1772528355219,"level":"LOG","args":["[DEBUG] IRR calculated:","0.04520715298860184","as percentage:","4.52%"],"stack":null}
[2026-03-03T08:59:15.675Z] {"timestamp":1772528355219,"level":"LOG","args":["[DEBUG] IRR cashFlows:",[-25481920,2347245.6,2332105.4176000003,2316924.2959296005,2301699.8612458818,2286429.685863398,2271111.286784007,2255742.1242925352,2240319.600517421,2224841.0579554588,2209303.777959746,2193704.97918992,2178041.8160237223,2162311.3769289553,2146510.682794799,2130636.6852215184]],"stack":null}
[2026-03-03T08:59:15.675Z] {"timestamp":1772528355219,"level":"LOG","args":["[DEBUG] IRR calculated:","0.037395852703504665","as percentage:","3.74%"],"stack":null}
[2026-03-03T08:59:15.675Z] {"timestamp":1772528355219,"level":"LOG","args":["[DEBUG] IRR cashFlows:",[-22241970,2347245.6,2332105.4176000003,2316924.2959296005,2301699.8612458818,2286429.685863398,2271111.286784007,2255742.1242925352,2240319.600517421,2224841.0579554588,2209303.777959746,2193704.97918992,2178041.8160237223,2162311.3769289553,2146510.682794799,2130636.6852215184]],"stack":null}
[2026-03-03T08:59:15.675Z] {"timestamp":1772528355219,"level":"LOG","args":["[DEBUG] IRR calculated:","0.057698960409099886","as percentage:","5.77%"],"stack":null}
[2026-03-03T08:59:15.675Z] {"timestamp":1772528355219,"level":"LOG","args":["[DEBUG] IRR cashFlows:",[-22554770,2347245.6,2332105.4176000003,2316924.2959296005,2301699.8612458818,2286429.685863398,2271111.286784007,2255742.1242925352,2240319.600517421,2224841.0579554588,2209303.777959746,2193704.97918992,2178041.8160237223,2162311.3769289553,2146510.682794799,2130636.6852215184]],"stack":null}
[2026-03-03T08:59:15.675Z] {"timestamp":1772528355219,"level":"LOG","args":["[DEBUG] IRR calculated:","0.05554786743469476","as percentage:","5.55%"],"stack":null}
[2026-03-03T08:59:15.675Z] {"timestamp":1772528355219,"level":"LOG","args":["[DEBUG] IRR cashFlows:",[-22974520,2347245.6,2332105.4176000003,2316924.2959296005,2301699.8612458818,2286429.685863398,2271111.286784007,2255742.1242925352,2240319.600517421,2224841.0579554588,2209303.777959746,2193704.97918992,2178041.8160237223,2162311.3769289553,2146510.682794799,2130636.6852215184]],"stack":null}
[2026-03-03T08:59:15.675Z] {"timestamp":1772528355219,"level":"LOG","args":["[DEBUG] IRR calculated:","0.052731676639772296","as percentage:","5.27%"],"stack":null}
[2026-03-03T08:59:15.675Z] {"timestamp":1772528355219,"level":"LOG","args":["[DEBUG] IRR cashFlows:",[-23602995,2347245.6,2332105.4176000003,2316924.2959296005,2301699.8612458818,2286429.685863398,2271111.286784007,2255742.1242925352,2240319.600517421,2224841.0579554588,2209303.777959746,2193704.97918992,2178041.8160237223,2162311.3769289553,2146510.682794799,2130636.6852215184]],"stack":null}
[2026-03-03T08:59:15.675Z] {"timestamp":1772528355219,"level":"LOG","args":["[DEBUG] IRR calculated:","0.04865806819294149","as percentage:","4.87%"],"stack":null}
[2026-03-03T08:59:15.675Z] {"timestamp":1772528355219,"level":"LOG","args":["[DEBUG] IRR cashFlows:",[-24656970,2347245.6,2332105.4176000003,2316924.2959296005,2301699.8612458818,2286429.685863398,2271111.286784007,2255742.1242925352,2240319.600517421,2224841.0579554588,2209303.777959746,2193704.97918992,2178041.8160237223,2162311.3769289553,2146510.682794799,2130636.6852215184]],"stack":null}
[2026-03-03T08:59:15.675Z] {"timestamp":1772528355219,"level":"LOG","args":["[DEBUG] IRR calculated:","0.04218175772827382","as percentage:","4.22%"],"stack":null}
[2026-03-03T08:59:15.675Z] {"timestamp":1772528355219,"level":"LOG","args":["[DEBUG] IRR cashFlows:",[-26143920,2347245.6,2332105.4176000003,2316924.2959296005,2301699.8612458818,2286429.685863398,2271111.286784007,2255742.1242925352,2240319.600517421,2224841.0579554588,2209303.777959746,2193704.97918992,2178041.8160237223,2162311.3769289553,2146510.682794799,2130636.6852215184]],"stack":null}
[2026-03-03T08:59:15.675Z] {"timestamp":1772528355219,"level":"LOG","args":["[DEBUG] IRR calculated:","0.033719483105901414","as percentage:","3.37%"],"stack":null}
[2026-03-03T08:59:15.675Z] {"timestamp":1772528355220,"level":"LOG","args":["[DEBUG] IRR cashFlows:",[-22478470,2347245.6,2332105.4176000003,2316924.2959296005,2301699.8612458818,2286429.685863398,2271111.286784007,2255742.1242925352,2240319.600517421,2224841.0579554588,2209303.777959746,2193704.97918992,2178041.8160237223,2162311.3769289553,2146510.682794799,2130636.6852215184]],"stack":null}
[2026-03-03T08:59:15.675Z] {"timestamp":1772528355220,"level":"LOG","args":["[DEBUG] IRR calculated:","0.056068361975843424","as percentage:","5.61%"],"stack":null}
[2026-03-03T08:59:15.675Z] {"timestamp":1772528355220,"level":"LOG","args":["[DEBUG] IRR cashFlows:",[-22825770,2347245.6,2332105.4176000003,2316924.2959296005,2301699.8612458818,2286429.685863398,2271111.286784007,2255742.1242925352,2240319.600517421,2224841.0579554588,2209303.777959746,2193704.97918992,2178041.8160237223,2162311.3769289553,2146510.682794799,2130636.6852215184]],"stack":null}
[2026-03-03T08:59:15.675Z] {"timestamp":1772528355220,"level":"LOG","args":["[DEBUG] IRR calculated:","0.05372065646529879","as percentage:","5.37%"],"stack":null}
[2026-03-03T08:59:15.675Z] {"timestamp":1772528355220,"level":"LOG","args":["[DEBUG] IRR cashFlows:",[-23291520,2347245.6,2332105.4176000003,2316924.2959296005,2301699.8612458818,2286429.685863398,2271111.286784007,2255742.1242925352,2240319.600517421,2224841.0579554588,2209303.777959746,2193704.97918992,2178041.8160237223,2162311.3769289553,2146510.682794799,2130636.6852215184]],"stack":null}
[2026-03-03T08:59:15.675Z] {"timestamp":1772528355220,"level":"LOG","args":["[DEBUG] IRR calculated:","0.05065614821353178","as percentage:","5.07%"],"stack":null}
[2026-03-03T08:59:15.675Z] {"timestamp":1772528355220,"level":"LOG","args":["[DEBUG] IRR cashFlows:",[-23988995,2347245.6,2332105.4176000003,2316924.2959296005,2301699.8612458818,2286429.685863398,2271111.286784007,2255742.1242925352,2240319.600517421,2224841.0579554588,2209303.777959746,2193704.97918992,2178041.8160237223,2162311.3769289553,2146510.682794799,2130636.6852215184]],"stack":null}
[2026-03-03T08:59:15.675Z] {"timestamp":1772528355220,"level":"LOG","args":["[DEBUG] IRR calculated:","0.04623652840614501","as percentage:","4.62%"],"stack":null}
[2026-03-03T08:59:15.675Z] {"timestamp":1772528355220,"level":"LOG","args":["[DEBUG] IRR cashFlows:",[-25157970,2347245.6,2332105.4176000003,2316924.2959296005,2301699.8612458818,2286429.685863398,2271111.286784007,2255742.1242925352,2240319.600517421,2224841.0579554588,2209303.777959746,2193704.97918992,2178041.8160237223,2162311.3769289553,2146510.682794799,2130636.6852215184]],"stack":null}
[2026-03-03T08:59:15.675Z] {"timestamp":1772528355220,"level":"LOG","args":["[DEBUG] IRR calculated:","0.03924722036257719","as percentage:","3.92%"],"stack":null}
[2026-03-03T08:59:15.675Z] {"timestamp":1772528355220,"level":"LOG","args":["[DEBUG] IRR cashFlows:",[-26805920,2347245.6,2332105.4176000003,2316924.2959296005,2301699.8612458818,2286429.685863398,2271111.286784007,2255742.1242925352,2240319.600517421,2224841.0579554588,2209303.777959746,2193704.97918992,2178041.8160237223,2162311.3769289553,2146510.682794799,2130636.6852215184]],"stack":null}
[2026-03-03T08:59:15.675Z] {"timestamp":1772528355220,"level":"LOG","args":["[DEBUG] IRR calculated:","0.03017888385735712","as percentage:","3.02%"],"stack":null}
[2026-03-03T08:59:15.675Z] {"timestamp":1772528355220,"level":"LOG","args":["[DEBUG SENSITIVITY] Matrix minIrr:","0.03017888385735712","maxIrr:","0.07177519955991235","minIrr%:","3.02","maxIrr%:","7.18"],"stack":null}
[2026-03-03T08:59:15.675Z] {"timestamp":1772528355236,"level":"WARN","args":["The width(0) and height(0) of chart should be greater than 0,\n       please check the style of container, or the props width(100%) and height(100%),\n       or add a minWidth(0) or minHeight(undefined) or use aspect(undefined) to control the\n       height and width."],"stack":null}
[2026-03-04T06:38:49.048Z] {"timestamp":1772606328119,"level":"LOG","args":["[vite] server connection lost. Polling for restart..."],"stack":null}
[2026-03-04T06:38:53.170Z] {"timestamp":1772606329873,"level":"DEBUG","args":["[Manus] Debug collector initialized (no rrweb, UI events only)"],"stack":null}
[2026-03-04T06:38:53.170Z] {"timestamp":1772606329895,"level":"DEBUG","args":["[vite] connected."],"stack":null}
[2026-03-04T06:38:53.170Z] {"timestamp":1772606329959,"level":"INFO","args":["%cDownload the React DevTools for a better development experience: https://react.dev/link/react-devtools","font-weight:bold"],"stack":null}
[2026-03-04T06:39:31.170Z] {"timestamp":1772606370885,"level":"DEBUG","args":["[vite]","hot updated: /src/index.css"],"stack":null}
[2026-03-04T06:39:31.171Z] {"timestamp":1772606370887,"level":"DEBUG","args":["[vite]","hot updated: /src/components/GridConnectionSliders.tsx"],"stack":null}
[2026-03-04T06:39:40.398Z] {"timestamp":1772606378387,"level":"DEBUG","args":["[Manus] Debug collector initialized (no rrweb, UI events only)"],"stack":null}
[2026-03-04T06:39:40.398Z] {"timestamp":1772606378405,"level":"DEBUG","args":["[vite] connected."],"stack":null}
[2026-03-04T06:39:40.398Z] {"timestamp":1772606378492,"level":"INFO","args":["%cDownload the React DevTools for a better development experience: https://react.dev/link/react-devtools","font-weight:bold"],"stack":null}
[2026-03-04T06:39:40.398Z] {"timestamp":1772606378600,"level":"LOG","args":["[DEBUG] IRR cashFlows:",[-20052520,2347245.6,2332105.4176000003,2316924.2959296005,2301699.8612458818,2286429.685863398,2271111.286784007,2255742.1242925352,2240319.600517421,2224841.0579554588,2209303.777959746,2193704.97918992,2178041.8160237223,2162311.3769289553,2146510.682794799,2130636.6852215184]],"stack":null}
[2026-03-04T06:39:40.398Z] {"timestamp":1772606378603,"level":"LOG","args":["[DEBUG] IRR calculated:","0.0741731803149236","as percentage:","7.42%"],"stack":null}
[2026-03-04T06:39:40.398Z] {"timestamp":1772606378604,"level":"LOG","args":["[DEBUG] IRR cashFlows:",[-20349970,2347245.6,2332105.4176000003,2316924.2959296005,2301699.8612458818,2286429.685863398,2271111.286784007,2255742.1242925352,2240319.600517421,2224841.0579554588,2209303.777959746,2193704.97918992,2178041.8160237223,2162311.3769289553,2146510.682794799,2130636.6852215184]],"stack":null}
[2026-03-04T06:39:40.398Z] {"timestamp":1772606378604,"level":"LOG","args":["[DEBUG] IRR calculated:","0.07177519955991235","as percentage:","7.18%"],"stack":null}
[2026-03-04T06:39:40.398Z] {"timestamp":1772606378605,"level":"LOG","args":["[DEBUG SENSITIVITY] First cell (6kV, 1km):",{"lcoe":125.79290595909659,"irr":0.07177519955991235,"irrPercent":"7.18"}],"stack":null}
[2026-03-04T06:39:40.398Z] {"timestamp":1772606378605,"level":"LOG","args":["[DEBUG] IRR cashFlows:",[-20386770,2347245.6,2332105.4176000003,2316924.2959296005,2301699.8612458818,2286429.685863398,2271111.286784007,2255742.1242925352,2240319.600517421,2224841.0579554588,2209303.777959746,2193704.97918992,2178041.8160237223,2162311.3769289553,2146510.682794799,2130636.6852215184]],"stack":null}
[2026-03-04T06:39:40.398Z] {"timestamp":1772606378605,"level":"LOG","args":["[DEBUG] IRR calculated:","0.07148230806457223","as percentage:","7.15%"],"stack":null}
[2026-03-04T06:39:40.398Z] {"timestamp":1772606378606,"level":"LOG","args":["[DEBUG] IRR cashFlows:",[-20438520,2347245.6,2332105.4176000003,2316924.2959296005,2301699.8612458818,2286429.685863398,2271111.286784007,2255742.1242925352,2240319.600517421,2224841.0579554588,2209303.777959746,2193704.97918992,2178041.8160237223,2162311.3769289553,2146510.682794799,2130636.6852215184]],"stack":null}
[2026-03-04T06:39:40.398Z] {"timestamp":1772606378606,"level":"LOG","args":["[DEBUG] IRR calculated:","0.0710718143025396","as percentage:","7.11%"],"stack":null}
[2026-03-04T06:39:40.398Z] {"timestamp":1772606378606,"level":"LOG","args":["[DEBUG] IRR cashFlows:",[-20514995,2347245.6,2332105.4176000003,2316924.2959296005,2301699.8612458818,2286429.685863398,2271111.286784007,2255742.1242925352,2240319.600517421,2224841.0579554588,2209303.777959746,2193704.97918992,2178041.8160237223,2162311.3769289553,2146510.682794799,2130636.6852215184]],"stack":null}
[2026-03-04T06:39:40.398Z] {"timestamp":1772606378606,"level":"LOG","args":["[DEBUG] IRR calculated:","0.07046813757853714","as percentage:","7.05%"],"stack":null}
[2026-03-04T06:39:40.398Z] {"timestamp":1772606378607,"level":"LOG","args":["[DEBUG] IRR cashFlows:",[-20648970,2347245.6,2332105.4176000003,2316924.2959296005,2301699.8612458818,2286429.685863398,2271111.286784007,2255742.1242925352,2240319.600517421,2224841.0579554588,2209303.777959746,2193704.97918992,2178041.8160237223,2162311.3769289553,2146510.682794799,2130636.6852215184]],"stack":null}
[2026-03-04T06:39:40.398Z] {"timestamp":1772606378607,"level":"LOG","args":["[DEBUG] IRR calculated:","0.06941892935770343","as percentage:","6.94%"],"stack":null}
[2026-03-04T06:39:40.398Z] {"timestamp":1772606378607,"level":"LOG","args":["[DEBUG] IRR cashFlows:",[-20847920,2347245.6,2332105.4176000003,2316924.2959296005,2301699.8612458818,2286429.685863398,2271111.286784007,2255742.1242925352,2240319.600517421,2224841.0579554588,2209303.777959746,2193704.97918992,2178041.8160237223,2162311.3769289553,2146510.682794799,2130636.6852215184]],"stack":null}
[2026-03-04T06:39:40.398Z] {"timestamp":1772606378607,"level":"LOG","args":["[DEBUG] IRR calculated:","0.06788016749640302","as percentage:","6.79%"],"stack":null}
[2026-03-04T06:39:40.398Z] {"timestamp":1772606378607,"level":"LOG","args":["[DEBUG] IRR cashFlows:",[-20586470,2347245.6,2332105.4176000003,2316924.2959296005,2301699.8612458818,2286429.685863398,2271111.286784007,2255742.1242925352,2240319.600517421,2224841.0579554588,2209303.777959746,2193704.97918992,2178041.8160237223,2162311.3769289553,2146510.682794799,2130636.6852215184]],"stack":null}
[2026-03-04T06:39:40.398Z] {"timestamp":1772606378608,"level":"LOG","args":["[DEBUG] IRR calculated:","0.0699070741742143","as percentage:","6.99%"],"stack":null}
[2026-03-04T06:39:40.398Z] {"timestamp":1772606378608,"level":"LOG","args":["[DEBUG] IRR cashFlows:",[-20657770,2347245.6,2332105.4176000003,2316924.2959296005,2301699.8612458818,2286429.685863398,2271111.286784007,2255742.1242925352,2240319.600517421,2224841.0579554588,2209303.777959746,2193704.97918992,2178041.8160237223,2162311.3769289553,2146510.682794799,2130636.6852215184]],"stack":null}
[2026-03-04T06:39:40.398Z] {"timestamp":1772606378608,"level":"LOG","args":["[DEBUG] IRR calculated:","0.06935038224521867","as percentage:","6.94%"],"stack":null}
[2026-03-04T06:39:40.398Z] {"timestamp":1772606378608,"level":"LOG","args":["[DEBUG] IRR cashFlows:",[-20755520,2347245.6,2332105.4176000003,2316924.2959296005,2301699.8612458818,2286429.685863398,2271111.286784007,2255742.1242925352,2240319.600517421,2224841.0579554588,2209303.777959746,2193704.97918992,2178041.8160237223,2162311.3769289553,2146510.682794799,2130636.6852215184]],"stack":null}
[2026-03-04T06:39:40.398Z] {"timestamp":1772606378609,"level":"LOG","args":["[DEBUG] IRR calculated:","0.06859199042281805","as percentage:","6.86%"],"stack":null}
[2026-03-04T06:39:40.398Z] {"timestamp":1772606378609,"level":"LOG","args":["[DEBUG] IRR cashFlows:",[-20900995,2347245.6,2332105.4176000003,2316924.2959296005,2301699.8612458818,2286429.685863398,2271111.286784007,2255742.1242925352,2240319.600517421,2224841.0579554588,2209303.777959746,2193704.97918992,2178041.8160237223,2162311.3769289553,2146510.682794799,2130636.6852215184]],"stack":null}
[2026-03-04T06:39:40.398Z] {"timestamp":1772606378609,"level":"LOG","args":["[DEBUG] IRR calculated:","0.06747349355098918","as percentage:","6.75%"],"stack":null}
[2026-03-04T06:39:40.398Z] {"timestamp":1772606378609,"level":"LOG","args":["[DEBUG] IRR cashFlows:",[-21149970,2347245.6,2332105.4176000003,2316924.2959296005,2301699.8612458818,2286429.685863398,2271111.286784007,2255742.1242925352,2240319.600517421,2224841.0579554588,2209303.777959746,2193704.97918992,2178041.8160237223,2162311.3769289553,2146510.682794799,2130636.6852215184]],"stack":null}
[2026-03-04T06:39:40.398Z] {"timestamp":1772606378610,"level":"LOG","args":["[DEBUG] IRR calculated:","0.06558685445344957","as percentage:","6.56%"],"stack":null}
[2026-03-04T06:39:40.398Z] {"timestamp":1772606378610,"level":"LOG","args":["[DEBUG] IRR cashFlows:",[-21509920,2347245.6,2332105.4176000003,2316924.2959296005,2301699.8612458818,2286429.685863398,2271111.286784007,2255742.1242925352,2240319.600517421,2224841.0579554588,2209303.777959746,2193704.97918992,2178041.8160237223,2162311.3769289553,2146510.682794799,2130636.6852215184]],"stack":null}
[2026-03-04T06:39:40.398Z] {"timestamp":1772606378610,"level":"LOG","args":["[DEBUG] IRR calculated:","0.06291897990856639","as percentage:","6.29%"],"stack":null}
[2026-03-04T06:39:40.398Z] {"timestamp":1772606378610,"level":"LOG","args":["[DEBUG] IRR cashFlows:",[-20822970,2347245.6,2332105.4176000003,2316924.2959296005,2301699.8612458818,2286429.685863398,2271111.286784007,2255742.1242925352,2240319.600517421,2224841.0579554588,2209303.777959746,2193704.97918992,2178041.8160237223,2162311.3769289553,2146510.682794799,2130636.6852215184]],"stack":null}
[2026-03-04T06:39:40.398Z] {"timestamp":1772606378610,"level":"LOG","args":["[DEBUG] IRR calculated:","0.06807189383610872","as percentage:","6.81%"],"stack":null}
[2026-03-04T06:39:40.398Z] {"timestamp":1772606378611,"level":"LOG","args":["[DEBUG] IRR cashFlows:",[-20928770,2347245.6,2332105.4176000003,2316924.2959296005,2301699.8612458818,2286429.685863398,2271111.286784007,2255742.1242925352,2240319.600517421,2224841.0579554588,2209303.777959746,2193704.97918992,2178041.8160237223,2162311.3769289553,2146510.682794799,2130636.6852215184]],"stack":null}
[2026-03-04T06:39:40.398Z] {"timestamp":1772606378611,"level":"LOG","args":["[DEBUG] IRR calculated:","0.06726130973497234","as percentage:","6.73%"],"stack":null}
[2026-03-04T06:39:40.398Z] {"timestamp":1772606378611,"level":"LOG","args":["[DEBUG] IRR cashFlows:",[-21072520,2347245.6,2332105.4176000003,2316924.2959296005,2301699.8612458818,2286429.685863398,2271111.286784007,2255742.1242925352,2240319.600517421,2224841.0579554588,2209303.777959746,2193704.97918992,2178041.8160237223,2162311.3769289553,2146510.682794799,2130636.6852215184]],"stack":null}
[2026-03-04T06:39:40.398Z] {"timestamp":1772606378611,"level":"LOG","args":["[DEBUG] IRR calculated:","0.06617005552855004","as percentage:","6.62%"],"stack":null}
[2026-03-04T06:39:40.398Z] {"timestamp":1772606378611,"level":"LOG","args":["[DEBUG] IRR cashFlows:",[-21286995,2347245.6,2332105.4176000003,2316924.2959296005,2301699.8612458818,2286429.685863398,2271111.286784007,2255742.1242925352,2240319.600517421,2224841.0579554588,2209303.777959746,2193704.97918992,2178041.8160237223,2162311.3769289553,2146510.682794799,2130636.6852215184]],"stack":null}
[2026-03-04T06:39:40.398Z] {"timestamp":1772606378613,"level":"LOG","args":["[DEBUG] IRR calculated:","0.0645630715551585","as percentage:","6.46%"],"stack":null}
[2026-03-04T06:39:40.398Z] {"timestamp":1772606378613,"level":"LOG","args":["[DEBUG] IRR cashFlows:",[-21650970,2347245.6,2332105.4176000003,2316924.2959296005,2301699.8612458818,2286429.685863398,2271111.286784007,2255742.1242925352,2240319.600517421,2224841.0579554588,2209303.777959746,2193704.97918992,2178041.8160237223,2162311.3769289553,2146510.682794799,2130636.6852215184]],"stack":null}
[2026-03-04T06:39:40.398Z] {"timestamp":1772606378613,"level":"LOG","args":["[DEBUG] IRR calculated:","0.06189218671006957","as percentage:","6.19%"],"stack":null}
[2026-03-04T06:39:40.398Z] {"timestamp":1772606378614,"level":"LOG","args":["[DEBUG] IRR cashFlows:",[-22171920,2347245.6,2332105.4176000003,2316924.2959296005,2301699.8612458818,2286429.685863398,2271111.286784007,2255742.1242925352,2240319.600517421,2224841.0579554588,2209303.777959746,2193704.97918992,2178041.8160237223,2162311.3769289553,2146510.682794799,2130636.6852215184]],"stack":null}
[2026-03-04T06:39:40.398Z] {"timestamp":1772606378614,"level":"LOG","args":["[DEBUG] IRR calculated:","0.05818702567430743","as percentage:","5.82%"],"stack":null}
[2026-03-04T06:39:40.398Z] {"timestamp":1772606378614,"level":"LOG","args":["[DEBUG] IRR cashFlows:",[-21059470,2347245.6,2332105.4176000003,2316924.2959296005,2301699.8612458818,2286429.685863398,2271111.286784007,2255742.1242925352,2240319.600517421,2224841.0579554588,2209303.777959746,2193704.97918992,2178041.8160237223,2162311.3769289553,2146510.682794799,2130636.6852215184]],"stack":null}
[2026-03-04T06:39:40.398Z] {"timestamp":1772606378614,"level":"LOG","args":["[DEBUG] IRR calculated:","0.06626864791267574","as percentage:","6.63%"],"stack":null}
[2026-03-04T06:39:40.398Z] {"timestamp":1772606378615,"level":"LOG","args":["[DEBUG] IRR cashFlows:",[-21199770,2347245.6,2332105.4176000003,2316924.2959296005,2301699.8612458818,2286429.685863398,2271111.286784007,2255742.1242925352,2240319.600517421,2224841.0579554588,2209303.777959746,2193704.97918992,2178041.8160237223,2162311.3769289553,2146510.682794799,2130636.6852215184]],"stack":null}
[2026-03-04T06:39:40.398Z] {"timestamp":1772606378615,"level":"LOG","args":["[DEBUG] IRR calculated:","0.06521359458773965","as percentage:","6.52%"],"stack":null}
[2026-03-04T06:39:40.398Z] {"timestamp":1772606378615,"level":"LOG","args":["[DEBUG] IRR cashFlows:",[-21389520,2347245.6,2332105.4176000003,2316924.2959296005,2301699.8612458818,2286429.685863398,2271111.286784007,2255742.1242925352,2240319.600517421,2224841.0579554588,2209303.777959746,2193704.97918992,2178041.8160237223,2162311.3769289553,2146510.682794799,2130636.6852215184]],"stack":null}
[2026-03-04T06:39:40.398Z] {"timestamp":1772606378615,"level":"LOG","args":["[DEBUG] IRR calculated:","0.06380366768687845","as percentage:","6.38%"],"stack":null}
[2026-03-04T06:39:40.398Z] {"timestamp":1772606378615,"level":"LOG","args":["[DEBUG] IRR cashFlows:",[-21672995,2347245.6,2332105.4176000003,2316924.2959296005,2301699.8612458818,2286429.685863398,2271111.286784007,2255742.1242925352,2240319.600517421,2224841.0579554588,2209303.777959746,2193704.97918992,2178041.8160237223,2162311.3769289553,2146510.682794799,2130636.6852215184]],"stack":null}
[2026-03-04T06:39:40.398Z] {"timestamp":1772606378616,"level":"LOG","args":["[DEBUG] IRR calculated:","0.06173277934950446","as percentage:","6.17%"],"stack":null}
[2026-03-04T06:39:40.398Z] {"timestamp":1772606378616,"level":"LOG","args":["[DEBUG] IRR cashFlows:",[-22151970,2347245.6,2332105.4176000003,2316924.2959296005,2301699.8612458818,2286429.685863398,2271111.286784007,2255742.1242925352,2240319.600517421,2224841.0579554588,2209303.777959746,2193704.97918992,2178041.8160237223,2162311.3769289553,2146510.682794799,2130636.6852215184]],"stack":null}
[2026-03-04T06:39:40.398Z] {"timestamp":1772606378616,"level":"LOG","args":["[DEBUG] IRR calculated:","0.058326456314478206","as percentage:","5.83%"],"stack":null}
[2026-03-04T06:39:40.398Z] {"timestamp":1772606378616,"level":"LOG","args":["[DEBUG] IRR cashFlows:",[-22833920,2347245.6,2332105.4176000003,2316924.2959296005,2301699.8612458818,2286429.685863398,2271111.286784007,2255742.1242925352,2240319.600517421,2224841.0579554588,2209303.777959746,2193704.97918992,2178041.8160237223,2162311.3769289553,2146510.682794799,2130636.6852215184]],"stack":null}
[2026-03-04T06:39:40.398Z] {"timestamp":1772606378617,"level":"LOG","args":["[DEBUG] IRR calculated:","0.05366621689490417","as percentage:","5.37%"],"stack":null}
[2026-03-04T06:39:40.398Z] {"timestamp":1772606378617,"level":"LOG","args":["[DEBUG] IRR cashFlows:",[-21295970,2347245.6,2332105.4176000003,2316924.2959296005,2301699.8612458818,2286429.685863398,2271111.286784007,2255742.1242925352,2240319.600517421,2224841.0579554588,2209303.777959746,2193704.97918992,2178041.8160237223,2162311.3769289553,2146510.682794799,2130636.6852215184]],"stack":null}
[2026-03-04T06:39:40.398Z] {"timestamp":1772606378617,"level":"LOG","args":["[DEBUG] IRR calculated:","0.0644963689857477","as percentage:","6.45%"],"stack":null}
[2026-03-04T06:39:40.398Z] {"timestamp":1772606378617,"level":"LOG","args":["[DEBUG] IRR cashFlows:",[-21470770,2347245.6,2332105.4176000003,2316924.2959296005,2301699.8612458818,2286429.685863398,2271111.286784007,2255742.1242925352,2240319.600517421,2224841.0579554588,2209303.777959746,2193704.97918992,2178041.8160237223,2162311.3769289553,2146510.682794799,2130636.6852215184]],"stack":null}
[2026-03-04T06:39:40.398Z] {"timestamp":1772606378618,"level":"LOG","args":["[DEBUG] IRR calculated:","0.06320581353613193","as percentage:","6.32%"],"stack":null}
[2026-03-04T06:39:40.398Z] {"timestamp":1772606378618,"level":"LOG","args":["[DEBUG] IRR cashFlows:",[-21706520,2347245.6,2332105.4176000003,2316924.2959296005,2301699.8612458818,2286429.685863398,2271111.286784007,2255742.1242925352,2240319.600517421,2224841.0579554588,2209303.777959746,2193704.97918992,2178041.8160237223,2162311.3769289553,2146510.682794799,2130636.6852215184]],"stack":null}
[2026-03-04T06:39:40.398Z] {"timestamp":1772606378618,"level":"LOG","args":["[DEBUG] IRR calculated:","0.061490616557580056","as percentage:","6.15%"],"stack":null}
[2026-03-04T06:39:40.398Z] {"timestamp":1772606378618,"level":"LOG","args":["[DEBUG] IRR cashFlows:",[-22058995,2347245.6,2332105.4176000003,2316924.2959296005,2301699.8612458818,2286429.685863398,2271111.286784007,2255742.1242925352,2240319.600517421,2224841.0579554588,2209303.777959746,2193704.97918992,2178041.8160237223,2162311.3769289553,2146510.682794799,2130636.6852215184]],"stack":null}
[2026-03-04T06:39:40.398Z] {"timestamp":1772606378618,"level":"LOG","args":["[DEBUG] IRR calculated:","0.05897880004117877","as percentage:","5.90%"],"stack":null}
[2026-03-04T06:39:40.398Z] {"timestamp":1772606378619,"level":"LOG","args":["[DEBUG] IRR cashFlows:",[-22652970,2347245.6,2332105.4176000003,2316924.2959296005,2301699.8612458818,2286429.685863398,2271111.286784007,2255742.1242925352,2240319.600517421,2224841.0579554588,2209303.777959746,2193704.97918992,2178041.8160237223,2162311.3769289553,2146510.682794799,2130636.6852215184]],"stack":null}
[2026-03-04T06:39:40.398Z] {"timestamp":1772606378619,"level":"LOG","args":["[DEBUG] IRR calculated:","0.054881913002986935","as percentage:","5.49%"],"stack":null}
[2026-03-04T06:39:40.398Z] {"timestamp":1772606378619,"level":"LOG","args":["[DEBUG] IRR cashFlows:",[-23495920,2347245.6,2332105.4176000003,2316924.2959296005,2301699.8612458818,2286429.685863398,2271111.286784007,2255742.1242925352,2240319.600517421,2224841.0579554588,2209303.777959746,2193704.97918992,2178041.8160237223,2162311.3769289553,2146510.682794799,2130636.6852215184]],"stack":null}
[2026-03-04T06:39:40.398Z] {"timestamp":1772606378619,"level":"LOG","args":["[DEBUG] IRR calculated:","0.04934042050246809","as percentage:","4.93%"],"stack":null}
[2026-03-04T06:39:40.398Z] {"timestamp":1772606378620,"level":"LOG","args":["[DEBUG] IRR cashFlows:",[-21532470,2347245.6,2332105.4176000003,2316924.2959296005,2301699.8612458818,2286429.685863398,2271111.286784007,2255742.1242925352,2240319.600517421,2224841.0579554588,2209303.777959746,2193704.97918992,2178041.8160237223,2162311.3769289553,2146510.682794799,2130636.6852215184]],"stack":null}
[2026-03-04T06:39:40.398Z] {"timestamp":1772606378620,"level":"LOG","args":["[DEBUG] IRR calculated:","0.06275413050974829","as percentage:","6.28%"],"stack":null}
[2026-03-04T06:39:40.398Z] {"timestamp":1772606378620,"level":"LOG","args":["[DEBUG] IRR cashFlows:",[-21741770,2347245.6,2332105.4176000003,2316924.2959296005,2301699.8612458818,2286429.685863398,2271111.286784007,2255742.1242925352,2240319.600517421,2224841.0579554588,2209303.777959746,2193704.97918992,2178041.8160237223,2162311.3769289553,2146510.682794799,2130636.6852215184]],"stack":null}
[2026-03-04T06:39:40.398Z] {"timestamp":1772606378620,"level":"LOG","args":["[DEBUG] IRR calculated:","0.06123661152255619","as percentage:","6.12%"],"stack":null}
[2026-03-04T06:39:40.398Z] {"timestamp":1772606378620,"level":"LOG","args":["[DEBUG] IRR cashFlows:",[-22023520,2347245.6,2332105.4176000003,2316924.2959296005,2301699.8612458818,2286429.685863398,2271111.286784007,2255742.1242925352,2240319.600517421,2224841.0579554588,2209303.777959746,2193704.97918992,2178041.8160237223,2162311.3769289553,2146510.682794799,2130636.6852215184]],"stack":null}
[2026-03-04T06:39:40.398Z] {"timestamp":1772606378621,"level":"LOG","args":["[DEBUG] IRR calculated:","0.059228814052242125","as percentage:","5.92%"],"stack":null}
[2026-03-04T06:39:40.398Z] {"timestamp":1772606378621,"level":"LOG","args":["[DEBUG] IRR cashFlows:",[-22444995,2347245.6,2332105.4176000003,2316924.2959296005,2301699.8612458818,2286429.685863398,2271111.286784007,2255742.1242925352,2240319.600517421,2224841.0579554588,2209303.777959746,2193704.97918992,2178041.8160237223,2162311.3769289553,2146510.682794799,2130636.6852215184]],"stack":null}
[2026-03-04T06:39:40.398Z] {"timestamp":1772606378621,"level":"LOG","args":["[DEBUG] IRR calculated:","0.05629756874796892","as percentage:","5.63%"],"stack":null}
[2026-03-04T06:39:40.398Z] {"timestamp":1772606378621,"level":"LOG","args":["[DEBUG] IRR cashFlows:",[-23153970,2347245.6,2332105.4176000003,2316924.2959296005,2301699.8612458818,2286429.685863398,2271111.286784007,2255742.1242925352,2240319.600517421,2224841.0579554588,2209303.777959746,2193704.97918992,2178041.8160237223,2162311.3769289553,2146510.682794799,2130636.6852215184]],"stack":null}
[2026-03-04T06:39:40.398Z] {"timestamp":1772606378622,"level":"LOG","args":["[DEBUG] IRR calculated:","0.05155144940558404","as percentage:","5.16%"],"stack":null}
[2026-03-04T06:39:40.398Z] {"timestamp":1772606378622,"level":"LOG","args":["[DEBUG] IRR cashFlows:",[-24157920,2347245.6,2332105.4176000003,2316924.2959296005,2301699.8612458818,2286429.685863398,2271111.286784007,2255742.1242925352,2240319.600517421,2224841.0579554588,2209303.777959746,2193704.97918992,2178041.8160237223,2162311.3769289553,2146510.682794799,2130636.6852215184]],"stack":null}
[2026-03-04T06:39:40.398Z] {"timestamp":1772606378622,"level":"LOG","args":["[DEBUG] IRR calculated:","0.04519519488333343","as percentage:","4.52%"],"stack":null}
[2026-03-04T06:39:40.398Z] {"timestamp":1772606378622,"level":"LOG","args":["[DEBUG] IRR cashFlows:",[-21768970,2347245.6,2332105.4176000003,2316924.2959296005,2301699.8612458818,2286429.685863398,2271111.286784007,2255742.1242925352,2240319.600517421,2224841.0579554588,2209303.777959746,2193704.97918992,2178041.8160237223,2162311.3769289553,2146510.682794799,2130636.6852215184]],"stack":null}
[2026-03-04T06:39:40.398Z] {"timestamp":1772606378622,"level":"LOG","args":["[DEBUG] IRR calculated:","0.06104104462173325","as percentage:","6.10%"],"stack":null}
[2026-03-04T06:39:40.398Z] {"timestamp":1772606378623,"level":"LOG","args":["[DEBUG] IRR cashFlows:",[-22012770,2347245.6,2332105.4176000003,2316924.2959296005,2301699.8612458818,2286429.685863398,2271111.286784007,2255742.1242925352,2240319.600517421,2224841.0579554588,2209303.777959746,2193704.97918992,2178041.8160237223,2162311.3769289553,2146510.682794799,2130636.6852215184]],"stack":null}
[2026-03-04T06:39:40.398Z] {"timestamp":1772606378623,"level":"LOG","args":["[DEBUG] IRR calculated:","0.059304697559518414","as percentage:","5.93%"],"stack":null}
[2026-03-04T06:39:40.398Z] {"timestamp":1772606378623,"level":"LOG","args":["[DEBUG] IRR cashFlows:",[-22340520,2347245.6,2332105.4176000003,2316924.2959296005,2301699.8612458818,2286429.685863398,2271111.286784007,2255742.1242925352,2240319.600517421,2224841.0579554588,2209303.777959746,2193704.97918992,2178041.8160237223,2162311.3769289553,2146510.682794799,2130636.6852215184]],"stack":null}
[2026-03-04T06:39:40.398Z] {"timestamp":1772606378623,"level":"LOG","args":["[DEBUG] IRR calculated:","0.05701628578779293","as percentage:","5.70%"],"stack":null}
[2026-03-04T06:39:40.398Z] {"timestamp":1772606378623,"level":"LOG","args":["[DEBUG] IRR cashFlows:",[-22830995,2347245.6,2332105.4176000003,2316924.2959296005,2301699.8612458818,2286429.685863398,2271111.286784007,2255742.1242925352,2240319.600517421,2224841.0579554588,2209303.777959746,2193704.97918992,2178041.8160237223,2162311.3769289553,2146510.682794799,2130636.6852215184]],"stack":null}
[2026-03-04T06:39:40.398Z] {"timestamp":1772606378624,"level":"LOG","args":["[DEBUG] IRR calculated:","0.05368575162351056","as percentage:","5.37%"],"stack":null}
[2026-03-04T06:39:40.398Z] {"timestamp":1772606378624,"level":"LOG","args":["[DEBUG] IRR cashFlows:",[-23654970,2347245.6,2332105.4176000003,2316924.2959296005,2301699.8612458818,2286429.685863398,2271111.286784007,2255742.1242925352,2240319.600517421,2224841.0579554588,2209303.777959746,2193704.97918992,2178041.8160237223,2162311.3769289553,2146510.682794799,2130636.6852215184]],"stack":null}
[2026-03-04T06:39:40.398Z] {"timestamp":1772606378624,"level":"LOG","args":["[DEBUG] IRR calculated:","0.04832853410409417","as percentage:","4.83%"],"stack":null}
[2026-03-04T06:39:40.398Z] {"timestamp":1772606378624,"level":"LOG","args":["[DEBUG] IRR cashFlows:",[-24819920,2347245.6,2332105.4176000003,2316924.2959296005,2301699.8612458818,2286429.685863398,2271111.286784007,2255742.1242925352,2240319.600517421,2224841.0579554588,2209303.777959746,2193704.97918992,2178041.8160237223,2162311.3769289553,2146510.682794799,2130636.6852215184]],"stack":null}
[2026-03-04T06:39:40.398Z] {"timestamp":1772606378625,"level":"LOG","args":["[DEBUG] IRR calculated:","0.04121756847793396","as percentage:","4.12%"],"stack":null}
[2026-03-04T06:39:40.398Z] {"timestamp":1772606378625,"level":"LOG","args":["[DEBUG] IRR cashFlows:",[-22005470,2347245.6,2332105.4176000003,2316924.2959296005,2301699.8612458818,2286429.685863398,2271111.286784007,2255742.1242925352,2240319.600517421,2224841.0579554588,2209303.777959746,2193704.97918992,2178041.8160237223,2162311.3769289553,2146510.682794799,2130636.6852215184]],"stack":null}
[2026-03-04T06:39:40.398Z] {"timestamp":1772606378625,"level":"LOG","args":["[DEBUG] IRR calculated:","0.05935626009265614","as percentage:","5.94%"],"stack":null}
[2026-03-04T06:39:40.398Z] {"timestamp":1772606378625,"level":"LOG","args":["[DEBUG] IRR cashFlows:",[-22283770,2347245.6,2332105.4176000003,2316924.2959296005,2301699.8612458818,2286429.685863398,2271111.286784007,2255742.1242925352,2240319.600517421,2224841.0579554588,2209303.777959746,2193704.97918992,2178041.8160237223,2162311.3769289553,2146510.682794799,2130636.6852215184]],"stack":null}
[2026-03-04T06:39:40.398Z] {"timestamp":1772606378626,"level":"LOG","args":["[DEBUG] IRR calculated:","0.057408840891799956","as percentage:","5.74%"],"stack":null}
[2026-03-04T06:39:40.398Z] {"timestamp":1772606378626,"level":"LOG","args":["[DEBUG] IRR cashFlows:",[-22657520,2347245.6,2332105.4176000003,2316924.2959296005,2301699.8612458818,2286429.685863398,2271111.286784007,2255742.1242925352,2240319.600517421,2224841.0579554588,2209303.777959746,2193704.97918992,2178041.8160237223,2162311.3769289553,2146510.682794799,2130636.6852215184]],"stack":null}
[2026-03-04T06:39:40.398Z] {"timestamp":1772606378626,"level":"LOG","args":["[DEBUG] IRR calculated:","0.05485116325604188","as percentage:","5.49%"],"stack":null}
[2026-03-04T06:39:40.398Z] {"timestamp":1772606378626,"level":"LOG","args":["[DEBUG] IRR cashFlows:",[-23216995,2347245.6,2332105.4176000003,2316924.2959296005,2301699.8612458818,2286429.685863398,2271111.286784007,2255742.1242925352,2240319.600517421,2224841.0579554588,2209303.777959746,2193704.97918992,2178041.8160237223,2162311.3769289553,2146510.682794799,2130636.6852215184]],"stack":null}
[2026-03-04T06:39:40.398Z] {"timestamp":1772606378627,"level":"LOG","args":["[DEBUG] IRR calculated:","0.0511402269691923","as percentage:","5.11%"],"stack":null}
[2026-03-04T06:39:40.398Z] {"timestamp":1772606378627,"level":"LOG","args":["[DEBUG] IRR cashFlows:",[-24155970,2347245.6,2332105.4176000003,2316924.2959296005,2301699.8612458818,2286429.685863398,2271111.286784007,2255742.1242925352,2240319.600517421,2224841.0579554588,2209303.777959746,2193704.97918992,2178041.8160237223,2162311.3769289553,2146510.682794799,2130636.6852215184]],"stack":null}
[2026-03-04T06:39:40.398Z] {"timestamp":1772606378627,"level":"LOG","args":["[DEBUG] IRR calculated:","0.045207152988601854","as percentage:","4.52%"],"stack":null}
[2026-03-04T06:39:40.398Z] {"timestamp":1772606378627,"level":"LOG","args":["[DEBUG] IRR cashFlows:",[-25481920,2347245.6,2332105.4176000003,2316924.2959296005,2301699.8612458818,2286429.685863398,2271111.286784007,2255742.1242925352,2240319.600517421,2224841.0579554588,2209303.777959746,2193704.97918992,2178041.8160237223,2162311.3769289553,2146510.682794799,2130636.6852215184]],"stack":null}
[2026-03-04T06:39:40.398Z] {"timestamp":1772606378627,"level":"LOG","args":["[DEBUG] IRR calculated:","0.03739585270350466","as percentage:","3.74%"],"stack":null}
[2026-03-04T06:39:40.398Z] {"timestamp":1772606378628,"level":"LOG","args":["[DEBUG] IRR cashFlows:",[-22241970,2347245.6,2332105.4176000003,2316924.2959296005,2301699.8612458818,2286429.685863398,2271111.286784007,2255742.1242925352,2240319.600517421,2224841.0579554588,2209303.777959746,2193704.97918992,2178041.8160237223,2162311.3769289553,2146510.682794799,2130636.6852215184]],"stack":null}
[2026-03-04T06:39:40.398Z] {"timestamp":1772606378628,"level":"LOG","args":["[DEBUG] IRR calculated:","0.057698960409099664","as percentage:","5.77%"],"stack":null}
[2026-03-04T06:39:40.398Z] {"timestamp":1772606378628,"level":"LOG","args":["[DEBUG] IRR cashFlows:",[-22554770,2347245.6,2332105.4176000003,2316924.2959296005,2301699.8612458818,2286429.685863398,2271111.286784007,2255742.1242925352,2240319.600517421,2224841.0579554588,2209303.777959746,2193704.97918992,2178041.8160237223,2162311.3769289553,2146510.682794799,2130636.6852215184]],"stack":null}
[2026-03-04T06:39:40.398Z] {"timestamp":1772606378628,"level":"LOG","args":["[DEBUG] IRR calculated:","0.05554786743469475","as percentage:","5.55%"],"stack":null}
[2026-03-04T06:39:40.398Z] {"timestamp":1772606378628,"level":"LOG","args":["[DEBUG] IRR cashFlows:",[-22974520,2347245.6,2332105.4176000003,2316924.2959296005,2301699.8612458818,2286429.685863398,2271111.286784007,2255742.1242925352,2240319.600517421,2224841.0579554588,2209303.777959746,2193704.97918992,2178041.8160237223,2162311.3769289553,2146510.682794799,2130636.6852215184]],"stack":null}
[2026-03-04T06:39:40.398Z] {"timestamp":1772606378629,"level":"LOG","args":["[DEBUG] IRR calculated:","0.052731676639772296","as percentage:","5.27%"],"stack":null}
[2026-03-04T06:39:40.398Z] {"timestamp":1772606378629,"level":"LOG","args":["[DEBUG] IRR cashFlows:",[-23602995,2347245.6,2332105.4176000003,2316924.2959296005,2301699.8612458818,2286429.685863398,2271111.286784007,2255742.1242925352,2240319.600517421,2224841.0579554588,2209303.777959746,2193704.97918992,2178041.8160237223,2162311.3769289553,2146510.682794799,2130636.6852215184]],"stack":null}
[2026-03-04T06:39:40.398Z] {"timestamp":1772606378629,"level":"LOG","args":["[DEBUG] IRR calculated:","0.04865806819294149","as percentage:","4.87%"],"stack":null}
[2026-03-04T06:39:40.398Z] {"timestamp":1772606378629,"level":"LOG","args":["[DEBUG] IRR cashFlows:",[-24656970,2347245.6,2332105.4176000003,2316924.2959296005,2301699.8612458818,2286429.685863398,2271111.286784007,2255742.1242925352,2240319.600517421,2224841.0579554588,2209303.777959746,2193704.97918992,2178041.8160237223,2162311.3769289553,2146510.682794799,2130636.6852215184]],"stack":null}
[2026-03-04T06:39:40.398Z] {"timestamp":1772606378630,"level":"LOG","args":["[DEBUG] IRR calculated:","0.04218175772827382","as percentage:","4.22%"],"stack":null}
[2026-03-04T06:39:40.398Z] {"timestamp":1772606378630,"level":"LOG","args":["[DEBUG] IRR cashFlows:",[-26143920,2347245.6,2332105.4176000003,2316924.2959296005,2301699.8612458818,2286429.685863398,2271111.286784007,2255742.1242925352,2240319.600517421,2224841.0579554588,2209303.777959746,2193704.97918992,2178041.8160237223,2162311.3769289553,2146510.682794799,2130636.6852215184]],"stack":null}
[2026-03-04T06:39:40.398Z] {"timestamp":1772606378631,"level":"LOG","args":["[DEBUG] IRR calculated:","0.03371948310590141","as percentage:","3.37%"],"stack":null}
[2026-03-04T06:39:40.398Z] {"timestamp":1772606378631,"level":"LOG","args":["[DEBUG] IRR cashFlows:",[-22478470,2347245.6,2332105.4176000003,2316924.2959296005,2301699.8612458818,2286429.685863398,2271111.286784007,2255742.1242925352,2240319.600517421,2224841.0579554588,2209303.777959746,2193704.97918992,2178041.8160237223,2162311.3769289553,2146510.682794799,2130636.6852215184]],"stack":null}
[2026-03-04T06:39:40.398Z] {"timestamp":1772606378632,"level":"LOG","args":["[DEBUG] IRR calculated:","0.05606836197584341","as percentage:","5.61%"],"stack":null}
[2026-03-04T06:39:40.398Z] {"timestamp":1772606378632,"level":"LOG","args":["[DEBUG] IRR cashFlows:",[-22825770,2347245.6,2332105.4176000003,2316924.2959296005,2301699.8612458818,2286429.685863398,2271111.286784007,2255742.1242925352,2240319.600517421,2224841.0579554588,2209303.777959746,2193704.97918992,2178041.8160237223,2162311.3769289553,2146510.682794799,2130636.6852215184]],"stack":null}
[2026-03-04T06:39:40.398Z] {"timestamp":1772606378632,"level":"LOG","args":["[DEBUG] IRR calculated:","0.053720656465298784","as percentage:","5.37%"],"stack":null}
[2026-03-04T06:39:40.398Z] {"timestamp":1772606378632,"level":"LOG","args":["[DEBUG] IRR cashFlows:",[-23291520,2347245.6,2332105.4176000003,2316924.2959296005,2301699.8612458818,2286429.685863398,2271111.286784007,2255742.1242925352,2240319.600517421,2224841.0579554588,2209303.777959746,2193704.97918992,2178041.8160237223,2162311.3769289553,2146510.682794799,2130636.6852215184]],"stack":null}
[2026-03-04T06:39:40.398Z] {"timestamp":1772606378632,"level":"LOG","args":["[DEBUG] IRR calculated:","0.05065614821353178","as percentage:","5.07%"],"stack":null}
[2026-03-04T06:39:40.398Z] {"timestamp":1772606378633,"level":"LOG","args":["[DEBUG] IRR cashFlows:",[-23988995,2347245.6,2332105.4176000003,2316924.2959296005,2301699.8612458818,2286429.685863398,2271111.286784007,2255742.1242925352,2240319.600517421,2224841.0579554588,2209303.777959746,2193704.97918992,2178041.8160237223,2162311.3769289553,2146510.682794799,2130636.6852215184]],"stack":null}
[2026-03-04T06:39:40.398Z] {"timestamp":1772606378633,"level":"LOG","args":["[DEBUG] IRR calculated:","0.04623652840614501","as percentage:","4.62%"],"stack":null}
[2026-03-04T06:39:40.398Z] {"timestamp":1772606378633,"level":"LOG","args":["[DEBUG] IRR cashFlows:",[-25157970,2347245.6,2332105.4176000003,2316924.2959296005,2301699.8612458818,2286429.685863398,2271111.286784007,2255742.1242925352,2240319.600517421,2224841.0579554588,2209303.777959746,2193704.97918992,2178041.8160237223,2162311.3769289553,2146510.682794799,2130636.6852215184]],"stack":null}
[2026-03-04T06:39:40.398Z] {"timestamp":1772606378633,"level":"LOG","args":["[DEBUG] IRR calculated:","0.03924722036257718","as percentage:","3.92%"],"stack":null}
[2026-03-04T06:39:40.398Z] {"timestamp":1772606378634,"level":"LOG","args":["[DEBUG] IRR cashFlows:",[-26805920,2347245.6,2332105.4176000003,2316924.2959296005,2301699.8612458818,2286429.685863398,2271111.286784007,2255742.1242925352,2240319.600517421,2224841.0579554588,2209303.777959746,2193704.97918992,2178041.8160237223,2162311.3769289553,2146510.682794799,2130636.6852215184]],"stack":null}
[2026-03-04T06:39:40.399Z] {"timestamp":1772606378634,"level":"LOG","args":["[DEBUG] IRR calculated:","0.03017888385735712","as percentage:","3.02%"],"stack":null}
[2026-03-04T06:39:40.399Z] {"timestamp":1772606378634,"level":"LOG","args":["[DEBUG SENSITIVITY] Matrix minIrr:","0.03017888385735712","maxIrr:","0.07177519955991235","minIrr%:","3.02","maxIrr%:","7.18"],"stack":null}
[2026-03-04T06:39:40.399Z] {"timestamp":1772606378717,"level":"LOG","args":["[DEBUG] IRR cashFlows:",[-20052520,2347245.6,2332105.4176000003,2316924.2959296005,2301699.8612458818,2286429.685863398,2271111.286784007,2255742.1242925352,2240319.600517421,2224841.0579554588,2209303.777959746,2193704.97918992,2178041.8160237223,2162311.3769289553,2146510.682794799,2130636.6852215184]],"stack":null}
[2026-03-04T06:39:40.399Z] {"timestamp":1772606378718,"level":"LOG","args":["[DEBUG] IRR calculated:","0.0741731803149236","as percentage:","7.42%"],"stack":null}
[2026-03-04T06:39:40.399Z] {"timestamp":1772606378718,"level":"LOG","args":["[DEBUG] IRR cashFlows:",[-20349970,2347245.6,2332105.4176000003,2316924.2959296005,2301699.8612458818,2286429.685863398,2271111.286784007,2255742.1242925352,2240319.600517421,2224841.0579554588,2209303.777959746,2193704.97918992,2178041.8160237223,2162311.3769289553,2146510.682794799,2130636.6852215184]],"stack":null}
[2026-03-04T06:39:40.399Z] {"timestamp":1772606378718,"level":"LOG","args":["[DEBUG] IRR calculated:","0.07177519955991235","as percentage:","7.18%"],"stack":null}
[2026-03-04T06:39:40.399Z] {"timestamp":1772606378719,"level":"LOG","args":["[DEBUG SENSITIVITY] First cell (6kV, 1km):",{"lcoe":125.79290595909659,"irr":0.07177519955991235,"irrPercent":"7.18"}],"stack":null}
[2026-03-04T06:39:40.399Z] {"timestamp":1772606378719,"level":"LOG","args":["[DEBUG] IRR cashFlows:",[-20386770,2347245.6,2332105.4176000003,2316924.2959296005,2301699.8612458818,2286429.685863398,2271111.286784007,2255742.1242925352,2240319.600517421,2224841.0579554588,2209303.777959746,2193704.97918992,2178041.8160237223,2162311.3769289553,2146510.682794799,2130636.6852215184]],"stack":null}
[2026-03-04T06:39:40.399Z] {"timestamp":1772606378719,"level":"LOG","args":["[DEBUG] IRR calculated:","0.07148230806457223","as percentage:","7.15%"],"stack":null}
[2026-03-04T06:39:40.399Z] {"timestamp":1772606378719,"level":"LOG","args":["[DEBUG] IRR cashFlows:",[-20438520,2347245.6,2332105.4176000003,2316924.2959296005,2301699.8612458818,2286429.685863398,2271111.286784007,2255742.1242925352,2240319.600517421,2224841.0579554588,2209303.777959746,2193704.97918992,2178041.8160237223,2162311.3769289553,2146510.682794799,2130636.6852215184]],"stack":null}
[2026-03-04T06:39:40.399Z] {"timestamp":1772606378720,"level":"LOG","args":["[DEBUG] IRR calculated:","0.0710718143025396","as percentage:","7.11%"],"stack":null}
[2026-03-04T06:39:40.399Z] {"timestamp":1772606378720,"level":"LOG","args":["[DEBUG] IRR cashFlows:",[-20514995,2347245.6,2332105.4176000003,2316924.2959296005,2301699.8612458818,2286429.685863398,2271111.286784007,2255742.1242925352,2240319.600517421,2224841.0579554588,2209303.777959746,2193704.97918992,2178041.8160237223,2162311.3769289553,2146510.682794799,2130636.6852215184]],"stack":null}
[2026-03-04T06:39:40.399Z] {"timestamp":1772606378720,"level":"LOG","args":["[DEBUG] IRR calculated:","0.07046813757853714","as percentage:","7.05%"],"stack":null}
[2026-03-04T06:39:40.399Z] {"timestamp":1772606378720,"level":"LOG","args":["[DEBUG] IRR cashFlows:",[-20648970,2347245.6,2332105.4176000003,2316924.2959296005,2301699.8612458818,2286429.685863398,2271111.286784007,2255742.1242925352,2240319.600517421,2224841.0579554588,2209303.777959746,2193704.97918992,2178041.8160237223,2162311.3769289553,2146510.682794799,2130636.6852215184]],"stack":null}
[2026-03-04T06:39:40.399Z] {"timestamp":1772606378721,"level":"LOG","args":["[DEBUG] IRR calculated:","0.06941892935770343","as percentage:","6.94%"],"stack":null}
[2026-03-04T06:39:40.399Z] {"timestamp":1772606378721,"level":"LOG","args":["[DEBUG] IRR cashFlows:",[-20847920,2347245.6,2332105.4176000003,2316924.2959296005,2301699.8612458818,2286429.685863398,2271111.286784007,2255742.1242925352,2240319.600517421,2224841.0579554588,2209303.777959746,2193704.97918992,2178041.8160237223,2162311.3769289553,2146510.682794799,2130636.6852215184]],"stack":null}
[2026-03-04T06:39:40.399Z] {"timestamp":1772606378721,"level":"LOG","args":["[DEBUG] IRR calculated:","0.06788016749640302","as percentage:","6.79%"],"stack":null}
[2026-03-04T06:39:40.399Z] {"timestamp":1772606378721,"level":"LOG","args":["[DEBUG] IRR cashFlows:",[-20586470,2347245.6,2332105.4176000003,2316924.2959296005,2301699.8612458818,2286429.685863398,2271111.286784007,2255742.1242925352,2240319.600517421,2224841.0579554588,2209303.777959746,2193704.97918992,2178041.8160237223,2162311.3769289553,2146510.682794799,2130636.6852215184]],"stack":null}
[2026-03-04T06:39:40.399Z] {"timestamp":1772606378721,"level":"LOG","args":["[DEBUG] IRR calculated:","0.0699070741742143","as percentage:","6.99%"],"stack":null}
[2026-03-04T06:39:40.399Z] {"timestamp":1772606378722,"level":"LOG","args":["[DEBUG] IRR cashFlows:",[-20657770,2347245.6,2332105.4176000003,2316924.2959296005,2301699.8612458818,2286429.685863398,2271111.286784007,2255742.1242925352,2240319.600517421,2224841.0579554588,2209303.777959746,2193704.97918992,2178041.8160237223,2162311.3769289553,2146510.682794799,2130636.6852215184]],"stack":null}
[2026-03-04T06:39:40.399Z] {"timestamp":1772606378722,"level":"LOG","args":["[DEBUG] IRR calculated:","0.06935038224521867","as percentage:","6.94%"],"stack":null}
[2026-03-04T06:39:40.399Z] {"timestamp":1772606378722,"level":"LOG","args":["[DEBUG] IRR cashFlows:",[-20755520,2347245.6,2332105.4176000003,2316924.2959296005,2301699.8612458818,2286429.685863398,2271111.286784007,2255742.1242925352,2240319.600517421,2224841.0579554588,2209303.777959746,2193704.97918992,2178041.8160237223,2162311.3769289553,2146510.682794799,2130636.6852215184]],"stack":null}
[2026-03-04T06:39:40.399Z] {"timestamp":1772606378723,"level":"LOG","args":["[DEBUG] IRR calculated:","0.06859199042281805","as percentage:","6.86%"],"stack":null}
[2026-03-04T06:39:40.399Z] {"timestamp":1772606378723,"level":"LOG","args":["[DEBUG] IRR cashFlows:",[-20900995,2347245.6,2332105.4176000003,2316924.2959296005,2301699.8612458818,2286429.685863398,2271111.286784007,2255742.1242925352,2240319.600517421,2224841.0579554588,2209303.777959746,2193704.97918992,2178041.8160237223,2162311.3769289553,2146510.682794799,2130636.6852215184]],"stack":null}
[2026-03-04T06:39:40.399Z] {"timestamp":1772606378723,"level":"LOG","args":["[DEBUG] IRR calculated:","0.06747349355098918","as percentage:","6.75%"],"stack":null}
[2026-03-04T06:39:40.399Z] {"timestamp":1772606378723,"level":"LOG","args":["[DEBUG] IRR cashFlows:",[-21149970,2347245.6,2332105.4176000003,2316924.2959296005,2301699.8612458818,2286429.685863398,2271111.286784007,2255742.1242925352,2240319.600517421,2224841.0579554588,2209303.777959746,2193704.97918992,2178041.8160237223,2162311.3769289553,2146510.682794799,2130636.6852215184]],"stack":null}
[2026-03-04T06:39:40.399Z] {"timestamp":1772606378724,"level":"LOG","args":["[DEBUG] IRR calculated:","0.06558685445344957","as percentage:","6.56%"],"stack":null}
[2026-03-04T06:39:40.399Z] {"timestamp":1772606378724,"level":"LOG","args":["[DEBUG] IRR cashFlows:",[-21509920,2347245.6,2332105.4176000003,2316924.2959296005,2301699.8612458818,2286429.685863398,2271111.286784007,2255742.1242925352,2240319.600517421,2224841.0579554588,2209303.777959746,2193704.97918992,2178041.8160237223,2162311.3769289553,2146510.682794799,2130636.6852215184]],"stack":null}
[2026-03-04T06:39:40.399Z] {"timestamp":1772606378724,"level":"LOG","args":["[DEBUG] IRR calculated:","0.06291897990856639","as percentage:","6.29%"],"stack":null}
[2026-03-04T06:39:40.399Z] {"timestamp":1772606378724,"level":"LOG","args":["[DEBUG] IRR cashFlows:",[-20822970,2347245.6,2332105.4176000003,2316924.2959296005,2301699.8612458818,2286429.685863398,2271111.286784007,2255742.1242925352,2240319.600517421,2224841.0579554588,2209303.777959746,2193704.97918992,2178041.8160237223,2162311.3769289553,2146510.682794799,2130636.6852215184]],"stack":null}
[2026-03-04T06:39:40.399Z] {"timestamp":1772606378725,"level":"LOG","args":["[DEBUG] IRR calculated:","0.06807189383610872","as percentage:","6.81%"],"stack":null}
[2026-03-04T06:39:40.399Z] {"timestamp":1772606378725,"level":"LOG","args":["[DEBUG] IRR cashFlows:",[-20928770,2347245.6,2332105.4176000003,2316924.2959296005,2301699.8612458818,2286429.685863398,2271111.286784007,2255742.1242925352,2240319.600517421,2224841.0579554588,2209303.777959746,2193704.97918992,2178041.8160237223,2162311.3769289553,2146510.682794799,2130636.6852215184]],"stack":null}
[2026-03-04T06:39:40.399Z] {"timestamp":1772606378725,"level":"LOG","args":["[DEBUG] IRR calculated:","0.06726130973497234","as percentage:","6.73%"],"stack":null}
[2026-03-04T06:39:40.399Z] {"timestamp":1772606378725,"level":"LOG","args":["[DEBUG] IRR cashFlows:",[-21072520,2347245.6,2332105.4176000003,2316924.2959296005,2301699.8612458818,2286429.685863398,2271111.286784007,2255742.1242925352,2240319.600517421,2224841.0579554588,2209303.777959746,2193704.97918992,2178041.8160237223,2162311.3769289553,2146510.682794799,2130636.6852215184]],"stack":null}
[2026-03-04T06:39:40.399Z] {"timestamp":1772606378725,"level":"LOG","args":["[DEBUG] IRR calculated:","0.06617005552855004","as percentage:","6.62%"],"stack":null}
[2026-03-04T06:39:40.399Z] {"timestamp":1772606378726,"level":"LOG","args":["[DEBUG] IRR cashFlows:",[-21286995,2347245.6,2332105.4176000003,2316924.2959296005,2301699.8612458818,2286429.685863398,2271111.286784007,2255742.1242925352,2240319.600517421,2224841.0579554588,2209303.777959746,2193704.97918992,2178041.8160237223,2162311.3769289553,2146510.682794799,2130636.6852215184]],"stack":null}
[2026-03-04T06:39:40.399Z] {"timestamp":1772606378726,"level":"LOG","args":["[DEBUG] IRR calculated:","0.0645630715551585","as percentage:","6.46%"],"stack":null}
[2026-03-04T06:39:40.399Z] {"timestamp":1772606378726,"level":"LOG","args":["[DEBUG] IRR cashFlows:",[-21650970,2347245.6,2332105.4176000003,2316924.2959296005,2301699.8612458818,2286429.685863398,2271111.286784007,2255742.1242925352,2240319.600517421,2224841.0579554588,2209303.777959746,2193704.97918992,2178041.8160237223,2162311.3769289553,2146510.682794799,2130636.6852215184]],"stack":null}
[2026-03-04T06:39:40.399Z] {"timestamp":1772606378726,"level":"LOG","args":["[DEBUG] IRR calculated:","0.06189218671006957","as percentage:","6.19%"],"stack":null}
[2026-03-04T06:39:40.399Z] {"timestamp":1772606378727,"level":"LOG","args":["[DEBUG] IRR cashFlows:",[-22171920,2347245.6,2332105.4176000003,2316924.2959296005,2301699.8612458818,2286429.685863398,2271111.286784007,2255742.1242925352,2240319.600517421,2224841.0579554588,2209303.777959746,2193704.97918992,2178041.8160237223,2162311.3769289553,2146510.682794799,2130636.6852215184]],"stack":null}
[2026-03-04T06:39:40.399Z] {"timestamp":1772606378727,"level":"LOG","args":["[DEBUG] IRR calculated:","0.05818702567430743","as percentage:","5.82%"],"stack":null}
[2026-03-04T06:39:40.399Z] {"timestamp":1772606378727,"level":"LOG","args":["[DEBUG] IRR cashFlows:",[-21059470,2347245.6,2332105.4176000003,2316924.2959296005,2301699.8612458818,2286429.685863398,2271111.286784007,2255742.1242925352,2240319.600517421,2224841.0579554588,2209303.777959746,2193704.97918992,2178041.8160237223,2162311.3769289553,2146510.682794799,2130636.6852215184]],"stack":null}
[2026-03-04T06:39:40.399Z] {"timestamp":1772606378727,"level":"LOG","args":["[DEBUG] IRR calculated:","0.06626864791267574","as percentage:","6.63%"],"stack":null}
[2026-03-04T06:39:40.399Z] {"timestamp":1772606378728,"level":"LOG","args":["[DEBUG] IRR cashFlows:",[-21199770,2347245.6,2332105.4176000003,2316924.2959296005,2301699.8612458818,2286429.685863398,2271111.286784007,2255742.1242925352,2240319.600517421,2224841.0579554588,2209303.777959746,2193704.97918992,2178041.8160237223,2162311.3769289553,2146510.682794799,2130636.6852215184]],"stack":null}
[2026-03-04T06:39:40.399Z] {"timestamp":1772606378728,"level":"LOG","args":["[DEBUG] IRR calculated:","0.06521359458773965","as percentage:","6.52%"],"stack":null}
[2026-03-04T06:39:40.399Z] {"timestamp":1772606378728,"level":"LOG","args":["[DEBUG] IRR cashFlows:",[-21389520,2347245.6,2332105.4176000003,2316924.2959296005,2301699.8612458818,2286429.685863398,2271111.286784007,2255742.1242925352,2240319.600517421,2224841.0579554588,2209303.777959746,2193704.97918992,2178041.8160237223,2162311.3769289553,2146510.682794799,2130636.6852215184]],"stack":null}
[2026-03-04T06:39:40.399Z] {"timestamp":1772606378728,"level":"LOG","args":["[DEBUG] IRR calculated:","0.06380366768687845","as percentage:","6.38%"],"stack":null}
[2026-03-04T06:39:40.399Z] {"timestamp":1772606378728,"level":"LOG","args":["[DEBUG] IRR cashFlows:",[-21672995,2347245.6,2332105.4176000003,2316924.2959296005,2301699.8612458818,2286429.685863398,2271111.286784007,2255742.1242925352,2240319.600517421,2224841.0579554588,2209303.777959746,2193704.97918992,2178041.8160237223,2162311.3769289553,2146510.682794799,2130636.6852215184]],"stack":null}
[2026-03-04T06:39:40.399Z] {"timestamp":1772606378729,"level":"LOG","args":["[DEBUG] IRR calculated:","0.06173277934950446","as percentage:","6.17%"],"stack":null}
[2026-03-04T06:39:40.399Z] {"timestamp":1772606378729,"level":"LOG","args":["[DEBUG] IRR cashFlows:",[-22151970,2347245.6,2332105.4176000003,2316924.2959296005,2301699.8612458818,2286429.685863398,2271111.286784007,2255742.1242925352,2240319.600517421,2224841.0579554588,2209303.777959746,2193704.97918992,2178041.8160237223,2162311.3769289553,2146510.682794799,2130636.6852215184]],"stack":null}
[2026-03-04T06:39:40.399Z] {"timestamp":1772606378729,"level":"LOG","args":["[DEBUG] IRR calculated:","0.058326456314478206","as percentage:","5.83%"],"stack":null}
[2026-03-04T06:39:40.399Z] {"timestamp":1772606378729,"level":"LOG","args":["[DEBUG] IRR cashFlows:",[-22833920,2347245.6,2332105.4176000003,2316924.2959296005,2301699.8612458818,2286429.685863398,2271111.286784007,2255742.1242925352,2240319.600517421,2224841.0579554588,2209303.777959746,2193704.97918992,2178041.8160237223,2162311.3769289553,2146510.682794799,2130636.6852215184]],"stack":null}
[2026-03-04T06:39:40.399Z] {"timestamp":1772606378730,"level":"LOG","args":["[DEBUG] IRR calculated:","0.05366621689490417","as percentage:","5.37%"],"stack":null}
[2026-03-04T06:39:40.399Z] {"timestamp":1772606378730,"level":"LOG","args":["[DEBUG] IRR cashFlows:",[-21295970,2347245.6,2332105.4176000003,2316924.2959296005,2301699.8612458818,2286429.685863398,2271111.286784007,2255742.1242925352,2240319.600517421,2224841.0579554588,2209303.777959746,2193704.97918992,2178041.8160237223,2162311.3769289553,2146510.682794799,2130636.6852215184]],"stack":null}
[2026-03-04T06:39:40.399Z] {"timestamp":1772606378730,"level":"LOG","args":["[DEBUG] IRR calculated:","0.0644963689857477","as percentage:","6.45%"],"stack":null}
[2026-03-04T06:39:40.399Z] {"timestamp":1772606378731,"level":"LOG","args":["[DEBUG] IRR cashFlows:",[-21470770,2347245.6,2332105.4176000003,2316924.2959296005,2301699.8612458818,2286429.685863398,2271111.286784007,2255742.1242925352,2240319.600517421,2224841.0579554588,2209303.777959746,2193704.97918992,2178041.8160237223,2162311.3769289553,2146510.682794799,2130636.6852215184]],"stack":null}
[2026-03-04T06:39:40.399Z] {"timestamp":1772606378731,"level":"LOG","args":["[DEBUG] IRR calculated:","0.06320581353613193","as percentage:","6.32%"],"stack":null}
[2026-03-04T06:39:40.399Z] {"timestamp":1772606378731,"level":"LOG","args":["[DEBUG] IRR cashFlows:",[-21706520,2347245.6,2332105.4176000003,2316924.2959296005,2301699.8612458818,2286429.685863398,2271111.286784007,2255742.1242925352,2240319.600517421,2224841.0579554588,2209303.777959746,2193704.97918992,2178041.8160237223,2162311.3769289553,2146510.682794799,2130636.6852215184]],"stack":null}
[2026-03-04T06:39:40.399Z] {"timestamp":1772606378731,"level":"LOG","args":["[DEBUG] IRR calculated:","0.061490616557580056","as percentage:","6.15%"],"stack":null}
[2026-03-04T06:39:40.399Z] {"timestamp":1772606378732,"level":"LOG","args":["[DEBUG] IRR cashFlows:",[-22058995,2347245.6,2332105.4176000003,2316924.2959296005,2301699.8612458818,2286429.685863398,2271111.286784007,2255742.1242925352,2240319.600517421,2224841.0579554588,2209303.777959746,2193704.97918992,2178041.8160237223,2162311.3769289553,2146510.682794799,2130636.6852215184]],"stack":null}
[2026-03-04T06:39:40.399Z] {"timestamp":1772606378732,"level":"LOG","args":["[DEBUG] IRR calculated:","0.05897880004117877","as percentage:","5.90%"],"stack":null}
[2026-03-04T06:39:40.399Z] {"timestamp":1772606378732,"level":"LOG","args":["[DEBUG] IRR cashFlows:",[-22652970,2347245.6,2332105.4176000003,2316924.2959296005,2301699.8612458818,2286429.685863398,2271111.286784007,2255742.1242925352,2240319.600517421,2224841.0579554588,2209303.777959746,2193704.97918992,2178041.8160237223,2162311.3769289553,2146510.682794799,2130636.6852215184]],"stack":null}
[2026-03-04T06:39:40.399Z] {"timestamp":1772606378732,"level":"LOG","args":["[DEBUG] IRR calculated:","0.054881913002986935","as percentage:","5.49%"],"stack":null}
[2026-03-04T06:39:40.399Z] {"timestamp":1772606378733,"level":"LOG","args":["[DEBUG] IRR cashFlows:",[-23495920,2347245.6,2332105.4176000003,2316924.2959296005,2301699.8612458818,2286429.685863398,2271111.286784007,2255742.1242925352,2240319.600517421,2224841.0579554588,2209303.777959746,2193704.97918992,2178041.8160237223,2162311.3769289553,2146510.682794799,2130636.6852215184]],"stack":null}
[2026-03-04T06:39:40.399Z] {"timestamp":1772606378733,"level":"LOG","args":["[DEBUG] IRR calculated:","0.04934042050246809","as percentage:","4.93%"],"stack":null}
[2026-03-04T06:39:40.399Z] {"timestamp":1772606378733,"level":"LOG","args":["[DEBUG] IRR cashFlows:",[-21532470,2347245.6,2332105.4176000003,2316924.2959296005,2301699.8612458818,2286429.685863398,2271111.286784007,2255742.1242925352,2240319.600517421,2224841.0579554588,2209303.777959746,2193704.97918992,2178041.8160237223,2162311.3769289553,2146510.682794799,2130636.6852215184]],"stack":null}
[2026-03-04T06:39:40.399Z] {"timestamp":1772606378733,"level":"LOG","args":["[DEBUG] IRR calculated:","0.06275413050974829","as percentage:","6.28%"],"stack":null}
[2026-03-04T06:39:40.399Z] {"timestamp":1772606378733,"level":"LOG","args":["[DEBUG] IRR cashFlows:",[-21741770,2347245.6,2332105.4176000003,2316924.2959296005,2301699.8612458818,2286429.685863398,2271111.286784007,2255742.1242925352,2240319.600517421,2224841.0579554588,2209303.777959746,2193704.97918992,2178041.8160237223,2162311.3769289553,2146510.682794799,2130636.6852215184]],"stack":null}
[2026-03-04T06:39:40.399Z] {"timestamp":1772606378734,"level":"LOG","args":["[DEBUG] IRR calculated:","0.06123661152255619","as percentage:","6.12%"],"stack":null}
[2026-03-04T06:39:40.399Z] {"timestamp":1772606378734,"level":"LOG","args":["[DEBUG] IRR cashFlows:",[-22023520,2347245.6,2332105.4176000003,2316924.2959296005,2301699.8612458818,2286429.685863398,2271111.286784007,2255742.1242925352,2240319.600517421,2224841.0579554588,2209303.777959746,2193704.97918992,2178041.8160237223,2162311.3769289553,2146510.682794799,2130636.6852215184]],"stack":null}
[2026-03-04T06:39:40.399Z] {"timestamp":1772606378734,"level":"LOG","args":["[DEBUG] IRR calculated:","0.059228814052242125","as percentage:","5.92%"],"stack":null}
[2026-03-04T06:39:40.399Z] {"timestamp":1772606378734,"level":"LOG","args":["[DEBUG] IRR cashFlows:",[-22444995,2347245.6,2332105.4176000003,2316924.2959296005,2301699.8612458818,2286429.685863398,2271111.286784007,2255742.1242925352,2240319.600517421,2224841.0579554588,2209303.777959746,2193704.97918992,2178041.8160237223,2162311.3769289553,2146510.682794799,2130636.6852215184]],"stack":null}
[2026-03-04T06:39:40.399Z] {"timestamp":1772606378735,"level":"LOG","args":["[DEBUG] IRR calculated:","0.05629756874796892","as percentage:","5.63%"],"stack":null}
[2026-03-04T06:39:40.399Z] {"timestamp":1772606378735,"level":"LOG","args":["[DEBUG] IRR cashFlows:",[-23153970,2347245.6,2332105.4176000003,2316924.2959296005,2301699.8612458818,2286429.685863398,2271111.286784007,2255742.1242925352,2240319.600517421,2224841.0579554588,2209303.777959746,2193704.97918992,2178041.8160237223,2162311.3769289553,2146510.682794799,2130636.6852215184]],"stack":null}
[2026-03-04T06:39:40.399Z] {"timestamp":1772606378735,"level":"LOG","args":["[DEBUG] IRR calculated:","0.05155144940558404","as percentage:","5.16%"],"stack":null}
[2026-03-04T06:39:40.399Z] {"timestamp":1772606378735,"level":"LOG","args":["[DEBUG] IRR cashFlows:",[-24157920,2347245.6,2332105.4176000003,2316924.2959296005,2301699.8612458818,2286429.685863398,2271111.286784007,2255742.1242925352,2240319.600517421,2224841.0579554588,2209303.777959746,2193704.97918992,2178041.8160237223,2162311.3769289553,2146510.682794799,2130636.6852215184]],"stack":null}
[2026-03-04T06:39:40.399Z] {"timestamp":1772606378736,"level":"LOG","args":["[DEBUG] IRR calculated:","0.04519519488333343","as percentage:","4.52%"],"stack":null}
[2026-03-04T06:39:40.399Z] {"timestamp":1772606378736,"level":"LOG","args":["[DEBUG] IRR cashFlows:",[-21768970,2347245.6,2332105.4176000003,2316924.2959296005,2301699.8612458818,2286429.685863398,2271111.286784007,2255742.1242925352,2240319.600517421,2224841.0579554588,2209303.777959746,2193704.97918992,2178041.8160237223,2162311.3769289553,2146510.682794799,2130636.6852215184]],"stack":null}
[2026-03-04T06:39:40.399Z] {"timestamp":1772606378736,"level":"LOG","args":["[DEBUG] IRR calculated:","0.06104104462173325","as percentage:","6.10%"],"stack":null}
[2026-03-04T06:39:40.399Z] {"timestamp":1772606378736,"level":"LOG","args":["[DEBUG] IRR cashFlows:",[-22012770,2347245.6,2332105.4176000003,2316924.2959296005,2301699.8612458818,2286429.685863398,2271111.286784007,2255742.1242925352,2240319.600517421,2224841.0579554588,2209303.777959746,2193704.97918992,2178041.8160237223,2162311.3769289553,2146510.682794799,2130636.6852215184]],"stack":null}
[2026-03-04T06:39:40.399Z] {"timestamp":1772606378737,"level":"LOG","args":["[DEBUG] IRR calculated:","0.059304697559518414","as percentage:","5.93%"],"stack":null}
[2026-03-04T06:39:40.399Z] {"timestamp":1772606378737,"level":"LOG","args":["[DEBUG] IRR cashFlows:",[-22340520,2347245.6,2332105.4176000003,2316924.2959296005,2301699.8612458818,2286429.685863398,2271111.286784007,2255742.1242925352,2240319.600517421,2224841.0579554588,2209303.777959746,2193704.97918992,2178041.8160237223,2162311.3769289553,2146510.682794799,2130636.6852215184]],"stack":null}
[2026-03-04T06:39:40.399Z] {"timestamp":1772606378737,"level":"LOG","args":["[DEBUG] IRR calculated:","0.05701628578779293","as percentage:","5.70%"],"stack":null}
[2026-03-04T06:39:40.399Z] {"timestamp":1772606378737,"level":"LOG","args":["[DEBUG] IRR cashFlows:",[-22830995,2347245.6,2332105.4176000003,2316924.2959296005,2301699.8612458818,2286429.685863398,2271111.286784007,2255742.1242925352,2240319.600517421,2224841.0579554588,2209303.777959746,2193704.97918992,2178041.8160237223,2162311.3769289553,2146510.682794799,2130636.6852215184]],"stack":null}
[2026-03-04T06:39:40.399Z] {"timestamp":1772606378738,"level":"LOG","args":["[DEBUG] IRR calculated:","0.05368575162351056","as percentage:","5.37%"],"stack":null}
[2026-03-04T06:39:40.399Z] {"timestamp":1772606378738,"level":"LOG","args":["[DEBUG] IRR cashFlows:",[-23654970,2347245.6,2332105.4176000003,2316924.2959296005,2301699.8612458818,2286429.685863398,2271111.286784007,2255742.1242925352,2240319.600517421,2224841.0579554588,2209303.777959746,2193704.97918992,2178041.8160237223,2162311.3769289553,2146510.682794799,2130636.6852215184]],"stack":null}
[2026-03-04T06:39:40.399Z] {"timestamp":1772606378738,"level":"LOG","args":["[DEBUG] IRR calculated:","0.04832853410409417","as percentage:","4.83%"],"stack":null}
[2026-03-04T06:39:40.399Z] {"timestamp":1772606378738,"level":"LOG","args":["[DEBUG] IRR cashFlows:",[-24819920,2347245.6,2332105.4176000003,2316924.2959296005,2301699.8612458818,2286429.685863398,2271111.286784007,2255742.1242925352,2240319.600517421,2224841.0579554588,2209303.777959746,2193704.97918992,2178041.8160237223,2162311.3769289553,2146510.682794799,2130636.6852215184]],"stack":null}
[2026-03-04T06:39:40.399Z] {"timestamp":1772606378739,"level":"LOG","args":["[DEBUG] IRR calculated:","0.04121756847793396","as percentage:","4.12%"],"stack":null}
[2026-03-04T06:39:40.399Z] {"timestamp":1772606378739,"level":"LOG","args":["[DEBUG] IRR cashFlows:",[-22005470,2347245.6,2332105.4176000003,2316924.2959296005,2301699.8612458818,2286429.685863398,2271111.286784007,2255742.1242925352,2240319.600517421,2224841.0579554588,2209303.777959746,2193704.97918992,2178041.8160237223,2162311.3769289553,2146510.682794799,2130636.6852215184]],"stack":null}
[2026-03-04T06:39:40.399Z] {"timestamp":1772606378739,"level":"LOG","args":["[DEBUG] IRR calculated:","0.05935626009265614","as percentage:","5.94%"],"stack":null}
[2026-03-04T06:39:40.399Z] {"timestamp":1772606378739,"level":"LOG","args":["[DEBUG] IRR cashFlows:",[-22283770,2347245.6,2332105.4176000003,2316924.2959296005,2301699.8612458818,2286429.685863398,2271111.286784007,2255742.1242925352,2240319.600517421,2224841.0579554588,2209303.777959746,2193704.97918992,2178041.8160237223,2162311.3769289553,2146510.682794799,2130636.6852215184]],"stack":null}
[2026-03-04T06:39:40.399Z] {"timestamp":1772606378740,"level":"LOG","args":["[DEBUG] IRR calculated:","0.057408840891799956","as percentage:","5.74%"],"stack":null}
[2026-03-04T06:39:40.399Z] {"timestamp":1772606378740,"level":"LOG","args":["[DEBUG] IRR cashFlows:",[-22657520,2347245.6,2332105.4176000003,2316924.2959296005,2301699.8612458818,2286429.685863398,2271111.286784007,2255742.1242925352,2240319.600517421,2224841.0579554588,2209303.777959746,2193704.97918992,2178041.8160237223,2162311.3769289553,2146510.682794799,2130636.6852215184]],"stack":null}
[2026-03-04T06:39:40.399Z] {"timestamp":1772606378740,"level":"LOG","args":["[DEBUG] IRR calculated:","0.05485116325604188","as percentage:","5.49%"],"stack":null}
[2026-03-04T06:39:40.399Z] {"timestamp":1772606378740,"level":"LOG","args":["[DEBUG] IRR cashFlows:",[-23216995,2347245.6,2332105.4176000003,2316924.2959296005,2301699.8612458818,2286429.685863398,2271111.286784007,2255742.1242925352,2240319.600517421,2224841.0579554588,2209303.777959746,2193704.97918992,2178041.8160237223,2162311.3769289553,2146510.682794799,2130636.6852215184]],"stack":null}
[2026-03-04T06:39:40.399Z] {"timestamp":1772606378741,"level":"LOG","args":["[DEBUG] IRR calculated:","0.0511402269691923","as percentage:","5.11%"],"stack":null}
[2026-03-04T06:39:40.399Z] {"timestamp":1772606378741,"level":"LOG","args":["[DEBUG] IRR cashFlows:",[-24155970,2347245.6,2332105.4176000003,2316924.2959296005,2301699.8612458818,2286429.685863398,2271111.286784007,2255742.1242925352,2240319.600517421,2224841.0579554588,2209303.777959746,2193704.97918992,2178041.8160237223,2162311.3769289553,2146510.682794799,2130636.6852215184]],"stack":null}
[2026-03-04T06:39:40.399Z] {"timestamp":1772606378741,"level":"LOG","args":["[DEBUG] IRR calculated:","0.045207152988601854","as percentage:","4.52%"],"stack":null}
[2026-03-04T06:39:40.399Z] {"timestamp":1772606378741,"level":"LOG","args":["[DEBUG] IRR cashFlows:",[-25481920,2347245.6,2332105.4176000003,2316924.2959296005,2301699.8612458818,2286429.685863398,2271111.286784007,2255742.1242925352,2240319.600517421,2224841.0579554588,2209303.777959746,2193704.97918992,2178041.8160237223,2162311.3769289553,2146510.682794799,2130636.6852215184]],"stack":null}
[2026-03-04T06:39:40.399Z] {"timestamp":1772606378742,"level":"LOG","args":["[DEBUG] IRR calculated:","0.03739585270350466","as percentage:","3.74%"],"stack":null}
[2026-03-04T06:39:40.399Z] {"timestamp":1772606378742,"level":"LOG","args":["[DEBUG] IRR cashFlows:",[-22241970,2347245.6,2332105.4176000003,2316924.2959296005,2301699.8612458818,2286429.685863398,2271111.286784007,2255742.1242925352,2240319.600517421,2224841.0579554588,2209303.777959746,2193704.97918992,2178041.8160237223,2162311.3769289553,2146510.682794799,2130636.6852215184]],"stack":null}
[2026-03-04T06:39:40.399Z] {"timestamp":1772606378742,"level":"LOG","args":["[DEBUG] IRR calculated:","0.057698960409099664","as percentage:","5.77%"],"stack":null}
[2026-03-04T06:39:40.399Z] {"timestamp":1772606378742,"level":"LOG","args":["[DEBUG] IRR cashFlows:",[-22554770,2347245.6,2332105.4176000003,2316924.2959296005,2301699.8612458818,2286429.685863398,2271111.286784007,2255742.1242925352,2240319.600517421,2224841.0579554588,2209303.777959746,2193704.97918992,2178041.8160237223,2162311.3769289553,2146510.682794799,2130636.6852215184]],"stack":null}
[2026-03-04T06:39:40.399Z] {"timestamp":1772606378742,"level":"LOG","args":["[DEBUG] IRR calculated:","0.05554786743469475","as percentage:","5.55%"],"stack":null}
[2026-03-04T06:39:40.399Z] {"timestamp":1772606378743,"level":"LOG","args":["[DEBUG] IRR cashFlows:",[-22974520,2347245.6,2332105.4176000003,2316924.2959296005,2301699.8612458818,2286429.685863398,2271111.286784007,2255742.1242925352,2240319.600517421,2224841.0579554588,2209303.777959746,2193704.97918992,2178041.8160237223,2162311.3769289553,2146510.682794799,2130636.6852215184]],"stack":null}
[2026-03-04T06:39:40.399Z] {"timestamp":1772606378743,"level":"LOG","args":["[DEBUG] IRR calculated:","0.052731676639772296","as percentage:","5.27%"],"stack":null}
[2026-03-04T06:39:40.399Z] {"timestamp":1772606378743,"level":"LOG","args":["[DEBUG] IRR cashFlows:",[-23602995,2347245.6,2332105.4176000003,2316924.2959296005,2301699.8612458818,2286429.685863398,2271111.286784007,2255742.1242925352,2240319.600517421,2224841.0579554588,2209303.777959746,2193704.97918992,2178041.8160237223,2162311.3769289553,2146510.682794799,2130636.6852215184]],"stack":null}
[2026-03-04T06:39:40.399Z] {"timestamp":1772606378743,"level":"LOG","args":["[DEBUG] IRR calculated:","0.04865806819294149","as percentage:","4.87%"],"stack":null}
[2026-03-04T06:39:40.399Z] {"timestamp":1772606378744,"level":"LOG","args":["[DEBUG] IRR cashFlows:",[-24656970,2347245.6,2332105.4176000003,2316924.2959296005,2301699.8612458818,2286429.685863398,2271111.286784007,2255742.1242925352,2240319.600517421,2224841.0579554588,2209303.777959746,2193704.97918992,2178041.8160237223,2162311.3769289553,2146510.682794799,2130636.6852215184]],"stack":null}
[2026-03-04T06:39:40.399Z] {"timestamp":1772606378744,"level":"LOG","args":["[DEBUG] IRR calculated:","0.04218175772827382","as percentage:","4.22%"],"stack":null}
[2026-03-04T06:39:40.399Z] {"timestamp":1772606378744,"level":"LOG","args":["[DEBUG] IRR cashFlows:",[-26143920,2347245.6,2332105.4176000003,2316924.2959296005,2301699.8612458818,2286429.685863398,2271111.286784007,2255742.1242925352,2240319.600517421,2224841.0579554588,2209303.777959746,2193704.97918992,2178041.8160237223,2162311.3769289553,2146510.682794799,2130636.6852215184]],"stack":null}
[2026-03-04T06:39:40.399Z] {"timestamp":1772606378744,"level":"LOG","args":["[DEBUG] IRR calculated:","0.03371948310590141","as percentage:","3.37%"],"stack":null}
[2026-03-04T06:39:40.399Z] {"timestamp":1772606378745,"level":"LOG","args":["[DEBUG] IRR cashFlows:",[-22478470,2347245.6,2332105.4176000003,2316924.2959296005,2301699.8612458818,2286429.685863398,2271111.286784007,2255742.1242925352,2240319.600517421,2224841.0579554588,2209303.777959746,2193704.97918992,2178041.8160237223,2162311.3769289553,2146510.682794799,2130636.6852215184]],"stack":null}
[2026-03-04T06:39:40.399Z] {"timestamp":1772606378745,"level":"LOG","args":["[DEBUG] IRR calculated:","0.05606836197584341","as percentage:","5.61%"],"stack":null}
[2026-03-04T06:39:40.399Z] {"timestamp":1772606378745,"level":"LOG","args":["[DEBUG] IRR cashFlows:",[-22825770,2347245.6,2332105.4176000003,2316924.2959296005,2301699.8612458818,2286429.685863398,2271111.286784007,2255742.1242925352,2240319.600517421,2224841.0579554588,2209303.777959746,2193704.97918992,2178041.8160237223,2162311.3769289553,2146510.682794799,2130636.6852215184]],"stack":null}
[2026-03-04T06:39:40.399Z] {"timestamp":1772606378747,"level":"LOG","args":["[DEBUG] IRR calculated:","0.053720656465298784","as percentage:","5.37%"],"stack":null}
[2026-03-04T06:39:40.399Z] {"timestamp":1772606378748,"level":"LOG","args":["[DEBUG] IRR cashFlows:",[-23291520,2347245.6,2332105.4176000003,2316924.2959296005,2301699.8612458818,2286429.685863398,2271111.286784007,2255742.1242925352,2240319.600517421,2224841.0579554588,2209303.777959746,2193704.97918992,2178041.8160237223,2162311.3769289553,2146510.682794799,2130636.6852215184]],"stack":null}
[2026-03-04T06:39:40.399Z] {"timestamp":1772606378748,"level":"LOG","args":["[DEBUG] IRR calculated:","0.05065614821353178","as percentage:","5.07%"],"stack":null}
[2026-03-04T06:39:40.399Z] {"timestamp":1772606378748,"level":"LOG","args":["[DEBUG] IRR cashFlows:",[-23988995,2347245.6,2332105.4176000003,2316924.2959296005,2301699.8612458818,2286429.685863398,2271111.286784007,2255742.1242925352,2240319.600517421,2224841.0579554588,2209303.777959746,2193704.97918992,2178041.8160237223,2162311.3769289553,2146510.682794799,2130636.6852215184]],"stack":null}
[2026-03-04T06:39:40.399Z] {"timestamp":1772606378748,"level":"LOG","args":["[DEBUG] IRR calculated:","0.04623652840614501","as percentage:","4.62%"],"stack":null}
[2026-03-04T06:39:40.399Z] {"timestamp":1772606378748,"level":"LOG","args":["[DEBUG] IRR cashFlows:",[-25157970,2347245.6,2332105.4176000003,2316924.2959296005,2301699.8612458818,2286429.685863398,2271111.286784007,2255742.1242925352,2240319.600517421,2224841.0579554588,2209303.777959746,2193704.97918992,2178041.8160237223,2162311.3769289553,2146510.682794799,2130636.6852215184]],"stack":null}
[2026-03-04T06:39:40.399Z] {"timestamp":1772606378749,"level":"LOG","args":["[DEBUG] IRR calculated:","0.03924722036257718","as percentage:","3.92%"],"stack":null}
[2026-03-04T06:39:40.399Z] {"timestamp":1772606378749,"level":"LOG","args":["[DEBUG] IRR cashFlows:",[-26805920,2347245.6,2332105.4176000003,2316924.2959296005,2301699.8612458818,2286429.685863398,2271111.286784007,2255742.1242925352,2240319.600517421,2224841.0579554588,2209303.777959746,2193704.97918992,2178041.8160237223,2162311.3769289553,2146510.682794799,2130636.6852215184]],"stack":null}
[2026-03-04T06:39:40.399Z] {"timestamp":1772606378749,"level":"LOG","args":["[DEBUG] IRR calculated:","0.03017888385735712","as percentage:","3.02%"],"stack":null}
[2026-03-04T06:39:40.399Z] {"timestamp":1772606378749,"level":"LOG","args":["[DEBUG SENSITIVITY] Matrix minIrr:","0.03017888385735712","maxIrr:","0.07177519955991235","minIrr%:","3.02","maxIrr%:","7.18"],"stack":null}
[2026-03-04T06:39:40.399Z] {"timestamp":1772606378806,"level":"ERROR","args":["%o\n\n%s\n\n%s\n",{"type":"Error","message":"stepUpInstallationCost is not defined","stack":"ReferenceError: stepUpInstallationCost is not defined\n    at calculateGridConnectionCost (https://5000-iy6c5akyl9u92v8nh9p89-62e9a9d2.us2.manus.computer/src/lib/gridConnectionCosts.ts?t=1772606370827:163:93)\n    at GridConnectionSliders (https://5000-iy6c5akyl9u92v8nh9p89-62e9a9d2.us2.manus.computer/src/components/GridConnectionSliders.tsx?t=1772606370827:29:17)\n    at Object.react_stack_bottom_frame (https://5000-iy6c5akyl9u92v8nh9p89-62e9a9d2.us2.manus.computer/@fs/home/ubuntu/private-wire-calc-v3/node_modules/.vite/deps/react-dom_client.js?v=1ef35389:18509:20)\n    at renderWithHooks (https://5000-iy6c5akyl9u92v8nh9p89-62e9a9d2.us2.manus.computer/@fs/home/ubuntu/private-wire-calc-v3/node_modules/.vite/deps/react-dom_client.js?v=1ef35389:5654:24)\n    at updateFunctionComponent (https://5000-iy6c5akyl9u92v8nh9p89-62e9a9d2.us2.manus.computer/@fs/home/ubuntu/private-wire-calc-v3/node_modules/.vite/deps/react-dom_client.js?v=1ef35389:7475:21)\n    at beginWork (https://5000-iy6c5akyl9u92v8nh9p89-62e9a9d2.us2.manus.computer/@fs/home/ubuntu/private-wire-calc-v3/node_modules/.vite/deps/react-dom_client.js?v=1ef35389:8525:20)\n    at runWithFiberInDEV (https://5000-iy6c5akyl9u92v8nh9p89-62e9a9d2.us2.manus.computer/@fs/home/ubuntu/private-wire-calc-v3/node_modules/.vite/deps/react-dom_client.js?v=1ef35389:997:72)\n    at performUnitOfWork (https://5000-iy6c5akyl9u92v8nh9p89-62e9a9d2.us2.manus.computer/@fs/home/ubuntu/private-wire-calc-v3/node_modules/.vite/deps/react-dom_client.js?v=1ef35389:12561:98)\n    at workLoopSync (https://5000-iy6c5akyl9u92v8nh9p89-62e9a9d2.us2.manus.computer/@fs/home/ubuntu/private-wire-calc-v3/node_modules/.vite/deps/react-dom_client.js?v=1ef35389:12424:43)\n    at renderRootSync (https://5000-iy6c5akyl9u92v8nh9p89-62e9a9d2.us2.manus.computer/@fs/home/ubuntu/private-wire-calc-v3/node_modules/.vite/deps/react-dom_client.js?v=1ef35389:12408:13)"},"The above error occurred in the <GridConnectionSliders> component.","React will try to recreate this component tree from scratch using the error boundary you provided, ErrorBoundary."],"stack":"Error\n    at console.<computed> [as error] (https://5000-iy6c5akyl9u92v8nh9p89-62e9a9d2.us2.manus.computer/__manus__/debug-collector.js:391:37)\n    at defaultOnCaughtError (https://5000-iy6c5akyl9u92v8nh9p89-62e9a9d2.us2.manus.computer/@fs/home/ubuntu/private-wire-calc-v3/node_modules/.vite/deps/react-dom_client.js?v=1ef35389:7001:19)\n    at logCaughtError (https://5000-iy6c5akyl9u92v8nh9p89-62e9a9d2.us2.manus.computer/@fs/home/ubuntu/private-wire-calc-v3/node_modules/.vite/deps/react-dom_client.js?v=1ef35389:7033:11)\n    at runWithFiberInDEV (https://5000-iy6c5akyl9u92v8nh9p89-62e9a9d2.us2.manus.computer/@fs/home/ubuntu/private-wire-calc-v3/node_modules/.vite/deps/react-dom_client.js?v=1ef35389:997:72)\n    at update.callback (https://5000-iy6c5akyl9u92v8nh9p89-62e9a9d2.us2.manus.computer/@fs/home/ubuntu/private-wire-calc-v3/node_modules/.vite/deps/react-dom_client.js?v=1ef35389:7066:13)\n    at callCallback (https://5000-iy6c5akyl9u92v8nh9p89-62e9a9d2.us2.manus.computer/@fs/home/ubuntu/private-wire-calc-v3/node_modules/.vite/deps/react-dom_client.js?v=1ef35389:5491:18)\n    at commitCallbacks (https://5000-iy6c5akyl9u92v8nh9p89-62e9a9d2.us2.manus.computer/@fs/home/ubuntu/private-wire-calc-v3/node_modules/.vite/deps/react-dom_client.js?v=1ef35389:5503:13)\n    at runWithFiberInDEV (https://5000-iy6c5akyl9u92v8nh9p89-62e9a9d2.us2.manus.computer/@fs/home/ubuntu/private-wire-calc-v3/node_modules/.vite/deps/react-dom_client.js?v=1ef35389:997:72)\n    at commitClassCallbacks (https://5000-iy6c5akyl9u92v8nh9p89-62e9a9d2.us2.manus.computer/@fs/home/ubuntu/private-wire-calc-v3/node_modules/.vite/deps/react-dom_client.js?v=1ef35389:9490:13)\n    at commitLayoutEffectOnFiber (https://5000-iy6c5akyl9u92v8nh9p89-62e9a9d2.us2.manus.computer/@fs/home/ubuntu/private-wire-calc-v3/node_modules/.vite/deps/react-dom_client.js?v=1ef35389:9958:27)"}
[2026-03-04T06:39:54.395Z] {"timestamp":1772606394074,"level":"DEBUG","args":["[vite]","hot updated: /src/index.css"],"stack":null}
[2026-03-04T06:39:54.395Z] {"timestamp":1772606394075,"level":"DEBUG","args":["[vite]","hot updated: /src/components/GridConnectionSliders.tsx"],"stack":null}
[2026-03-04T06:40:00.195Z] {"timestamp":1772606398604,"level":"LOG","args":["[DEBUG] IRR calculated:","0.03924722036257718","as percentage:","3.92%"],"stack":null}
[2026-03-04T06:40:00.195Z] {"timestamp":1772606398604,"level":"LOG","args":["[DEBUG] IRR cashFlows:",[-26805920,2347245.6,2332105.4176000003,2316924.2959296005,2301699.8612458818,2286429.685863398,2271111.286784007,2255742.1242925352,2240319.600517421,2224841.0579554588,2209303.777959746,2193704.97918992,2178041.8160237223,2162311.3769289553,2146510.682794799,2130636.6852215184]],"stack":null}
[2026-03-04T06:40:00.195Z] {"timestamp":1772606398605,"level":"LOG","args":["[DEBUG] IRR calculated:","0.03017888385735712","as percentage:","3.02%"],"stack":null}
[2026-03-04T06:40:00.195Z] {"timestamp":1772606398605,"level":"LOG","args":["[DEBUG SENSITIVITY] Matrix minIrr:","0.03017888385735712","maxIrr:","0.07177519955991235","minIrr%:","3.02","maxIrr%:","7.18"],"stack":null}
[2026-03-04T06:40:00.195Z] {"timestamp":1772606398606,"level":"LOG","args":["[DEBUG] IRR cashFlows:",[-20052520,2347245.6,2332105.4176000003,2316924.2959296005,2301699.8612458818,2286429.685863398,2271111.286784007,2255742.1242925352,2240319.600517421,2224841.0579554588,2209303.777959746,2193704.97918992,2178041.8160237223,2162311.3769289553,2146510.682794799,2130636.6852215184]],"stack":null}
[2026-03-04T06:40:00.195Z] {"timestamp":1772606398607,"level":"LOG","args":["[DEBUG] IRR calculated:","0.0741731803149236","as percentage:","7.42%"],"stack":null}
[2026-03-04T06:40:00.195Z] {"timestamp":1772606398607,"level":"LOG","args":["[DEBUG] IRR cashFlows:",[-20349970,2347245.6,2332105.4176000003,2316924.2959296005,2301699.8612458818,2286429.685863398,2271111.286784007,2255742.1242925352,2240319.600517421,2224841.0579554588,2209303.777959746,2193704.97918992,2178041.8160237223,2162311.3769289553,2146510.682794799,2130636.6852215184]],"stack":null}
[2026-03-04T06:40:00.195Z] {"timestamp":1772606398607,"level":"LOG","args":["[DEBUG] IRR calculated:","0.07177519955991235","as percentage:","7.18%"],"stack":null}
[2026-03-04T06:40:00.195Z] {"timestamp":1772606398608,"level":"LOG","args":["[DEBUG SENSITIVITY] First cell (6kV, 1km):",{"lcoe":125.79290595909659,"irr":0.07177519955991235,"irrPercent":"7.18"}],"stack":null}
[2026-03-04T06:40:00.195Z] {"timestamp":1772606398608,"level":"LOG","args":["[DEBUG] IRR cashFlows:",[-20386770,2347245.6,2332105.4176000003,2316924.2959296005,2301699.8612458818,2286429.685863398,2271111.286784007,2255742.1242925352,2240319.600517421,2224841.0579554588,2209303.777959746,2193704.97918992,2178041.8160237223,2162311.3769289553,2146510.682794799,2130636.6852215184]],"stack":null}
[2026-03-04T06:40:00.195Z] {"timestamp":1772606398608,"level":"LOG","args":["[DEBUG] IRR calculated:","0.07148230806457223","as percentage:","7.15%"],"stack":null}
[2026-03-04T06:40:00.195Z] {"timestamp":1772606398608,"level":"LOG","args":["[DEBUG] IRR cashFlows:",[-20438520,2347245.6,2332105.4176000003,2316924.2959296005,2301699.8612458818,2286429.685863398,2271111.286784007,2255742.1242925352,2240319.600517421,2224841.0579554588,2209303.777959746,2193704.97918992,2178041.8160237223,2162311.3769289553,2146510.682794799,2130636.6852215184]],"stack":null}
[2026-03-04T06:40:00.195Z] {"timestamp":1772606398609,"level":"LOG","args":["[DEBUG] IRR calculated:","0.0710718143025396","as percentage:","7.11%"],"stack":null}
[2026-03-04T06:40:00.195Z] {"timestamp":1772606398609,"level":"LOG","args":["[DEBUG] IRR cashFlows:",[-20514995,2347245.6,2332105.4176000003,2316924.2959296005,2301699.8612458818,2286429.685863398,2271111.286784007,2255742.1242925352,2240319.600517421,2224841.0579554588,2209303.777959746,2193704.97918992,2178041.8160237223,2162311.3769289553,2146510.682794799,2130636.6852215184]],"stack":null}
[2026-03-04T06:40:00.195Z] {"timestamp":1772606398609,"level":"LOG","args":["[DEBUG] IRR calculated:","0.07046813757853714","as percentage:","7.05%"],"stack":null}
[2026-03-04T06:40:00.195Z] {"timestamp":1772606398609,"level":"LOG","args":["[DEBUG] IRR cashFlows:",[-20648970,2347245.6,2332105.4176000003,2316924.2959296005,2301699.8612458818,2286429.685863398,2271111.286784007,2255742.1242925352,2240319.600517421,2224841.0579554588,2209303.777959746,2193704.97918992,2178041.8160237223,2162311.3769289553,2146510.682794799,2130636.6852215184]],"stack":null}
[2026-03-04T06:40:00.195Z] {"timestamp":1772606398610,"level":"LOG","args":["[DEBUG] IRR calculated:","0.06941892935770343","as percentage:","6.94%"],"stack":null}
[2026-03-04T06:40:00.195Z] {"timestamp":1772606398610,"level":"LOG","args":["[DEBUG] IRR cashFlows:",[-20847920,2347245.6,2332105.4176000003,2316924.2959296005,2301699.8612458818,2286429.685863398,2271111.286784007,2255742.1242925352,2240319.600517421,2224841.0579554588,2209303.777959746,2193704.97918992,2178041.8160237223,2162311.3769289553,2146510.682794799,2130636.6852215184]],"stack":null}
[2026-03-04T06:40:00.195Z] {"timestamp":1772606398610,"level":"LOG","args":["[DEBUG] IRR calculated:","0.06788016749640302","as percentage:","6.79%"],"stack":null}
[2026-03-04T06:40:00.195Z] {"timestamp":1772606398610,"level":"LOG","args":["[DEBUG] IRR cashFlows:",[-20586470,2347245.6,2332105.4176000003,2316924.2959296005,2301699.8612458818,2286429.685863398,2271111.286784007,2255742.1242925352,2240319.600517421,2224841.0579554588,2209303.777959746,2193704.97918992,2178041.8160237223,2162311.3769289553,2146510.682794799,2130636.6852215184]],"stack":null}
[2026-03-04T06:40:00.195Z] {"timestamp":1772606398611,"level":"LOG","args":["[DEBUG] IRR calculated:","0.0699070741742143","as percentage:","6.99%"],"stack":null}
[2026-03-04T06:40:00.195Z] {"timestamp":1772606398611,"level":"LOG","args":["[DEBUG] IRR cashFlows:",[-20657770,2347245.6,2332105.4176000003,2316924.2959296005,2301699.8612458818,2286429.685863398,2271111.286784007,2255742.1242925352,2240319.600517421,2224841.0579554588,2209303.777959746,2193704.97918992,2178041.8160237223,2162311.3769289553,2146510.682794799,2130636.6852215184]],"stack":null}
[2026-03-04T06:40:00.195Z] {"timestamp":1772606398611,"level":"LOG","args":["[DEBUG] IRR calculated:","0.06935038224521867","as percentage:","6.94%"],"stack":null}
[2026-03-04T06:40:00.195Z] {"timestamp":1772606398611,"level":"LOG","args":["[DEBUG] IRR cashFlows:",[-20755520,2347245.6,2332105.4176000003,2316924.2959296005,2301699.8612458818,2286429.685863398,2271111.286784007,2255742.1242925352,2240319.600517421,2224841.0579554588,2209303.777959746,2193704.97918992,2178041.8160237223,2162311.3769289553,2146510.682794799,2130636.6852215184]],"stack":null}
[2026-03-04T06:40:00.195Z] {"timestamp":1772606398612,"level":"LOG","args":["[DEBUG] IRR calculated:","0.06859199042281805","as percentage:","6.86%"],"stack":null}
[2026-03-04T06:40:00.195Z] {"timestamp":1772606398612,"level":"LOG","args":["[DEBUG] IRR cashFlows:",[-20900995,2347245.6,2332105.4176000003,2316924.2959296005,2301699.8612458818,2286429.685863398,2271111.286784007,2255742.1242925352,2240319.600517421,2224841.0579554588,2209303.777959746,2193704.97918992,2178041.8160237223,2162311.3769289553,2146510.682794799,2130636.6852215184]],"stack":null}
[2026-03-04T06:40:00.195Z] {"timestamp":1772606398612,"level":"LOG","args":["[DEBUG] IRR calculated:","0.06747349355098918","as percentage:","6.75%"],"stack":null}
[2026-03-04T06:40:00.195Z] {"timestamp":1772606398612,"level":"LOG","args":["[DEBUG] IRR cashFlows:",[-21149970,2347245.6,2332105.4176000003,2316924.2959296005,2301699.8612458818,2286429.685863398,2271111.286784007,2255742.1242925352,2240319.600517421,2224841.0579554588,2209303.777959746,2193704.97918992,2178041.8160237223,2162311.3769289553,2146510.682794799,2130636.6852215184]],"stack":null}
[2026-03-04T06:40:00.195Z] {"timestamp":1772606398613,"level":"LOG","args":["[DEBUG] IRR calculated:","0.06558685445344957","as percentage:","6.56%"],"stack":null}
[2026-03-04T06:40:00.195Z] {"timestamp":1772606398613,"level":"LOG","args":["[DEBUG] IRR cashFlows:",[-21509920,2347245.6,2332105.4176000003,2316924.2959296005,2301699.8612458818,2286429.685863398,2271111.286784007,2255742.1242925352,2240319.600517421,2224841.0579554588,2209303.777959746,2193704.97918992,2178041.8160237223,2162311.3769289553,2146510.682794799,2130636.6852215184]],"stack":null}
[2026-03-04T06:40:00.195Z] {"timestamp":1772606398613,"level":"LOG","args":["[DEBUG] IRR calculated:","0.06291897990856639","as percentage:","6.29%"],"stack":null}
[2026-03-04T06:40:00.195Z] {"timestamp":1772606398613,"level":"LOG","args":["[DEBUG] IRR cashFlows:",[-20822970,2347245.6,2332105.4176000003,2316924.2959296005,2301699.8612458818,2286429.685863398,2271111.286784007,2255742.1242925352,2240319.600517421,2224841.0579554588,2209303.777959746,2193704.97918992,2178041.8160237223,2162311.3769289553,2146510.682794799,2130636.6852215184]],"stack":null}
[2026-03-04T06:40:00.195Z] {"timestamp":1772606398614,"level":"LOG","args":["[DEBUG] IRR calculated:","0.06807189383610872","as percentage:","6.81%"],"stack":null}
[2026-03-04T06:40:00.195Z] {"timestamp":1772606398614,"level":"LOG","args":["[DEBUG] IRR cashFlows:",[-20928770,2347245.6,2332105.4176000003,2316924.2959296005,2301699.8612458818,2286429.685863398,2271111.286784007,2255742.1242925352,2240319.600517421,2224841.0579554588,2209303.777959746,2193704.97918992,2178041.8160237223,2162311.3769289553,2146510.682794799,2130636.6852215184]],"stack":null}
[2026-03-04T06:40:00.195Z] {"timestamp":1772606398614,"level":"LOG","args":["[DEBUG] IRR calculated:","0.06726130973497234","as percentage:","6.73%"],"stack":null}
[2026-03-04T06:40:00.195Z] {"timestamp":1772606398614,"level":"LOG","args":["[DEBUG] IRR cashFlows:",[-21072520,2347245.6,2332105.4176000003,2316924.2959296005,2301699.8612458818,2286429.685863398,2271111.286784007,2255742.1242925352,2240319.600517421,2224841.0579554588,2209303.777959746,2193704.97918992,2178041.8160237223,2162311.3769289553,2146510.682794799,2130636.6852215184]],"stack":null}
[2026-03-04T06:40:00.195Z] {"timestamp":1772606398615,"level":"LOG","args":["[DEBUG] IRR calculated:","0.06617005552855004","as percentage:","6.62%"],"stack":null}
[2026-03-04T06:40:00.195Z] {"timestamp":1772606398615,"level":"LOG","args":["[DEBUG] IRR cashFlows:",[-21286995,2347245.6,2332105.4176000003,2316924.2959296005,2301699.8612458818,2286429.685863398,2271111.286784007,2255742.1242925352,2240319.600517421,2224841.0579554588,2209303.777959746,2193704.97918992,2178041.8160237223,2162311.3769289553,2146510.682794799,2130636.6852215184]],"stack":null}
[2026-03-04T06:40:00.195Z] {"timestamp":1772606398615,"level":"LOG","args":["[DEBUG] IRR calculated:","0.0645630715551585","as percentage:","6.46%"],"stack":null}
[2026-03-04T06:40:00.195Z] {"timestamp":1772606398615,"level":"LOG","args":["[DEBUG] IRR cashFlows:",[-21650970,2347245.6,2332105.4176000003,2316924.2959296005,2301699.8612458818,2286429.685863398,2271111.286784007,2255742.1242925352,2240319.600517421,2224841.0579554588,2209303.777959746,2193704.97918992,2178041.8160237223,2162311.3769289553,2146510.682794799,2130636.6852215184]],"stack":null}
[2026-03-04T06:40:00.195Z] {"timestamp":1772606398616,"level":"LOG","args":["[DEBUG] IRR calculated:","0.06189218671006957","as percentage:","6.19%"],"stack":null}
[2026-03-04T06:40:00.195Z] {"timestamp":1772606398616,"level":"LOG","args":["[DEBUG] IRR cashFlows:",[-22171920,2347245.6,2332105.4176000003,2316924.2959296005,2301699.8612458818,2286429.685863398,2271111.286784007,2255742.1242925352,2240319.600517421,2224841.0579554588,2209303.777959746,2193704.97918992,2178041.8160237223,2162311.3769289553,2146510.682794799,2130636.6852215184]],"stack":null}
[2026-03-04T06:40:00.195Z] {"timestamp":1772606398616,"level":"LOG","args":["[DEBUG] IRR calculated:","0.05818702567430743","as percentage:","5.82%"],"stack":null}
[2026-03-04T06:40:00.195Z] {"timestamp":1772606398616,"level":"LOG","args":["[DEBUG] IRR cashFlows:",[-21059470,2347245.6,2332105.4176000003,2316924.2959296005,2301699.8612458818,2286429.685863398,2271111.286784007,2255742.1242925352,2240319.600517421,2224841.0579554588,2209303.777959746,2193704.97918992,2178041.8160237223,2162311.3769289553,2146510.682794799,2130636.6852215184]],"stack":null}
[2026-03-04T06:40:00.195Z] {"timestamp":1772606398617,"level":"LOG","args":["[DEBUG] IRR calculated:","0.06626864791267574","as percentage:","6.63%"],"stack":null}
[2026-03-04T06:40:00.195Z] {"timestamp":1772606398617,"level":"LOG","args":["[DEBUG] IRR cashFlows:",[-21199770,2347245.6,2332105.4176000003,2316924.2959296005,2301699.8612458818,2286429.685863398,2271111.286784007,2255742.1242925352,2240319.600517421,2224841.0579554588,2209303.777959746,2193704.97918992,2178041.8160237223,2162311.3769289553,2146510.682794799,2130636.6852215184]],"stack":null}
[2026-03-04T06:40:00.195Z] {"timestamp":1772606398617,"level":"LOG","args":["[DEBUG] IRR calculated:","0.06521359458773965","as percentage:","6.52%"],"stack":null}
[2026-03-04T06:40:00.195Z] {"timestamp":1772606398617,"level":"LOG","args":["[DEBUG] IRR cashFlows:",[-21389520,2347245.6,2332105.4176000003,2316924.2959296005,2301699.8612458818,2286429.685863398,2271111.286784007,2255742.1242925352,2240319.600517421,2224841.0579554588,2209303.777959746,2193704.97918992,2178041.8160237223,2162311.3769289553,2146510.682794799,2130636.6852215184]],"stack":null}
[2026-03-04T06:40:00.195Z] {"timestamp":1772606398618,"level":"LOG","args":["[DEBUG] IRR calculated:","0.06380366768687845","as percentage:","6.38%"],"stack":null}
[2026-03-04T06:40:00.195Z] {"timestamp":1772606398618,"level":"LOG","args":["[DEBUG] IRR cashFlows:",[-21672995,2347245.6,2332105.4176000003,2316924.2959296005,2301699.8612458818,2286429.685863398,2271111.286784007,2255742.1242925352,2240319.600517421,2224841.0579554588,2209303.777959746,2193704.97918992,2178041.8160237223,2162311.3769289553,2146510.682794799,2130636.6852215184]],"stack":null}
[2026-03-04T06:40:00.195Z] {"timestamp":1772606398618,"level":"LOG","args":["[DEBUG] IRR calculated:","0.06173277934950446","as percentage:","6.17%"],"stack":null}
[2026-03-04T06:40:00.195Z] {"timestamp":1772606398618,"level":"LOG","args":["[DEBUG] IRR cashFlows:",[-22151970,2347245.6,2332105.4176000003,2316924.2959296005,2301699.8612458818,2286429.685863398,2271111.286784007,2255742.1242925352,2240319.600517421,2224841.0579554588,2209303.777959746,2193704.97918992,2178041.8160237223,2162311.3769289553,2146510.682794799,2130636.6852215184]],"stack":null}
[2026-03-04T06:40:00.195Z] {"timestamp":1772606398618,"level":"LOG","args":["[DEBUG] IRR calculated:","0.058326456314478206","as percentage:","5.83%"],"stack":null}
[2026-03-04T06:40:00.195Z] {"timestamp":1772606398619,"level":"LOG","args":["[DEBUG] IRR cashFlows:",[-22833920,2347245.6,2332105.4176000003,2316924.2959296005,2301699.8612458818,2286429.685863398,2271111.286784007,2255742.1242925352,2240319.600517421,2224841.0579554588,2209303.777959746,2193704.97918992,2178041.8160237223,2162311.3769289553,2146510.682794799,2130636.6852215184]],"stack":null}
[2026-03-04T06:40:00.195Z] {"timestamp":1772606398619,"level":"LOG","args":["[DEBUG] IRR calculated:","0.05366621689490417","as percentage:","5.37%"],"stack":null}
[2026-03-04T06:40:00.195Z] {"timestamp":1772606398619,"level":"LOG","args":["[DEBUG] IRR cashFlows:",[-21295970,2347245.6,2332105.4176000003,2316924.2959296005,2301699.8612458818,2286429.685863398,2271111.286784007,2255742.1242925352,2240319.600517421,2224841.0579554588,2209303.777959746,2193704.97918992,2178041.8160237223,2162311.3769289553,2146510.682794799,2130636.6852215184]],"stack":null}
[2026-03-04T06:40:00.195Z] {"timestamp":1772606398619,"level":"LOG","args":["[DEBUG] IRR calculated:","0.0644963689857477","as percentage:","6.45%"],"stack":null}
[2026-03-04T06:40:00.195Z] {"timestamp":1772606398620,"level":"LOG","args":["[DEBUG] IRR cashFlows:",[-21470770,2347245.6,2332105.4176000003,2316924.2959296005,2301699.8612458818,2286429.685863398,2271111.286784007,2255742.1242925352,2240319.600517421,2224841.0579554588,2209303.777959746,2193704.97918992,2178041.8160237223,2162311.3769289553,2146510.682794799,2130636.6852215184]],"stack":null}
[2026-03-04T06:40:00.195Z] {"timestamp":1772606398620,"level":"LOG","args":["[DEBUG] IRR calculated:","0.06320581353613193","as percentage:","6.32%"],"stack":null}
[2026-03-04T06:40:00.195Z] {"timestamp":1772606398620,"level":"LOG","args":["[DEBUG] IRR cashFlows:",[-21706520,2347245.6,2332105.4176000003,2316924.2959296005,2301699.8612458818,2286429.685863398,2271111.286784007,2255742.1242925352,2240319.600517421,2224841.0579554588,2209303.777959746,2193704.97918992,2178041.8160237223,2162311.3769289553,2146510.682794799,2130636.6852215184]],"stack":null}
[2026-03-04T06:40:00.195Z] {"timestamp":1772606398620,"level":"LOG","args":["[DEBUG] IRR calculated:","0.061490616557580056","as percentage:","6.15%"],"stack":null}
[2026-03-04T06:40:00.195Z] {"timestamp":1772606398620,"level":"LOG","args":["[DEBUG] IRR cashFlows:",[-22058995,2347245.6,2332105.4176000003,2316924.2959296005,2301699.8612458818,2286429.685863398,2271111.286784007,2255742.1242925352,2240319.600517421,2224841.0579554588,2209303.777959746,2193704.97918992,2178041.8160237223,2162311.3769289553,2146510.682794799,2130636.6852215184]],"stack":null}
[2026-03-04T06:40:00.195Z] {"timestamp":1772606398621,"level":"LOG","args":["[DEBUG] IRR calculated:","0.05897880004117877","as percentage:","5.90%"],"stack":null}
[2026-03-04T06:40:00.195Z] {"timestamp":1772606398621,"level":"LOG","args":["[DEBUG] IRR cashFlows:",[-22652970,2347245.6,2332105.4176000003,2316924.2959296005,2301699.8612458818,2286429.685863398,2271111.286784007,2255742.1242925352,2240319.600517421,2224841.0579554588,2209303.777959746,2193704.97918992,2178041.8160237223,2162311.3769289553,2146510.682794799,2130636.6852215184]],"stack":null}
[2026-03-04T06:40:00.195Z] {"timestamp":1772606398621,"level":"LOG","args":["[DEBUG] IRR calculated:","0.054881913002986935","as percentage:","5.49%"],"stack":null}
[2026-03-04T06:40:00.195Z] {"timestamp":1772606398621,"level":"LOG","args":["[DEBUG] IRR cashFlows:",[-23495920,2347245.6,2332105.4176000003,2316924.2959296005,2301699.8612458818,2286429.685863398,2271111.286784007,2255742.1242925352,2240319.600517421,2224841.0579554588,2209303.777959746,2193704.97918992,2178041.8160237223,2162311.3769289553,2146510.682794799,2130636.6852215184]],"stack":null}
[2026-03-04T06:40:00.195Z] {"timestamp":1772606398622,"level":"LOG","args":["[DEBUG] IRR calculated:","0.04934042050246809","as percentage:","4.93%"],"stack":null}
[2026-03-04T06:40:00.195Z] {"timestamp":1772606398622,"level":"LOG","args":["[DEBUG] IRR cashFlows:",[-21532470,2347245.6,2332105.4176000003,2316924.2959296005,2301699.8612458818,2286429.685863398,2271111.286784007,2255742.1242925352,2240319.600517421,2224841.0579554588,2209303.777959746,2193704.97918992,2178041.8160237223,2162311.3769289553,2146510.682794799,2130636.6852215184]],"stack":null}
[2026-03-04T06:40:00.195Z] {"timestamp":1772606398622,"level":"LOG","args":["[DEBUG] IRR calculated:","0.06275413050974829","as percentage:","6.28%"],"stack":null}
[2026-03-04T06:40:00.195Z] {"timestamp":1772606398622,"level":"LOG","args":["[DEBUG] IRR cashFlows:",[-21741770,2347245.6,2332105.4176000003,2316924.2959296005,2301699.8612458818,2286429.685863398,2271111.286784007,2255742.1242925352,2240319.600517421,2224841.0579554588,2209303.777959746,2193704.97918992,2178041.8160237223,2162311.3769289553,2146510.682794799,2130636.6852215184]],"stack":null}
[2026-03-04T06:40:00.195Z] {"timestamp":1772606398623,"level":"LOG","args":["[DEBUG] IRR calculated:","0.06123661152255619","as percentage:","6.12%"],"stack":null}
[2026-03-04T06:40:00.195Z] {"timestamp":1772606398623,"level":"LOG","args":["[DEBUG] IRR cashFlows:",[-22023520,2347245.6,2332105.4176000003,2316924.2959296005,2301699.8612458818,2286429.685863398,2271111.286784007,2255742.1242925352,2240319.600517421,2224841.0579554588,2209303.777959746,2193704.97918992,2178041.8160237223,2162311.3769289553,2146510.682794799,2130636.6852215184]],"stack":null}
[2026-03-04T06:40:00.195Z] {"timestamp":1772606398623,"level":"LOG","args":["[DEBUG] IRR calculated:","0.059228814052242125","as percentage:","5.92%"],"stack":null}
[2026-03-04T06:40:00.195Z] {"timestamp":1772606398623,"level":"LOG","args":["[DEBUG] IRR cashFlows:",[-22444995,2347245.6,2332105.4176000003,2316924.2959296005,2301699.8612458818,2286429.685863398,2271111.286784007,2255742.1242925352,2240319.600517421,2224841.0579554588,2209303.777959746,2193704.97918992,2178041.8160237223,2162311.3769289553,2146510.682794799,2130636.6852215184]],"stack":null}
[2026-03-04T06:40:00.195Z] {"timestamp":1772606398624,"level":"LOG","args":["[DEBUG] IRR calculated:","0.05629756874796892","as percentage:","5.63%"],"stack":null}
[2026-03-04T06:40:00.195Z] {"timestamp":1772606398624,"level":"LOG","args":["[DEBUG] IRR cashFlows:",[-23153970,2347245.6,2332105.4176000003,2316924.2959296005,2301699.8612458818,2286429.685863398,2271111.286784007,2255742.1242925352,2240319.600517421,2224841.0579554588,2209303.777959746,2193704.97918992,2178041.8160237223,2162311.3769289553,2146510.682794799,2130636.6852215184]],"stack":null}
[2026-03-04T06:40:00.195Z] {"timestamp":1772606398624,"level":"LOG","args":["[DEBUG] IRR calculated:","0.05155144940558404","as percentage:","5.16%"],"stack":null}
[2026-03-04T06:40:00.195Z] {"timestamp":1772606398624,"level":"LOG","args":["[DEBUG] IRR cashFlows:",[-24157920,2347245.6,2332105.4176000003,2316924.2959296005,2301699.8612458818,2286429.685863398,2271111.286784007,2255742.1242925352,2240319.600517421,2224841.0579554588,2209303.777959746,2193704.97918992,2178041.8160237223,2162311.3769289553,2146510.682794799,2130636.6852215184]],"stack":null}
[2026-03-04T06:40:00.195Z] {"timestamp":1772606398625,"level":"LOG","args":["[DEBUG] IRR calculated:","0.04519519488333343","as percentage:","4.52%"],"stack":null}
[2026-03-04T06:40:00.195Z] {"timestamp":1772606398625,"level":"LOG","args":["[DEBUG] IRR cashFlows:",[-21768970,2347245.6,2332105.4176000003,2316924.2959296005,2301699.8612458818,2286429.685863398,2271111.286784007,2255742.1242925352,2240319.600517421,2224841.0579554588,2209303.777959746,2193704.97918992,2178041.8160237223,2162311.3769289553,2146510.682794799,2130636.6852215184]],"stack":null}
[2026-03-04T06:40:00.195Z] {"timestamp":1772606398625,"level":"LOG","args":["[DEBUG] IRR calculated:","0.06104104462173325","as percentage:","6.10%"],"stack":null}
[2026-03-04T06:40:00.195Z] {"timestamp":1772606398625,"level":"LOG","args":["[DEBUG] IRR cashFlows:",[-22012770,2347245.6,2332105.4176000003,2316924.2959296005,2301699.8612458818,2286429.685863398,2271111.286784007,2255742.1242925352,2240319.600517421,2224841.0579554588,2209303.777959746,2193704.97918992,2178041.8160237223,2162311.3769289553,2146510.682794799,2130636.6852215184]],"stack":null}
[2026-03-04T06:40:00.195Z] {"timestamp":1772606398626,"level":"LOG","args":["[DEBUG] IRR calculated:","0.059304697559518414","as percentage:","5.93%"],"stack":null}
[2026-03-04T06:40:00.195Z] {"timestamp":1772606398626,"level":"LOG","args":["[DEBUG] IRR cashFlows:",[-22340520,2347245.6,2332105.4176000003,2316924.2959296005,2301699.8612458818,2286429.685863398,2271111.286784007,2255742.1242925352,2240319.600517421,2224841.0579554588,2209303.777959746,2193704.97918992,2178041.8160237223,2162311.3769289553,2146510.682794799,2130636.6852215184]],"stack":null}
[2026-03-04T06:40:00.195Z] {"timestamp":1772606398626,"level":"LOG","args":["[DEBUG] IRR calculated:","0.05701628578779293","as percentage:","5.70%"],"stack":null}
[2026-03-04T06:40:00.195Z] {"timestamp":1772606398626,"level":"LOG","args":["[DEBUG] IRR cashFlows:",[-22830995,2347245.6,2332105.4176000003,2316924.2959296005,2301699.8612458818,2286429.685863398,2271111.286784007,2255742.1242925352,2240319.600517421,2224841.0579554588,2209303.777959746,2193704.97918992,2178041.8160237223,2162311.3769289553,2146510.682794799,2130636.6852215184]],"stack":null}
[2026-03-04T06:40:00.195Z] {"timestamp":1772606398627,"level":"LOG","args":["[DEBUG] IRR calculated:","0.05368575162351056","as percentage:","5.37%"],"stack":null}
[2026-03-04T06:40:00.195Z] {"timestamp":1772606398627,"level":"LOG","args":["[DEBUG] IRR cashFlows:",[-23654970,2347245.6,2332105.4176000003,2316924.2959296005,2301699.8612458818,2286429.685863398,2271111.286784007,2255742.1242925352,2240319.600517421,2224841.0579554588,2209303.777959746,2193704.97918992,2178041.8160237223,2162311.3769289553,2146510.682794799,2130636.6852215184]],"stack":null}
[2026-03-04T06:40:00.195Z] {"timestamp":1772606398627,"level":"LOG","args":["[DEBUG] IRR calculated:","0.04832853410409417","as percentage:","4.83%"],"stack":null}
[2026-03-04T06:40:00.195Z] {"timestamp":1772606398627,"level":"LOG","args":["[DEBUG] IRR cashFlows:",[-24819920,2347245.6,2332105.4176000003,2316924.2959296005,2301699.8612458818,2286429.685863398,2271111.286784007,2255742.1242925352,2240319.600517421,2224841.0579554588,2209303.777959746,2193704.97918992,2178041.8160237223,2162311.3769289553,2146510.682794799,2130636.6852215184]],"stack":null}
[2026-03-04T06:40:00.195Z] {"timestamp":1772606398627,"level":"LOG","args":["[DEBUG] IRR calculated:","0.04121756847793396","as percentage:","4.12%"],"stack":null}
[2026-03-04T06:40:00.195Z] {"timestamp":1772606398628,"level":"LOG","args":["[DEBUG] IRR cashFlows:",[-22005470,2347245.6,2332105.4176000003,2316924.2959296005,2301699.8612458818,2286429.685863398,2271111.286784007,2255742.1242925352,2240319.600517421,2224841.0579554588,2209303.777959746,2193704.97918992,2178041.8160237223,2162311.3769289553,2146510.682794799,2130636.6852215184]],"stack":null}
[2026-03-04T06:40:00.195Z] {"timestamp":1772606398628,"level":"LOG","args":["[DEBUG] IRR calculated:","0.05935626009265614","as percentage:","5.94%"],"stack":null}
[2026-03-04T06:40:00.195Z] {"timestamp":1772606398628,"level":"LOG","args":["[DEBUG] IRR cashFlows:",[-22283770,2347245.6,2332105.4176000003,2316924.2959296005,2301699.8612458818,2286429.685863398,2271111.286784007,2255742.1242925352,2240319.600517421,2224841.0579554588,2209303.777959746,2193704.97918992,2178041.8160237223,2162311.3769289553,2146510.682794799,2130636.6852215184]],"stack":null}
[2026-03-04T06:40:00.195Z] {"timestamp":1772606398628,"level":"LOG","args":["[DEBUG] IRR calculated:","0.057408840891799956","as percentage:","5.74%"],"stack":null}
[2026-03-04T06:40:00.195Z] {"timestamp":1772606398629,"level":"LOG","args":["[DEBUG] IRR cashFlows:",[-22657520,2347245.6,2332105.4176000003,2316924.2959296005,2301699.8612458818,2286429.685863398,2271111.286784007,2255742.1242925352,2240319.600517421,2224841.0579554588,2209303.777959746,2193704.97918992,2178041.8160237223,2162311.3769289553,2146510.682794799,2130636.6852215184]],"stack":null}
[2026-03-04T06:40:00.195Z] {"timestamp":1772606398629,"level":"LOG","args":["[DEBUG] IRR calculated:","0.05485116325604188","as percentage:","5.49%"],"stack":null}
[2026-03-04T06:40:00.195Z] {"timestamp":1772606398629,"level":"LOG","args":["[DEBUG] IRR cashFlows:",[-23216995,2347245.6,2332105.4176000003,2316924.2959296005,2301699.8612458818,2286429.685863398,2271111.286784007,2255742.1242925352,2240319.600517421,2224841.0579554588,2209303.777959746,2193704.97918992,2178041.8160237223,2162311.3769289553,2146510.682794799,2130636.6852215184]],"stack":null}
[2026-03-04T06:40:00.195Z] {"timestamp":1772606398629,"level":"LOG","args":["[DEBUG] IRR calculated:","0.0511402269691923","as percentage:","5.11%"],"stack":null}
[2026-03-04T06:40:00.195Z] {"timestamp":1772606398629,"level":"LOG","args":["[DEBUG] IRR cashFlows:",[-24155970,2347245.6,2332105.4176000003,2316924.2959296005,2301699.8612458818,2286429.685863398,2271111.286784007,2255742.1242925352,2240319.600517421,2224841.0579554588,2209303.777959746,2193704.97918992,2178041.8160237223,2162311.3769289553,2146510.682794799,2130636.6852215184]],"stack":null}
[2026-03-04T06:40:00.196Z] {"timestamp":1772606398630,"level":"LOG","args":["[DEBUG] IRR calculated:","0.045207152988601854","as percentage:","4.52%"],"stack":null}
[2026-03-04T06:40:00.196Z] {"timestamp":1772606398630,"level":"LOG","args":["[DEBUG] IRR cashFlows:",[-25481920,2347245.6,2332105.4176000003,2316924.2959296005,2301699.8612458818,2286429.685863398,2271111.286784007,2255742.1242925352,2240319.600517421,2224841.0579554588,2209303.777959746,2193704.97918992,2178041.8160237223,2162311.3769289553,2146510.682794799,2130636.6852215184]],"stack":null}
[2026-03-04T06:40:00.196Z] {"timestamp":1772606398630,"level":"LOG","args":["[DEBUG] IRR calculated:","0.03739585270350466","as percentage:","3.74%"],"stack":null}
[2026-03-04T06:40:00.196Z] {"timestamp":1772606398630,"level":"LOG","args":["[DEBUG] IRR cashFlows:",[-22241970,2347245.6,2332105.4176000003,2316924.2959296005,2301699.8612458818,2286429.685863398,2271111.286784007,2255742.1242925352,2240319.600517421,2224841.0579554588,2209303.777959746,2193704.97918992,2178041.8160237223,2162311.3769289553,2146510.682794799,2130636.6852215184]],"stack":null}
[2026-03-04T06:40:00.196Z] {"timestamp":1772606398631,"level":"LOG","args":["[DEBUG] IRR calculated:","0.057698960409099664","as percentage:","5.77%"],"stack":null}
[2026-03-04T06:40:00.196Z] {"timestamp":1772606398631,"level":"LOG","args":["[DEBUG] IRR cashFlows:",[-22554770,2347245.6,2332105.4176000003,2316924.2959296005,2301699.8612458818,2286429.685863398,2271111.286784007,2255742.1242925352,2240319.600517421,2224841.0579554588,2209303.777959746,2193704.97918992,2178041.8160237223,2162311.3769289553,2146510.682794799,2130636.6852215184]],"stack":null}
[2026-03-04T06:40:00.196Z] {"timestamp":1772606398631,"level":"LOG","args":["[DEBUG] IRR calculated:","0.05554786743469475","as percentage:","5.55%"],"stack":null}
[2026-03-04T06:40:00.196Z] {"timestamp":1772606398631,"level":"LOG","args":["[DEBUG] IRR cashFlows:",[-22974520,2347245.6,2332105.4176000003,2316924.2959296005,2301699.8612458818,2286429.685863398,2271111.286784007,2255742.1242925352,2240319.600517421,2224841.0579554588,2209303.777959746,2193704.97918992,2178041.8160237223,2162311.3769289553,2146510.682794799,2130636.6852215184]],"stack":null}
[2026-03-04T06:40:00.196Z] {"timestamp":1772606398632,"level":"LOG","args":["[DEBUG] IRR calculated:","0.052731676639772296","as percentage:","5.27%"],"stack":null}
[2026-03-04T06:40:00.196Z] {"timestamp":1772606398632,"level":"LOG","args":["[DEBUG] IRR cashFlows:",[-23602995,2347245.6,2332105.4176000003,2316924.2959296005,2301699.8612458818,2286429.685863398,2271111.286784007,2255742.1242925352,2240319.600517421,2224841.0579554588,2209303.777959746,2193704.97918992,2178041.8160237223,2162311.3769289553,2146510.682794799,2130636.6852215184]],"stack":null}
[2026-03-04T06:40:00.196Z] {"timestamp":1772606398632,"level":"LOG","args":["[DEBUG] IRR calculated:","0.04865806819294149","as percentage:","4.87%"],"stack":null}
[2026-03-04T06:40:00.196Z] {"timestamp":1772606398632,"level":"LOG","args":["[DEBUG] IRR cashFlows:",[-24656970,2347245.6,2332105.4176000003,2316924.2959296005,2301699.8612458818,2286429.685863398,2271111.286784007,2255742.1242925352,2240319.600517421,2224841.0579554588,2209303.777959746,2193704.97918992,2178041.8160237223,2162311.3769289553,2146510.682794799,2130636.6852215184]],"stack":null}
[2026-03-04T06:40:00.196Z] {"timestamp":1772606398632,"level":"LOG","args":["[DEBUG] IRR calculated:","0.04218175772827382","as percentage:","4.22%"],"stack":null}
[2026-03-04T06:40:00.196Z] {"timestamp":1772606398633,"level":"LOG","args":["[DEBUG] IRR cashFlows:",[-26143920,2347245.6,2332105.4176000003,2316924.2959296005,2301699.8612458818,2286429.685863398,2271111.286784007,2255742.1242925352,2240319.600517421,2224841.0579554588,2209303.777959746,2193704.97918992,2178041.8160237223,2162311.3769289553,2146510.682794799,2130636.6852215184]],"stack":null}
[2026-03-04T06:40:00.196Z] {"timestamp":1772606398633,"level":"LOG","args":["[DEBUG] IRR calculated:","0.03371948310590141","as percentage:","3.37%"],"stack":null}
[2026-03-04T06:40:00.196Z] {"timestamp":1772606398633,"level":"LOG","args":["[DEBUG] IRR cashFlows:",[-22478470,2347245.6,2332105.4176000003,2316924.2959296005,2301699.8612458818,2286429.685863398,2271111.286784007,2255742.1242925352,2240319.600517421,2224841.0579554588,2209303.777959746,2193704.97918992,2178041.8160237223,2162311.3769289553,2146510.682794799,2130636.6852215184]],"stack":null}
[2026-03-04T06:40:00.196Z] {"timestamp":1772606398633,"level":"LOG","args":["[DEBUG] IRR calculated:","0.05606836197584341","as percentage:","5.61%"],"stack":null}
[2026-03-04T06:40:00.196Z] {"timestamp":1772606398633,"level":"LOG","args":["[DEBUG] IRR cashFlows:",[-22825770,2347245.6,2332105.4176000003,2316924.2959296005,2301699.8612458818,2286429.685863398,2271111.286784007,2255742.1242925352,2240319.600517421,2224841.0579554588,2209303.777959746,2193704.97918992,2178041.8160237223,2162311.3769289553,2146510.682794799,2130636.6852215184]],"stack":null}
[2026-03-04T06:40:00.196Z] {"timestamp":1772606398634,"level":"LOG","args":["[DEBUG] IRR calculated:","0.053720656465298784","as percentage:","5.37%"],"stack":null}
[2026-03-04T06:40:00.196Z] {"timestamp":1772606398634,"level":"LOG","args":["[DEBUG] IRR cashFlows:",[-23291520,2347245.6,2332105.4176000003,2316924.2959296005,2301699.8612458818,2286429.685863398,2271111.286784007,2255742.1242925352,2240319.600517421,2224841.0579554588,2209303.777959746,2193704.97918992,2178041.8160237223,2162311.3769289553,2146510.682794799,2130636.6852215184]],"stack":null}
[2026-03-04T06:40:00.196Z] {"timestamp":1772606398634,"level":"LOG","args":["[DEBUG] IRR calculated:","0.05065614821353178","as percentage:","5.07%"],"stack":null}
[2026-03-04T06:40:00.196Z] {"timestamp":1772606398635,"level":"LOG","args":["[DEBUG] IRR cashFlows:",[-23988995,2347245.6,2332105.4176000003,2316924.2959296005,2301699.8612458818,2286429.685863398,2271111.286784007,2255742.1242925352,2240319.600517421,2224841.0579554588,2209303.777959746,2193704.97918992,2178041.8160237223,2162311.3769289553,2146510.682794799,2130636.6852215184]],"stack":null}
[2026-03-04T06:40:00.196Z] {"timestamp":1772606398635,"level":"LOG","args":["[DEBUG] IRR calculated:","0.04623652840614501","as percentage:","4.62%"],"stack":null}
[2026-03-04T06:40:00.196Z] {"timestamp":1772606398635,"level":"LOG","args":["[DEBUG] IRR cashFlows:",[-25157970,2347245.6,2332105.4176000003,2316924.2959296005,2301699.8612458818,2286429.685863398,2271111.286784007,2255742.1242925352,2240319.600517421,2224841.0579554588,2209303.777959746,2193704.97918992,2178041.8160237223,2162311.3769289553,2146510.682794799,2130636.6852215184]],"stack":null}
[2026-03-04T06:40:00.196Z] {"timestamp":1772606398635,"level":"LOG","args":["[DEBUG] IRR calculated:","0.03924722036257718","as percentage:","3.92%"],"stack":null}
[2026-03-04T06:40:00.196Z] {"timestamp":1772606398635,"level":"LOG","args":["[DEBUG] IRR cashFlows:",[-26805920,2347245.6,2332105.4176000003,2316924.2959296005,2301699.8612458818,2286429.685863398,2271111.286784007,2255742.1242925352,2240319.600517421,2224841.0579554588,2209303.777959746,2193704.97918992,2178041.8160237223,2162311.3769289553,2146510.682794799,2130636.6852215184]],"stack":null}
[2026-03-04T06:40:00.196Z] {"timestamp":1772606398636,"level":"LOG","args":["[DEBUG] IRR calculated:","0.03017888385735712","as percentage:","3.02%"],"stack":null}
[2026-03-04T06:40:00.196Z] {"timestamp":1772606398636,"level":"LOG","args":["[DEBUG SENSITIVITY] Matrix minIrr:","0.03017888385735712","maxIrr:","0.07177519955991235","minIrr%:","3.02","maxIrr%:","7.18"],"stack":null}
[2026-03-04T06:40:00.196Z] {"timestamp":1772606398761,"level":"LOG","args":["[DEBUG] IRR cashFlows:",[-21030146,2347245.6,2332105.4176000003,2316924.2959296005,2301699.8612458818,2286429.685863398,2271111.286784007,2255742.1242925352,2240319.600517421,2224841.0579554588,2209303.777959746,2193704.97918992,2178041.8160237223,2162311.3769289553,2146510.682794799,2130636.6852215184]],"stack":null}
[2026-03-04T06:40:00.196Z] {"timestamp":1772606398762,"level":"LOG","args":["[DEBUG] IRR calculated:","0.0664905340913465","as percentage:","6.65%"],"stack":null}
[2026-03-04T06:40:00.196Z] {"timestamp":1772606398762,"level":"LOG","args":["[DEBUG] IRR cashFlows:",[-17638783,2347245.6,2332105.4176000003,2316924.2959296005,2301699.8612458818,2286429.685863398,2271111.286784007,2255742.1242925352,2240319.600517421,2224841.0579554588,2209303.777959746,2193704.97918992,2178041.8160237223,2162311.3769289553,2146510.682794799,2130636.6852215184]],"stack":null}
[2026-03-04T06:40:00.196Z] {"timestamp":1772606398763,"level":"LOG","args":["[DEBUG] IRR calculated:","0.0959290230879847","as percentage:","9.59%"],"stack":null}
[2026-03-04T06:40:00.196Z] {"timestamp":1772606398763,"level":"LOG","args":["[DEBUG SENSITIVITY] First cell (6kV, 1km):",{"lcoe":112.03280677180105,"irr":0.0959290230879847,"irrPercent":"9.59"}],"stack":null}
[2026-03-04T06:40:00.196Z] {"timestamp":1772606398764,"level":"LOG","args":["[DEBUG] IRR cashFlows:",[-17675583,2347245.6,2332105.4176000003,2316924.2959296005,2301699.8612458818,2286429.685863398,2271111.286784007,2255742.1242925352,2240319.600517421,2224841.0579554588,2209303.777959746,2193704.97918992,2178041.8160237223,2162311.3769289553,2146510.682794799,2130636.6852215184]],"stack":null}
[2026-03-04T06:40:00.196Z] {"timestamp":1772606398764,"level":"LOG","args":["[DEBUG] IRR calculated:","0.09556238425094186","as percentage:","9.56%"],"stack":null}
[2026-03-04T06:40:00.196Z] {"timestamp":1772606398765,"level":"LOG","args":["[DEBUG] IRR cashFlows:",[-17727333,2347245.6,2332105.4176000003,2316924.2959296005,2301699.8612458818,2286429.685863398,2271111.286784007,2255742.1242925352,2240319.600517421,2224841.0579554588,2209303.777959746,2193704.97918992,2178041.8160237223,2162311.3769289553,2146510.682794799,2130636.6852215184]],"stack":null}
[2026-03-04T06:40:00.196Z] {"timestamp":1772606398765,"level":"LOG","args":["[DEBUG] IRR calculated:","0.09504885047008917","as percentage:","9.50%"],"stack":null}
[2026-03-04T06:40:00.196Z] {"timestamp":1772606398765,"level":"LOG","args":["[DEBUG] IRR cashFlows:",[-17803808,2347245.6,2332105.4176000003,2316924.2959296005,2301699.8612458818,2286429.685863398,2271111.286784007,2255742.1242925352,2240319.600517421,2224841.0579554588,2209303.777959746,2193704.97918992,2178041.8160237223,2162311.3769289553,2146510.682794799,2130636.6852215184]],"stack":null}
[2026-03-04T06:40:00.196Z] {"timestamp":1772606398766,"level":"LOG","args":["[DEBUG] IRR calculated:","0.09429431518476468","as percentage:","9.43%"],"stack":null}
[2026-03-04T06:40:00.196Z] {"timestamp":1772606398766,"level":"LOG","args":["[DEBUG] IRR cashFlows:",[-17937783,2347245.6,2332105.4176000003,2316924.2959296005,2301699.8612458818,2286429.685863398,2271111.286784007,2255742.1242925352,2240319.600517421,2224841.0579554588,2209303.777959746,2193704.97918992,2178041.8160237223,2162311.3769289553,2146510.682794799,2130636.6852215184]],"stack":null}
[2026-03-04T06:40:00.196Z] {"timestamp":1772606398767,"level":"LOG","args":["[DEBUG] IRR calculated:","0.0929848081936112","as percentage:","9.30%"],"stack":null}
[2026-03-04T06:40:00.196Z] {"timestamp":1772606398767,"level":"LOG","args":["[DEBUG] IRR cashFlows:",[-18136733,2347245.6,2332105.4176000003,2316924.2959296005,2301699.8612458818,2286429.685863398,2271111.286784007,2255742.1242925352,2240319.600517421,2224841.0579554588,2209303.777959746,2193704.97918992,2178041.8160237223,2162311.3769289553,2146510.682794799,2130636.6852215184]],"stack":null}
[2026-03-04T06:40:00.196Z] {"timestamp":1772606398767,"level":"LOG","args":["[DEBUG] IRR calculated:","0.09106861980279216","as percentage:","9.11%"],"stack":null}
[2026-03-04T06:40:00.196Z] {"timestamp":1772606398768,"level":"LOG","args":["[DEBUG] IRR cashFlows:",[-17875283,2347245.6,2332105.4176000003,2316924.2959296005,2301699.8612458818,2286429.685863398,2271111.286784007,2255742.1242925352,2240319.600517421,2224841.0579554588,2209303.777959746,2193704.97918992,2178041.8160237223,2162311.3769289553,2146510.682794799,2130636.6852215184]],"stack":null}
[2026-03-04T06:40:00.196Z] {"timestamp":1772606398768,"level":"LOG","args":["[DEBUG] IRR calculated:","0.09359375826249076","as percentage:","9.36%"],"stack":null}
[2026-03-04T06:40:00.196Z] {"timestamp":1772606398769,"level":"LOG","args":["[DEBUG] IRR cashFlows:",[-17946583,2347245.6,2332105.4176000003,2316924.2959296005,2301699.8612458818,2286429.685863398,2271111.286784007,2255742.1242925352,2240319.600517421,2224841.0579554588,2209303.777959746,2193704.97918992,2178041.8160237223,2162311.3769289553,2146510.682794799,2130636.6852215184]],"stack":null}
[2026-03-04T06:40:00.196Z] {"timestamp":1772606398769,"level":"LOG","args":["[DEBUG] IRR calculated:","0.09289933869826353","as percentage:","9.29%"],"stack":null}
[2026-03-04T06:40:00.196Z] {"timestamp":1772606398769,"level":"LOG","args":["[DEBUG] IRR cashFlows:",[-18044333,2347245.6,2332105.4176000003,2316924.2959296005,2301699.8612458818,2286429.685863398,2271111.286784007,2255742.1242925352,2240319.600517421,2224841.0579554588,2209303.777959746,2193704.97918992,2178041.8160237223,2162311.3769289553,2146510.682794799,2130636.6852215184]],"stack":null}
[2026-03-04T06:40:00.196Z] {"timestamp":1772606398770,"level":"LOG","args":["[DEBUG] IRR calculated:","0.09195440156503831","as percentage:","9.20%"],"stack":null}
[2026-03-04T06:40:00.196Z] {"timestamp":1772606398770,"level":"LOG","args":["[DEBUG] IRR cashFlows:",[-18189808,2347245.6,2332105.4176000003,2316924.2959296005,2301699.8612458818,2286429.685863398,2271111.286784007,2255742.1242925352,2240319.600517421,2224841.0579554588,2209303.777959746,2193704.97918992,2178041.8160237223,2162311.3769289553,2146510.682794799,2130636.6852215184]],"stack":null}
[2026-03-04T06:40:00.196Z] {"timestamp":1772606398771,"level":"LOG","args":["[DEBUG] IRR calculated:","0.09056305057939058","as percentage:","9.06%"],"stack":null}
[2026-03-04T06:40:00.196Z] {"timestamp":1772606398771,"level":"LOG","args":["[DEBUG] IRR cashFlows:",[-18438783,2347245.6,2332105.4176000003,2316924.2959296005,2301699.8612458818,2286429.685863398,2271111.286784007,2255742.1242925352,2240319.600517421,2224841.0579554588,2209303.777959746,2193704.97918992,2178041.8160237223,2162311.3769289553,2146510.682794799,2130636.6852215184]],"stack":null}
[2026-03-04T06:40:00.196Z] {"timestamp":1772606398772,"level":"LOG","args":["[DEBUG] IRR calculated:","0.0882222428373223","as percentage:","8.82%"],"stack":null}
[2026-03-04T06:40:00.196Z] {"timestamp":1772606398772,"level":"LOG","args":["[DEBUG] IRR cashFlows:",[-18798733,2347245.6,2332105.4176000003,2316924.2959296005,2301699.8612458818,2286429.685863398,2271111.286784007,2255742.1242925352,2240319.600517421,2224841.0579554588,2209303.777959746,2193704.97918992,2178041.8160237223,2162311.3769289553,2146510.682794799,2130636.6852215184]],"stack":null}
[2026-03-04T06:40:00.196Z] {"timestamp":1772606398773,"level":"LOG","args":["[DEBUG] IRR calculated:","0.08492497421030858","as percentage:","8.49%"],"stack":null}
[2026-03-04T06:40:00.196Z] {"timestamp":1772606398773,"level":"LOG","args":["[DEBUG] IRR cashFlows:",[-18111783,2347245.6,2332105.4176000003,2316924.2959296005,2301699.8612458818,2286429.685863398,2271111.286784007,2255742.1242925352,2240319.600517421,2224841.0579554588,2209303.777959746,2193704.97918992,2178041.8160237223,2162311.3769289553,2146510.682794799,2130636.6852215184]],"stack":null}
[2026-03-04T06:40:00.196Z] {"timestamp":1772606398773,"level":"LOG","args":["[DEBUG] IRR calculated:","0.09130709367182735","as percentage:","9.13%"],"stack":null}
[2026-03-04T06:40:00.196Z] {"timestamp":1772606398774,"level":"LOG","args":["[DEBUG] IRR cashFlows:",[-18217583,2347245.6,2332105.4176000003,2316924.2959296005,2301699.8612458818,2286429.685863398,2271111.286784007,2255742.1242925352,2240319.600517421,2224841.0579554588,2209303.777959746,2193704.97918992,2178041.8160237223,2162311.3769289553,2146510.682794799,2130636.6852215184]],"stack":null}
[2026-03-04T06:40:00.196Z] {"timestamp":1772606398774,"level":"LOG","args":["[DEBUG] IRR calculated:","0.09029940867969688","as percentage:","9.03%"],"stack":null}
[2026-03-04T06:40:00.196Z] {"timestamp":1772606398775,"level":"LOG","args":["[DEBUG] IRR cashFlows:",[-18361333,2347245.6,2332105.4176000003,2316924.2959296005,2301699.8612458818,2286429.685863398,2271111.286784007,2255742.1242925352,2240319.600517421,2224841.0579554588,2209303.777959746,2193704.97918992,2178041.8160237223,2162311.3769289553,2146510.682794799,2130636.6852215184]],"stack":null}
[2026-03-04T06:40:00.196Z] {"timestamp":1772606398775,"level":"LOG","args":["[DEBUG] IRR calculated:","0.0889450278402187","as percentage:","8.89%"],"stack":null}
[2026-03-04T06:40:00.196Z] {"timestamp":1772606398775,"level":"LOG","args":["[DEBUG] IRR cashFlows:",[-18575808,2347245.6,2332105.4176000003,2316924.2959296005,2301699.8612458818,2286429.685863398,2271111.286784007,2255742.1242925352,2240319.600517421,2224841.0579554588,2209303.777959746,2193704.97918992,2178041.8160237223,2162311.3769289553,2146510.682794799,2130636.6852215184]],"stack":null}
[2026-03-04T06:40:00.196Z] {"timestamp":1772606398776,"level":"LOG","args":["[DEBUG] IRR calculated:","0.08695516666890253","as percentage:","8.70%"],"stack":null}
[2026-03-04T06:40:00.196Z] {"timestamp":1772606398777,"level":"LOG","args":["[DEBUG] IRR cashFlows:",[-18939783,2347245.6,2332105.4176000003,2316924.2959296005,2301699.8612458818,2286429.685863398,2271111.286784007,2255742.1242925352,2240319.600517421,2224841.0579554588,2209303.777959746,2193704.97918992,2178041.8160237223,2162311.3769289553,2146510.682794799,2130636.6852215184]],"stack":null}
[2026-03-04T06:40:00.196Z] {"timestamp":1772606398777,"level":"LOG","args":["[DEBUG] IRR calculated:","0.08365990081454792","as percentage:","8.37%"],"stack":null}
[2026-03-04T06:40:00.196Z] {"timestamp":1772606398777,"level":"LOG","args":["[DEBUG] IRR cashFlows:",[-19460733,2347245.6,2332105.4176000003,2316924.2959296005,2301699.8612458818,2286429.685863398,2271111.286784007,2255742.1242925352,2240319.600517421,2224841.0579554588,2209303.777959746,2193704.97918992,2178041.8160237223,2162311.3769289553,2146510.682794799,2130636.6852215184]],"stack":null}
[2026-03-04T06:40:00.196Z] {"timestamp":1772606398778,"level":"LOG","args":["[DEBUG] IRR calculated:","0.07911288004162671","as percentage:","7.91%"],"stack":null}
[2026-03-04T06:40:00.196Z] {"timestamp":1772606398778,"level":"LOG","args":["[DEBUG] IRR cashFlows:",[-18348283,2347245.6,2332105.4176000003,2316924.2959296005,2301699.8612458818,2286429.685863398,2271111.286784007,2255742.1242925352,2240319.600517421,2224841.0579554588,2209303.777959746,2193704.97918992,2178041.8160237223,2162311.3769289553,2146510.682794799,2130636.6852215184]],"stack":null}
[2026-03-04T06:40:00.196Z] {"timestamp":1772606398779,"level":"LOG","args":["[DEBUG] IRR calculated:","0.08906728879990865","as percentage:","8.91%"],"stack":null}
[2026-03-04T06:40:00.196Z] {"timestamp":1772606398779,"level":"LOG","args":["[DEBUG] IRR cashFlows:",[-18488583,2347245.6,2332105.4176000003,2316924.2959296005,2301699.8612458818,2286429.685863398,2271111.286784007,2255742.1242925352,2240319.600517421,2224841.0579554588,2209303.777959746,2193704.97918992,2178041.8160237223,2162311.3769289553,2146510.682794799,2130636.6852215184]],"stack":null}
[2026-03-04T06:40:00.196Z] {"timestamp":1772606398780,"level":"LOG","args":["[DEBUG] IRR calculated:","0.08776002472799377","as percentage:","8.78%"],"stack":null}
[2026-03-04T06:40:00.196Z] {"timestamp":1772606398780,"level":"LOG","args":["[DEBUG] IRR cashFlows:",[-18678333,2347245.6,2332105.4176000003,2316924.2959296005,2301699.8612458818,2286429.685863398,2271111.286784007,2255742.1242925352,2240319.600517421,2224841.0579554588,2209303.777959746,2193704.97918992,2178041.8160237223,2162311.3769289553,2146510.682794799,2130636.6852215184]],"stack":null}
[2026-03-04T06:40:00.196Z] {"timestamp":1772606398780,"level":"LOG","args":["[DEBUG] IRR calculated:","0.08601672115621882","as percentage:","8.60%"],"stack":null}
[2026-03-04T06:40:00.196Z] {"timestamp":1772606398781,"level":"LOG","args":["[DEBUG] IRR cashFlows:",[-18961808,2347245.6,2332105.4176000003,2316924.2959296005,2301699.8612458818,2286429.685863398,2271111.286784007,2255742.1242925352,2240319.600517421,2224841.0579554588,2209303.777959746,2193704.97918992,2178041.8160237223,2162311.3769289553,2146510.682794799,2130636.6852215184]],"stack":null}
[2026-03-04T06:40:00.196Z] {"timestamp":1772606398781,"level":"LOG","args":["[DEBUG] IRR calculated:","0.08346369640958881","as percentage:","8.35%"],"stack":null}
[2026-03-04T06:40:00.196Z] {"timestamp":1772606398782,"level":"LOG","args":["[DEBUG] IRR cashFlows:",[-19440783,2347245.6,2332105.4176000003,2316924.2959296005,2301699.8612458818,2286429.685863398,2271111.286784007,2255742.1242925352,2240319.600517421,2224841.0579554588,2209303.777959746,2193704.97918992,2178041.8160237223,2162311.3769289553,2146510.682794799,2130636.6852215184]],"stack":null}
[2026-03-04T06:40:00.196Z] {"timestamp":1772606398782,"level":"LOG","args":["[DEBUG] IRR calculated:","0.07928348707007864","as percentage:","7.93%"],"stack":null}
[2026-03-04T06:40:00.196Z] {"timestamp":1772606398782,"level":"LOG","args":["[DEBUG] IRR cashFlows:",[-20122733,2347245.6,2332105.4176000003,2316924.2959296005,2301699.8612458818,2286429.685863398,2271111.286784007,2255742.1242925352,2240319.600517421,2224841.0579554588,2209303.777959746,2193704.97918992,2178041.8160237223,2162311.3769289553,2146510.682794799,2130636.6852215184]],"stack":null}
[2026-03-04T06:40:00.196Z] {"timestamp":1772606398783,"level":"LOG","args":["[DEBUG] IRR calculated:","0.07360217249869509","as percentage:","7.36%"],"stack":null}
[2026-03-04T06:40:00.196Z] {"timestamp":1772606398783,"level":"LOG","args":["[DEBUG] IRR cashFlows:",[-18584783,2347245.6,2332105.4176000003,2316924.2959296005,2301699.8612458818,2286429.685863398,2271111.286784007,2255742.1242925352,2240319.600517421,2224841.0579554588,2209303.777959746,2193704.97918992,2178041.8160237223,2162311.3769289553,2146510.682794799,2130636.6852215184]],"stack":null}
[2026-03-04T06:40:00.196Z] {"timestamp":1772606398784,"level":"LOG","args":["[DEBUG] IRR calculated:","0.0868726894283089","as percentage:","8.69%"],"stack":null}
[2026-03-04T06:40:00.196Z] {"timestamp":1772606398784,"level":"LOG","args":["[DEBUG] IRR cashFlows:",[-18759583,2347245.6,2332105.4176000003,2316924.2959296005,2301699.8612458818,2286429.685863398,2271111.286784007,2255742.1242925352,2240319.600517421,2224841.0579554588,2209303.777959746,2193704.97918992,2178041.8160237223,2162311.3769289553,2146510.682794799,2130636.6852215184]],"stack":null}
[2026-03-04T06:40:00.196Z] {"timestamp":1772606398785,"level":"LOG","args":["[DEBUG] IRR calculated:","0.0852787619443814","as percentage:","8.53%"],"stack":null}
[2026-03-04T06:40:00.196Z] {"timestamp":1772606398785,"level":"LOG","args":["[DEBUG] IRR cashFlows:",[-18995333,2347245.6,2332105.4176000003,2316924.2959296005,2301699.8612458818,2286429.685863398,2271111.286784007,2255742.1242925352,2240319.600517421,2224841.0579554588,2209303.777959746,2193704.97918992,2178041.8160237223,2162311.3769289553,2146510.682794799,2130636.6852215184]],"stack":null}
[2026-03-04T06:40:00.196Z] {"timestamp":1772606398786,"level":"LOG","args":["[DEBUG] IRR calculated:","0.08316573376093771","as percentage:","8.32%"],"stack":null}
[2026-03-04T06:40:00.196Z] {"timestamp":1772606398786,"level":"LOG","args":["[DEBUG] IRR cashFlows:",[-19347808,2347245.6,2332105.4176000003,2316924.2959296005,2301699.8612458818,2286429.685863398,2271111.286784007,2255742.1242925352,2240319.600517421,2224841.0579554588,2209303.777959746,2193704.97918992,2178041.8160237223,2162311.3769289553,2146510.682794799,2130636.6852215184]],"stack":null}
[2026-03-04T06:40:00.196Z] {"timestamp":1772606398786,"level":"LOG","args":["[DEBUG] IRR calculated:","0.08008221344622363","as percentage:","8.01%"],"stack":null}
[2026-03-04T06:40:00.196Z] {"timestamp":1772606398787,"level":"LOG","args":["[DEBUG] IRR cashFlows:",[-19941783,2347245.6,2332105.4176000003,2316924.2959296005,2301699.8612458818,2286429.685863398,2271111.286784007,2255742.1242925352,2240319.600517421,2224841.0579554588,2209303.777959746,2193704.97918992,2178041.8160237223,2162311.3769289553,2146510.682794799,2130636.6852215184]],"stack":null}
[2026-03-04T06:40:00.196Z] {"timestamp":1772606398787,"level":"LOG","args":["[DEBUG] IRR calculated:","0.07508010185333176","as percentage:","7.51%"],"stack":null}
[2026-03-04T06:40:00.196Z] {"timestamp":1772606398788,"level":"LOG","args":["[DEBUG] IRR cashFlows:",[-20784733,2347245.6,2332105.4176000003,2316924.2959296005,2301699.8612458818,2286429.685863398,2271111.286784007,2255742.1242925352,2240319.600517421,2224841.0579554588,2209303.777959746,2193704.97918992,2178041.8160237223,2162311.3769289553,2146510.682794799,2130636.6852215184]],"stack":null}
[2026-03-04T06:40:00.196Z] {"timestamp":1772606398789,"level":"LOG","args":["[DEBUG] IRR calculated:","0.06836641314888602","as percentage:","6.84%"],"stack":null}
[2026-03-04T06:40:00.196Z] {"timestamp":1772606398789,"level":"LOG","args":["[DEBUG] IRR cashFlows:",[-18821283,2347245.6,2332105.4176000003,2316924.2959296005,2301699.8612458818,2286429.685863398,2271111.286784007,2255742.1242925352,2240319.600517421,2224841.0579554588,2209303.777959746,2193704.97918992,2178041.8160237223,2162311.3769289553,2146510.682794799,2130636.6852215184]],"stack":null}
[2026-03-04T06:40:00.196Z] {"timestamp":1772606398790,"level":"LOG","args":["[DEBUG] IRR calculated:","0.08472172224006823","as percentage:","8.47%"],"stack":null}
[2026-03-04T06:40:00.196Z] {"timestamp":1772606398790,"level":"LOG","args":["[DEBUG] IRR cashFlows:",[-19030583,2347245.6,2332105.4176000003,2316924.2959296005,2301699.8612458818,2286429.685863398,2271111.286784007,2255742.1242925352,2240319.600517421,2224841.0579554588,2209303.777959746,2193704.97918992,2178041.8160237223,2162311.3769289553,2146510.682794799,2130636.6852215184]],"stack":null}
[2026-03-04T06:40:00.196Z] {"timestamp":1772606398791,"level":"LOG","args":["[DEBUG] IRR calculated:","0.08285332975749525","as percentage:","8.29%"],"stack":null}
[2026-03-04T06:40:00.196Z] {"timestamp":1772606398791,"level":"LOG","args":["[DEBUG] IRR cashFlows:",[-19312333,2347245.6,2332105.4176000003,2316924.2959296005,2301699.8612458818,2286429.685863398,2271111.286784007,2255742.1242925352,2240319.600517421,2224841.0579554588,2209303.777959746,2193704.97918992,2178041.8160237223,2162311.3769289553,2146510.682794799,2130636.6852215184]],"stack":null}
[2026-03-04T06:40:00.196Z] {"timestamp":1772606398792,"level":"LOG","args":["[DEBUG] IRR calculated:","0.08038855703782863","as percentage:","8.04%"],"stack":null}
[2026-03-04T06:40:00.196Z] {"timestamp":1772606398792,"level":"LOG","args":["[DEBUG] IRR cashFlows:",[-19733808,2347245.6,2332105.4176000003,2316924.2959296005,2301699.8612458818,2286429.685863398,2271111.286784007,2255742.1242925352,2240319.600517421,2224841.0579554588,2209303.777959746,2193704.97918992,2178041.8160237223,2162311.3769289553,2146510.682794799,2130636.6852215184]],"stack":null}
[2026-03-04T06:40:00.196Z] {"timestamp":1772606398793,"level":"LOG","args":["[DEBUG] IRR calculated:","0.07680477956177542","as percentage:","7.68%"],"stack":null}
[2026-03-04T06:40:00.196Z] {"timestamp":1772606398793,"level":"LOG","args":["[DEBUG] IRR cashFlows:",[-20442783,2347245.6,2332105.4176000003,2316924.2959296005,2301699.8612458818,2286429.685863398,2271111.286784007,2255742.1242925352,2240319.600517421,2224841.0579554588,2209303.777959746,2193704.97918992,2178041.8160237223,2162311.3769289553,2146510.682794799,2130636.6852215184]],"stack":null}
[2026-03-04T06:40:00.196Z] {"timestamp":1772606398794,"level":"LOG","args":["[DEBUG] IRR calculated:","0.07103807100148214","as percentage:","7.10%"],"stack":null}
[2026-03-04T06:40:00.196Z] {"timestamp":1772606398794,"level":"LOG","args":["[DEBUG] IRR cashFlows:",[-21446733,2347245.6,2332105.4176000003,2316924.2959296005,2301699.8612458818,2286429.685863398,2271111.286784007,2255742.1242925352,2240319.600517421,2224841.0579554588,2209303.777959746,2193704.97918992,2178041.8160237223,2162311.3769289553,2146510.682794799,2130636.6852215184]],"stack":null}
[2026-03-04T06:40:00.196Z] {"timestamp":1772606398795,"level":"LOG","args":["[DEBUG] IRR calculated:","0.06338231994045529","as percentage:","6.34%"],"stack":null}
[2026-03-04T06:40:00.196Z] {"timestamp":1772606398795,"level":"LOG","args":["[DEBUG] IRR cashFlows:",[-19057783,2347245.6,2332105.4176000003,2316924.2959296005,2301699.8612458818,2286429.685863398,2271111.286784007,2255742.1242925352,2240319.600517421,2224841.0579554588,2209303.777959746,2193704.97918992,2178041.8160237223,2162311.3769289553,2146510.682794799,2130636.6852215184]],"stack":null}
[2026-03-04T06:40:00.196Z] {"timestamp":1772606398795,"level":"LOG","args":["[DEBUG] IRR calculated:","0.08261288982734827","as percentage:","8.26%"],"stack":null}
[2026-03-04T06:40:00.196Z] {"timestamp":1772606398796,"level":"LOG","args":["[DEBUG] IRR cashFlows:",[-19301583,2347245.6,2332105.4176000003,2316924.2959296005,2301699.8612458818,2286429.685863398,2271111.286784007,2255742.1242925352,2240319.600517421,2224841.0579554588,2209303.777959746,2193704.97918992,2178041.8160237223,2162311.3769289553,2146510.682794799,2130636.6852215184]],"stack":null}
[2026-03-04T06:40:00.196Z] {"timestamp":1772606398796,"level":"LOG","args":["[DEBUG] IRR calculated:","0.08048156254919872","as percentage:","8.05%"],"stack":null}
[2026-03-04T06:40:00.196Z] {"timestamp":1772606398797,"level":"LOG","args":["[DEBUG] IRR cashFlows:",[-19629333,2347245.6,2332105.4176000003,2316924.2959296005,2301699.8612458818,2286429.685863398,2271111.286784007,2255742.1242925352,2240319.600517421,2224841.0579554588,2209303.777959746,2193704.97918992,2178041.8160237223,2162311.3769289553,2146510.682794799,2130636.6852215184]],"stack":null}
[2026-03-04T06:40:00.196Z] {"timestamp":1772606398797,"level":"LOG","args":["[DEBUG] IRR calculated:","0.07768190232243898","as percentage:","7.77%"],"stack":null}
[2026-03-04T06:40:00.196Z] {"timestamp":1772606398797,"level":"LOG","args":["[DEBUG] IRR cashFlows:",[-20119808,2347245.6,2332105.4176000003,2316924.2959296005,2301699.8612458818,2286429.685863398,2271111.286784007,2255742.1242925352,2240319.600517421,2224841.0579554588,2209303.777959746,2193704.97918992,2178041.8160237223,2162311.3769289553,2146510.682794799,2130636.6852215184]],"stack":null}
[2026-03-04T06:40:00.196Z] {"timestamp":1772606398798,"level":"LOG","args":["[DEBUG] IRR calculated:","0.07362589819927608","as percentage:","7.36%"],"stack":null}
[2026-03-04T06:40:00.196Z] {"timestamp":1772606398798,"level":"LOG","args":["[DEBUG] IRR cashFlows:",[-20943783,2347245.6,2332105.4176000003,2316924.2959296005,2301699.8612458818,2286429.685863398,2271111.286784007,2255742.1242925352,2240319.600517421,2224841.0579554588,2209303.777959746,2193704.97918992,2178041.8160237223,2162311.3769289553,2146510.682794799,2130636.6852215184]],"stack":null}
[2026-03-04T06:40:00.196Z] {"timestamp":1772606398799,"level":"LOG","args":["[DEBUG] IRR calculated:","0.06714680065020391","as percentage:","6.71%"],"stack":null}
[2026-03-04T06:40:00.196Z] {"timestamp":1772606398799,"level":"LOG","args":["[DEBUG] IRR cashFlows:",[-22108733,2347245.6,2332105.4176000003,2316924.2959296005,2301699.8612458818,2286429.685863398,2271111.286784007,2255742.1242925352,2240319.600517421,2224841.0579554588,2209303.777959746,2193704.97918992,2178041.8160237223,2162311.3769289553,2146510.682794799,2130636.6852215184]],"stack":null}
[2026-03-04T06:40:00.196Z] {"timestamp":1772606398799,"level":"LOG","args":["[DEBUG] IRR calculated:","0.05862929976787422","as percentage:","5.86%"],"stack":null}
[2026-03-04T06:40:00.196Z] {"timestamp":1772606398800,"level":"LOG","args":["[DEBUG] IRR cashFlows:",[-19294283,2347245.6,2332105.4176000003,2316924.2959296005,2301699.8612458818,2286429.685863398,2271111.286784007,2255742.1242925352,2240319.600517421,2224841.0579554588,2209303.777959746,2193704.97918992,2178041.8160237223,2162311.3769289553,2146510.682794799,2130636.6852215184]],"stack":null}
[2026-03-04T06:40:00.196Z] {"timestamp":1772606398800,"level":"LOG","args":["[DEBUG] IRR calculated:","0.08054476606796021","as percentage:","8.05%"],"stack":null}
[2026-03-04T06:40:00.196Z] {"timestamp":1772606398801,"level":"LOG","args":["[DEBUG] IRR cashFlows:",[-19572583,2347245.6,2332105.4176000003,2316924.2959296005,2301699.8612458818,2286429.685863398,2271111.286784007,2255742.1242925352,2240319.600517421,2224841.0579554588,2209303.777959746,2193704.97918992,2178041.8160237223,2162311.3769289553,2146510.682794799,2130636.6852215184]],"stack":null}
[2026-03-04T06:40:00.196Z] {"timestamp":1772606398801,"level":"LOG","args":["[DEBUG] IRR calculated:","0.07816141106249691","as percentage:","7.82%"],"stack":null}
[2026-03-04T06:40:00.196Z] {"timestamp":1772606398801,"level":"LOG","args":["[DEBUG] IRR cashFlows:",[-19946333,2347245.6,2332105.4176000003,2316924.2959296005,2301699.8612458818,2286429.685863398,2271111.286784007,2255742.1242925352,2240319.600517421,2224841.0579554588,2209303.777959746,2193704.97918992,2178041.8160237223,2162311.3769289553,2146510.682794799,2130636.6852215184]],"stack":null}
[2026-03-04T06:40:00.196Z] {"timestamp":1772606398802,"level":"LOG","args":["[DEBUG] IRR calculated:","0.07504268355510506","as percentage:","7.50%"],"stack":null}
[2026-03-04T06:40:00.196Z] {"timestamp":1772606398802,"level":"LOG","args":["[DEBUG] IRR cashFlows:",[-20505808,2347245.6,2332105.4176000003,2316924.2959296005,2301699.8612458818,2286429.685863398,2271111.286784007,2255742.1242925352,2240319.600517421,2224841.0579554588,2209303.777959746,2193704.97918992,2178041.8160237223,2162311.3769289553,2146510.682794799,2130636.6852215184]],"stack":null}
[2026-03-04T06:40:00.196Z] {"timestamp":1772606398803,"level":"LOG","args":["[DEBUG] IRR calculated:","0.07054047324898431","as percentage:","7.05%"],"stack":null}
[2026-03-04T06:40:00.196Z] {"timestamp":1772606398803,"level":"LOG","args":["[DEBUG] IRR cashFlows:",[-21444783,2347245.6,2332105.4176000003,2316924.2959296005,2301699.8612458818,2286429.685863398,2271111.286784007,2255742.1242925352,2240319.600517421,2224841.0579554588,2209303.777959746,2193704.97918992,2178041.8160237223,2162311.3769289553,2146510.682794799,2130636.6852215184]],"stack":null}
[2026-03-04T06:40:00.196Z] {"timestamp":1772606398804,"level":"LOG","args":["[DEBUG] IRR calculated:","0.06339665234670645","as percentage:","6.34%"],"stack":null}
[2026-03-04T06:40:00.196Z] {"timestamp":1772606398804,"level":"LOG","args":["[DEBUG] IRR cashFlows:",[-22770733,2347245.6,2332105.4176000003,2316924.2959296005,2301699.8612458818,2286429.685863398,2271111.286784007,2255742.1242925352,2240319.600517421,2224841.0579554588,2209303.777959746,2193704.97918992,2178041.8160237223,2162311.3769289553,2146510.682794799,2130636.6852215184]],"stack":null}
[2026-03-04T06:40:00.196Z] {"timestamp":1772606398805,"level":"LOG","args":["[DEBUG] IRR calculated:","0.05408906258325664","as percentage:","5.41%"],"stack":null}
[2026-03-04T06:40:00.196Z] {"timestamp":1772606398805,"level":"LOG","args":["[DEBUG] IRR cashFlows:",[-19530783,2347245.6,2332105.4176000003,2316924.2959296005,2301699.8612458818,2286429.685863398,2271111.286784007,2255742.1242925352,2240319.600517421,2224841.0579554588,2209303.777959746,2193704.97918992,2178041.8160237223,2162311.3769289553,2146510.682794799,2130636.6852215184]],"stack":null}
[2026-03-04T06:40:00.196Z] {"timestamp":1772606398806,"level":"LOG","args":["[DEBUG] IRR calculated:","0.07851599183920836","as percentage:","7.85%"],"stack":null}
[2026-03-04T06:40:00.196Z] {"timestamp":1772606398806,"level":"LOG","args":["[DEBUG] IRR cashFlows:",[-19843583,2347245.6,2332105.4176000003,2316924.2959296005,2301699.8612458818,2286429.685863398,2271111.286784007,2255742.1242925352,2240319.600517421,2224841.0579554588,2209303.777959746,2193704.97918992,2178041.8160237223,2162311.3769289553,2146510.682794799,2130636.6852215184]],"stack":null}
[2026-03-04T06:40:00.196Z] {"timestamp":1772606398807,"level":"LOG","args":["[DEBUG] IRR calculated:","0.0758909345161126","as percentage:","7.59%"],"stack":null}
[2026-03-04T06:40:00.196Z] {"timestamp":1772606398807,"level":"LOG","args":["[DEBUG] IRR cashFlows:",[-20263333,2347245.6,2332105.4176000003,2316924.2959296005,2301699.8612458818,2286429.685863398,2271111.286784007,2255742.1242925352,2240319.600517421,2224841.0579554588,2209303.777959746,2193704.97918992,2178041.8160237223,2162311.3769289553,2146510.682794799,2130636.6852215184]],"stack":null}
[2026-03-04T06:40:00.196Z] {"timestamp":1772606398807,"level":"LOG","args":["[DEBUG] IRR calculated:","0.0724680015670124","as percentage:","7.25%"],"stack":null}
[2026-03-04T06:40:00.196Z] {"timestamp":1772606398808,"level":"LOG","args":["[DEBUG] IRR cashFlows:",[-20891808,2347245.6,2332105.4176000003,2316924.2959296005,2301699.8612458818,2286429.685863398,2271111.286784007,2255742.1242925352,2240319.600517421,2224841.0579554588,2209303.777959746,2193704.97918992,2178041.8160237223,2162311.3769289553,2146510.682794799,2130636.6852215184]],"stack":null}
[2026-03-04T06:40:00.196Z] {"timestamp":1772606398808,"level":"LOG","args":["[DEBUG] IRR calculated:","0.06754377241444802","as percentage:","6.75%"],"stack":null}
[2026-03-04T06:40:00.196Z] {"timestamp":1772606398809,"level":"LOG","args":["[DEBUG] IRR cashFlows:",[-21945783,2347245.6,2332105.4176000003,2316924.2959296005,2301699.8612458818,2286429.685863398,2271111.286784007,2255742.1242925352,2240319.600517421,2224841.0579554588,2209303.777959746,2193704.97918992,2178041.8160237223,2162311.3769289553,2146510.682794799,2130636.6852215184]],"stack":null}
[2026-03-04T06:40:00.196Z] {"timestamp":1772606398809,"level":"LOG","args":["[DEBUG] IRR calculated:","0.059778835282221277","as percentage:","5.98%"],"stack":null}
[2026-03-04T06:40:00.196Z] {"timestamp":1772606398809,"level":"LOG","args":["[DEBUG] IRR cashFlows:",[-23432733,2347245.6,2332105.4176000003,2316924.2959296005,2301699.8612458818,2286429.685863398,2271111.286784007,2255742.1242925352,2240319.600517421,2224841.0579554588,2209303.777959746,2193704.97918992,2178041.8160237223,2162311.3769289553,2146510.682794799,2130636.6852215184]],"stack":null}
[2026-03-04T06:40:00.196Z] {"timestamp":1772606398810,"level":"LOG","args":["[DEBUG] IRR calculated:","0.04974530083684897","as percentage:","4.97%"],"stack":null}
[2026-03-04T06:40:00.196Z] {"timestamp":1772606398810,"level":"LOG","args":["[DEBUG] IRR cashFlows:",[-19767283,2347245.6,2332105.4176000003,2316924.2959296005,2301699.8612458818,2286429.685863398,2271111.286784007,2255742.1242925352,2240319.600517421,2224841.0579554588,2209303.777959746,2193704.97918992,2178041.8160237223,2162311.3769289553,2146510.682794799,2130636.6852215184]],"stack":null}
[2026-03-04T06:40:00.196Z] {"timestamp":1772606398811,"level":"LOG","args":["[DEBUG] IRR calculated:","0.07652527104054792","as percentage:","7.65%"],"stack":null}
[2026-03-04T06:40:00.196Z] {"timestamp":1772606398811,"level":"LOG","args":["[DEBUG] IRR cashFlows:",[-20114583,2347245.6,2332105.4176000003,2316924.2959296005,2301699.8612458818,2286429.685863398,2271111.286784007,2255742.1242925352,2240319.600517421,2224841.0579554588,2209303.777959746,2193704.97918992,2178041.8160237223,2162311.3769289553,2146510.682794799,2130636.6852215184]],"stack":null}
[2026-03-04T06:40:00.196Z] {"timestamp":1772606398811,"level":"LOG","args":["[DEBUG] IRR calculated:","0.07366829335850247","as percentage:","7.37%"],"stack":null}
[2026-03-04T06:40:00.196Z] {"timestamp":1772606398812,"level":"LOG","args":["[DEBUG] IRR cashFlows:",[-20580333,2347245.6,2332105.4176000003,2316924.2959296005,2301699.8612458818,2286429.685863398,2271111.286784007,2255742.1242925352,2240319.600517421,2224841.0579554588,2209303.777959746,2193704.97918992,2178041.8160237223,2162311.3769289553,2146510.682794799,2130636.6852215184]],"stack":null}
[2026-03-04T06:40:00.196Z] {"timestamp":1772606398814,"level":"LOG","args":["[DEBUG] IRR calculated:","0.06995512982207716","as percentage:","7.00%"],"stack":null}
[2026-03-04T06:40:00.196Z] {"timestamp":1772606398815,"level":"LOG","args":["[DEBUG] IRR cashFlows:",[-21277808,2347245.6,2332105.4176000003,2316924.2959296005,2301699.8612458818,2286429.685863398,2271111.286784007,2255742.1242925352,2240319.600517421,2224841.0579554588,2209303.777959746,2193704.97918992,2178041.8160237223,2162311.3769289553,2146510.682794799,2130636.6852215184]],"stack":null}
[2026-03-04T06:40:00.196Z] {"timestamp":1772606398815,"level":"LOG","args":["[DEBUG] IRR calculated:","0.06463139457185055","as percentage:","6.46%"],"stack":null}
[2026-03-04T06:40:00.196Z] {"timestamp":1772606398816,"level":"LOG","args":["[DEBUG] IRR cashFlows:",[-22446783,2347245.6,2332105.4176000003,2316924.2959296005,2301699.8612458818,2286429.685863398,2271111.286784007,2255742.1242925352,2240319.600517421,2224841.0579554588,2209303.777959746,2193704.97918992,2178041.8160237223,2162311.3769289553,2146510.682794799,2130636.6852215184]],"stack":null}
[2026-03-04T06:40:00.196Z] {"timestamp":1772606398816,"level":"LOG","args":["[DEBUG] IRR calculated:","0.056285312952325264","as percentage:","5.63%"],"stack":null}
[2026-03-04T06:40:00.196Z] {"timestamp":1772606398816,"level":"LOG","args":["[DEBUG] IRR cashFlows:",[-24094733,2347245.6,2332105.4176000003,2316924.2959296005,2301699.8612458818,2286429.685863398,2271111.286784007,2255742.1242925352,2240319.600517421,2224841.0579554588,2209303.777959746,2193704.97918992,2178041.8160237223,2162311.3769289553,2146510.682794799,2130636.6852215184]],"stack":null}
[2026-03-04T06:40:00.196Z] {"timestamp":1772606398817,"level":"LOG","args":["[DEBUG] IRR calculated:","0.04558342162429064","as percentage:","4.56%"],"stack":null}
[2026-03-04T06:40:00.196Z] {"timestamp":1772606398817,"level":"LOG","args":["[DEBUG SENSITIVITY] Matrix minIrr:","0.04558342162429064","maxIrr:","0.0959290230879847","minIrr%:","4.56","maxIrr%:","9.59"],"stack":null}
[2026-03-04T06:40:00.196Z] {"timestamp":1772606398818,"level":"LOG","args":["[DEBUG] IRR cashFlows:",[-20052520,2347245.6,2332105.4176000003,2316924.2959296005,2301699.8612458818,2286429.685863398,2271111.286784007,2255742.1242925352,2240319.600517421,2224841.0579554588,2209303.777959746,2193704.97918992,2178041.8160237223,2162311.3769289553,2146510.682794799,2130636.6852215184]],"stack":null}
[2026-03-04T06:40:00.196Z] {"timestamp":1772606398819,"level":"LOG","args":["[DEBUG] IRR calculated:","0.0741731803149236","as percentage:","7.42%"],"stack":null}
[2026-03-04T06:40:00.196Z] {"timestamp":1772606398819,"level":"LOG","args":["[DEBUG] IRR cashFlows:",[-20349970,2347245.6,2332105.4176000003,2316924.2959296005,2301699.8612458818,2286429.685863398,2271111.286784007,2255742.1242925352,2240319.600517421,2224841.0579554588,2209303.777959746,2193704.97918992,2178041.8160237223,2162311.3769289553,2146510.682794799,2130636.6852215184]],"stack":null}
[2026-03-04T06:40:00.196Z] {"timestamp":1772606398819,"level":"LOG","args":["[DEBUG] IRR calculated:","0.07177519955991235","as percentage:","7.18%"],"stack":null}
[2026-03-04T06:40:00.196Z] {"timestamp":1772606398819,"level":"LOG","args":["[DEBUG SENSITIVITY] First cell (6kV, 1km):",{"lcoe":125.79290595909659,"irr":0.07177519955991235,"irrPercent":"7.18"}],"stack":null}
[2026-03-04T06:40:00.196Z] {"timestamp":1772606398820,"level":"LOG","args":["[DEBUG] IRR cashFlows:",[-20386770,2347245.6,2332105.4176000003,2316924.2959296005,2301699.8612458818,2286429.685863398,2271111.286784007,2255742.1242925352,2240319.600517421,2224841.0579554588,2209303.777959746,2193704.97918992,2178041.8160237223,2162311.3769289553,2146510.682794799,2130636.6852215184]],"stack":null}
[2026-03-04T06:40:00.196Z] {"timestamp":1772606398820,"level":"LOG","args":["[DEBUG] IRR calculated:","0.07148230806457223","as percentage:","7.15%"],"stack":null}
[2026-03-04T06:40:00.196Z] {"timestamp":1772606398820,"level":"LOG","args":["[DEBUG] IRR cashFlows:",[-20438520,2347245.6,2332105.4176000003,2316924.2959296005,2301699.8612458818,2286429.685863398,2271111.286784007,2255742.1242925352,2240319.600517421,2224841.0579554588,2209303.777959746,2193704.97918992,2178041.8160237223,2162311.3769289553,2146510.682794799,2130636.6852215184]],"stack":null}
[2026-03-04T06:40:00.196Z] {"timestamp":1772606398820,"level":"LOG","args":["[DEBUG] IRR calculated:","0.0710718143025396","as percentage:","7.11%"],"stack":null}
[2026-03-04T06:40:00.196Z] {"timestamp":1772606398821,"level":"LOG","args":["[DEBUG] IRR cashFlows:",[-20514995,2347245.6,2332105.4176000003,2316924.2959296005,2301699.8612458818,2286429.685863398,2271111.286784007,2255742.1242925352,2240319.600517421,2224841.0579554588,2209303.777959746,2193704.97918992,2178041.8160237223,2162311.3769289553,2146510.682794799,2130636.6852215184]],"stack":null}
[2026-03-04T06:40:00.196Z] {"timestamp":1772606398821,"level":"LOG","args":["[DEBUG] IRR calculated:","0.07046813757853714","as percentage:","7.05%"],"stack":null}
[2026-03-04T06:40:00.196Z] {"timestamp":1772606398821,"level":"LOG","args":["[DEBUG] IRR cashFlows:",[-20648970,2347245.6,2332105.4176000003,2316924.2959296005,2301699.8612458818,2286429.685863398,2271111.286784007,2255742.1242925352,2240319.600517421,2224841.0579554588,2209303.777959746,2193704.97918992,2178041.8160237223,2162311.3769289553,2146510.682794799,2130636.6852215184]],"stack":null}
[2026-03-04T06:40:00.196Z] {"timestamp":1772606398821,"level":"LOG","args":["[DEBUG] IRR calculated:","0.06941892935770343","as percentage:","6.94%"],"stack":null}
[2026-03-04T06:40:00.196Z] {"timestamp":1772606398822,"level":"LOG","args":["[DEBUG] IRR cashFlows:",[-20847920,2347245.6,2332105.4176000003,2316924.2959296005,2301699.8612458818,2286429.685863398,2271111.286784007,2255742.1242925352,2240319.600517421,2224841.0579554588,2209303.777959746,2193704.97918992,2178041.8160237223,2162311.3769289553,2146510.682794799,2130636.6852215184]],"stack":null}
[2026-03-04T06:40:00.196Z] {"timestamp":1772606398822,"level":"LOG","args":["[DEBUG] IRR calculated:","0.06788016749640302","as percentage:","6.79%"],"stack":null}
[2026-03-04T06:40:00.196Z] {"timestamp":1772606398822,"level":"LOG","args":["[DEBUG] IRR cashFlows:",[-20586470,2347245.6,2332105.4176000003,2316924.2959296005,2301699.8612458818,2286429.685863398,2271111.286784007,2255742.1242925352,2240319.600517421,2224841.0579554588,2209303.777959746,2193704.97918992,2178041.8160237223,2162311.3769289553,2146510.682794799,2130636.6852215184]],"stack":null}
[2026-03-04T06:40:00.196Z] {"timestamp":1772606398822,"level":"LOG","args":["[DEBUG] IRR calculated:","0.0699070741742143","as percentage:","6.99%"],"stack":null}
[2026-03-04T06:40:00.196Z] {"timestamp":1772606398822,"level":"LOG","args":["[DEBUG] IRR cashFlows:",[-20657770,2347245.6,2332105.4176000003,2316924.2959296005,2301699.8612458818,2286429.685863398,2271111.286784007,2255742.1242925352,2240319.600517421,2224841.0579554588,2209303.777959746,2193704.97918992,2178041.8160237223,2162311.3769289553,2146510.682794799,2130636.6852215184]],"stack":null}
[2026-03-04T06:40:00.196Z] {"timestamp":1772606398823,"level":"LOG","args":["[DEBUG] IRR calculated:","0.06935038224521867","as percentage:","6.94%"],"stack":null}
[2026-03-04T06:40:00.196Z] {"timestamp":1772606398823,"level":"LOG","args":["[DEBUG] IRR cashFlows:",[-20755520,2347245.6,2332105.4176000003,2316924.2959296005,2301699.8612458818,2286429.685863398,2271111.286784007,2255742.1242925352,2240319.600517421,2224841.0579554588,2209303.777959746,2193704.97918992,2178041.8160237223,2162311.3769289553,2146510.682794799,2130636.6852215184]],"stack":null}
[2026-03-04T06:40:00.196Z] {"timestamp":1772606398823,"level":"LOG","args":["[DEBUG] IRR calculated:","0.06859199042281805","as percentage:","6.86%"],"stack":null}
[2026-03-04T06:40:00.196Z] {"timestamp":1772606398823,"level":"LOG","args":["[DEBUG] IRR cashFlows:",[-20900995,2347245.6,2332105.4176000003,2316924.2959296005,2301699.8612458818,2286429.685863398,2271111.286784007,2255742.1242925352,2240319.600517421,2224841.0579554588,2209303.777959746,2193704.97918992,2178041.8160237223,2162311.3769289553,2146510.682794799,2130636.6852215184]],"stack":null}
[2026-03-04T06:40:00.196Z] {"timestamp":1772606398824,"level":"LOG","args":["[DEBUG] IRR calculated:","0.06747349355098918","as percentage:","6.75%"],"stack":null}
[2026-03-04T06:40:00.196Z] {"timestamp":1772606398824,"level":"LOG","args":["[DEBUG] IRR cashFlows:",[-21149970,2347245.6,2332105.4176000003,2316924.2959296005,2301699.8612458818,2286429.685863398,2271111.286784007,2255742.1242925352,2240319.600517421,2224841.0579554588,2209303.777959746,2193704.97918992,2178041.8160237223,2162311.3769289553,2146510.682794799,2130636.6852215184]],"stack":null}
[2026-03-04T06:40:00.196Z] {"timestamp":1772606398824,"level":"LOG","args":["[DEBUG] IRR calculated:","0.06558685445344957","as percentage:","6.56%"],"stack":null}
[2026-03-04T06:40:00.196Z] {"timestamp":1772606398824,"level":"LOG","args":["[DEBUG] IRR cashFlows:",[-21509920,2347245.6,2332105.4176000003,2316924.2959296005,2301699.8612458818,2286429.685863398,2271111.286784007,2255742.1242925352,2240319.600517421,2224841.0579554588,2209303.777959746,2193704.97918992,2178041.8160237223,2162311.3769289553,2146510.682794799,2130636.6852215184]],"stack":null}
[2026-03-04T06:40:00.196Z] {"timestamp":1772606398825,"level":"LOG","args":["[DEBUG] IRR calculated:","0.06291897990856639","as percentage:","6.29%"],"stack":null}
[2026-03-04T06:40:00.196Z] {"timestamp":1772606398825,"level":"LOG","args":["[DEBUG] IRR cashFlows:",[-20822970,2347245.6,2332105.4176000003,2316924.2959296005,2301699.8612458818,2286429.685863398,2271111.286784007,2255742.1242925352,2240319.600517421,2224841.0579554588,2209303.777959746,2193704.97918992,2178041.8160237223,2162311.3769289553,2146510.682794799,2130636.6852215184]],"stack":null}
[2026-03-04T06:40:00.196Z] {"timestamp":1772606398825,"level":"LOG","args":["[DEBUG] IRR calculated:","0.06807189383610872","as percentage:","6.81%"],"stack":null}
[2026-03-04T06:40:00.196Z] {"timestamp":1772606398825,"level":"LOG","args":["[DEBUG] IRR cashFlows:",[-20928770,2347245.6,2332105.4176000003,2316924.2959296005,2301699.8612458818,2286429.685863398,2271111.286784007,2255742.1242925352,2240319.600517421,2224841.0579554588,2209303.777959746,2193704.97918992,2178041.8160237223,2162311.3769289553,2146510.682794799,2130636.6852215184]],"stack":null}
[2026-03-04T06:40:00.196Z] {"timestamp":1772606398825,"level":"LOG","args":["[DEBUG] IRR calculated:","0.06726130973497234","as percentage:","6.73%"],"stack":null}
[2026-03-04T06:40:00.196Z] {"timestamp":1772606398826,"level":"LOG","args":["[DEBUG] IRR cashFlows:",[-21072520,2347245.6,2332105.4176000003,2316924.2959296005,2301699.8612458818,2286429.685863398,2271111.286784007,2255742.1242925352,2240319.600517421,2224841.0579554588,2209303.777959746,2193704.97918992,2178041.8160237223,2162311.3769289553,2146510.682794799,2130636.6852215184]],"stack":null}
[2026-03-04T06:40:00.196Z] {"timestamp":1772606398826,"level":"LOG","args":["[DEBUG] IRR calculated:","0.06617005552855004","as percentage:","6.62%"],"stack":null}
[2026-03-04T06:40:00.196Z] {"timestamp":1772606398826,"level":"LOG","args":["[DEBUG] IRR cashFlows:",[-21286995,2347245.6,2332105.4176000003,2316924.2959296005,2301699.8612458818,2286429.685863398,2271111.286784007,2255742.1242925352,2240319.600517421,2224841.0579554588,2209303.777959746,2193704.97918992,2178041.8160237223,2162311.3769289553,2146510.682794799,2130636.6852215184]],"stack":null}
[2026-03-04T06:40:00.196Z] {"timestamp":1772606398826,"level":"LOG","args":["[DEBUG] IRR calculated:","0.0645630715551585","as percentage:","6.46%"],"stack":null}
[2026-03-04T06:40:00.196Z] {"timestamp":1772606398827,"level":"LOG","args":["[DEBUG] IRR cashFlows:",[-21650970,2347245.6,2332105.4176000003,2316924.2959296005,2301699.8612458818,2286429.685863398,2271111.286784007,2255742.1242925352,2240319.600517421,2224841.0579554588,2209303.777959746,2193704.97918992,2178041.8160237223,2162311.3769289553,2146510.682794799,2130636.6852215184]],"stack":null}
[2026-03-04T06:40:00.196Z] {"timestamp":1772606398827,"level":"LOG","args":["[DEBUG] IRR calculated:","0.06189218671006957","as percentage:","6.19%"],"stack":null}
[2026-03-04T06:40:00.196Z] {"timestamp":1772606398827,"level":"LOG","args":["[DEBUG] IRR cashFlows:",[-22171920,2347245.6,2332105.4176000003,2316924.2959296005,2301699.8612458818,2286429.685863398,2271111.286784007,2255742.1242925352,2240319.600517421,2224841.0579554588,2209303.777959746,2193704.97918992,2178041.8160237223,2162311.3769289553,2146510.682794799,2130636.6852215184]],"stack":null}
[2026-03-04T06:40:00.196Z] {"timestamp":1772606398827,"level":"LOG","args":["[DEBUG] IRR calculated:","0.05818702567430743","as percentage:","5.82%"],"stack":null}
[2026-03-04T06:40:00.196Z] {"timestamp":1772606398827,"level":"LOG","args":["[DEBUG] IRR cashFlows:",[-21059470,2347245.6,2332105.4176000003,2316924.2959296005,2301699.8612458818,2286429.685863398,2271111.286784007,2255742.1242925352,2240319.600517421,2224841.0579554588,2209303.777959746,2193704.97918992,2178041.8160237223,2162311.3769289553,2146510.682794799,2130636.6852215184]],"stack":null}
[2026-03-04T06:40:00.196Z] {"timestamp":1772606398828,"level":"LOG","args":["[DEBUG] IRR calculated:","0.06626864791267574","as percentage:","6.63%"],"stack":null}
[2026-03-04T06:40:00.196Z] {"timestamp":1772606398828,"level":"LOG","args":["[DEBUG] IRR cashFlows:",[-21199770,2347245.6,2332105.4176000003,2316924.2959296005,2301699.8612458818,2286429.685863398,2271111.286784007,2255742.1242925352,2240319.600517421,2224841.0579554588,2209303.777959746,2193704.97918992,2178041.8160237223,2162311.3769289553,2146510.682794799,2130636.6852215184]],"stack":null}
[2026-03-04T06:40:00.196Z] {"timestamp":1772606398828,"level":"LOG","args":["[DEBUG] IRR calculated:","0.06521359458773965","as percentage:","6.52%"],"stack":null}
[2026-03-04T06:40:00.196Z] {"timestamp":1772606398828,"level":"LOG","args":["[DEBUG] IRR cashFlows:",[-21389520,2347245.6,2332105.4176000003,2316924.2959296005,2301699.8612458818,2286429.685863398,2271111.286784007,2255742.1242925352,2240319.600517421,2224841.0579554588,2209303.777959746,2193704.97918992,2178041.8160237223,2162311.3769289553,2146510.682794799,2130636.6852215184]],"stack":null}
[2026-03-04T06:40:00.196Z] {"timestamp":1772606398829,"level":"LOG","args":["[DEBUG] IRR calculated:","0.06380366768687845","as percentage:","6.38%"],"stack":null}
[2026-03-04T06:40:00.196Z] {"timestamp":1772606398829,"level":"LOG","args":["[DEBUG] IRR cashFlows:",[-21672995,2347245.6,2332105.4176000003,2316924.2959296005,2301699.8612458818,2286429.685863398,2271111.286784007,2255742.1242925352,2240319.600517421,2224841.0579554588,2209303.777959746,2193704.97918992,2178041.8160237223,2162311.3769289553,2146510.682794799,2130636.6852215184]],"stack":null}
[2026-03-04T06:40:00.196Z] {"timestamp":1772606398829,"level":"LOG","args":["[DEBUG] IRR calculated:","0.06173277934950446","as percentage:","6.17%"],"stack":null}
[2026-03-04T06:40:00.196Z] {"timestamp":1772606398829,"level":"LOG","args":["[DEBUG] IRR cashFlows:",[-22151970,2347245.6,2332105.4176000003,2316924.2959296005,2301699.8612458818,2286429.685863398,2271111.286784007,2255742.1242925352,2240319.600517421,2224841.0579554588,2209303.777959746,2193704.97918992,2178041.8160237223,2162311.3769289553,2146510.682794799,2130636.6852215184]],"stack":null}
[2026-03-04T06:40:00.196Z] {"timestamp":1772606398830,"level":"LOG","args":["[DEBUG] IRR calculated:","0.058326456314478206","as percentage:","5.83%"],"stack":null}
[2026-03-04T06:40:00.196Z] {"timestamp":1772606398830,"level":"LOG","args":["[DEBUG] IRR cashFlows:",[-22833920,2347245.6,2332105.4176000003,2316924.2959296005,2301699.8612458818,2286429.685863398,2271111.286784007,2255742.1242925352,2240319.600517421,2224841.0579554588,2209303.777959746,2193704.97918992,2178041.8160237223,2162311.3769289553,2146510.682794799,2130636.6852215184]],"stack":null}
[2026-03-04T06:40:00.196Z] {"timestamp":1772606398830,"level":"LOG","args":["[DEBUG] IRR calculated:","0.05366621689490417","as percentage:","5.37%"],"stack":null}
[2026-03-04T06:40:00.196Z] {"timestamp":1772606398830,"level":"LOG","args":["[DEBUG] IRR cashFlows:",[-21295970,2347245.6,2332105.4176000003,2316924.2959296005,2301699.8612458818,2286429.685863398,2271111.286784007,2255742.1242925352,2240319.600517421,2224841.0579554588,2209303.777959746,2193704.97918992,2178041.8160237223,2162311.3769289553,2146510.682794799,2130636.6852215184]],"stack":null}
[2026-03-04T06:40:00.196Z] {"timestamp":1772606398830,"level":"LOG","args":["[DEBUG] IRR calculated:","0.0644963689857477","as percentage:","6.45%"],"stack":null}
[2026-03-04T06:40:00.196Z] {"timestamp":1772606398831,"level":"LOG","args":["[DEBUG] IRR cashFlows:",[-21470770,2347245.6,2332105.4176000003,2316924.2959296005,2301699.8612458818,2286429.685863398,2271111.286784007,2255742.1242925352,2240319.600517421,2224841.0579554588,2209303.777959746,2193704.97918992,2178041.8160237223,2162311.3769289553,2146510.682794799,2130636.6852215184]],"stack":null}
[2026-03-04T06:40:00.196Z] {"timestamp":1772606398831,"level":"LOG","args":["[DEBUG] IRR calculated:","0.06320581353613193","as percentage:","6.32%"],"stack":null}
[2026-03-04T06:40:00.196Z] {"timestamp":1772606398831,"level":"LOG","args":["[DEBUG] IRR cashFlows:",[-21706520,2347245.6,2332105.4176000003,2316924.2959296005,2301699.8612458818,2286429.685863398,2271111.286784007,2255742.1242925352,2240319.600517421,2224841.0579554588,2209303.777959746,2193704.97918992,2178041.8160237223,2162311.3769289553,2146510.682794799,2130636.6852215184]],"stack":null}
[2026-03-04T06:40:00.196Z] {"timestamp":1772606398831,"level":"LOG","args":["[DEBUG] IRR calculated:","0.061490616557580056","as percentage:","6.15%"],"stack":null}
[2026-03-04T06:40:00.196Z] {"timestamp":1772606398832,"level":"LOG","args":["[DEBUG] IRR cashFlows:",[-22058995,2347245.6,2332105.4176000003,2316924.2959296005,2301699.8612458818,2286429.685863398,2271111.286784007,2255742.1242925352,2240319.600517421,2224841.0579554588,2209303.777959746,2193704.97918992,2178041.8160237223,2162311.3769289553,2146510.682794799,2130636.6852215184]],"stack":null}
[2026-03-04T06:40:00.196Z] {"timestamp":1772606398832,"level":"LOG","args":["[DEBUG] IRR calculated:","0.05897880004117877","as percentage:","5.90%"],"stack":null}
[2026-03-04T06:40:00.196Z] {"timestamp":1772606398832,"level":"LOG","args":["[DEBUG] IRR cashFlows:",[-22652970,2347245.6,2332105.4176000003,2316924.2959296005,2301699.8612458818,2286429.685863398,2271111.286784007,2255742.1242925352,2240319.600517421,2224841.0579554588,2209303.777959746,2193704.97918992,2178041.8160237223,2162311.3769289553,2146510.682794799,2130636.6852215184]],"stack":null}
[2026-03-04T06:40:00.196Z] {"timestamp":1772606398832,"level":"LOG","args":["[DEBUG] IRR calculated:","0.054881913002986935","as percentage:","5.49%"],"stack":null}
[2026-03-04T06:40:00.196Z] {"timestamp":1772606398832,"level":"LOG","args":["[DEBUG] IRR cashFlows:",[-23495920,2347245.6,2332105.4176000003,2316924.2959296005,2301699.8612458818,2286429.685863398,2271111.286784007,2255742.1242925352,2240319.600517421,2224841.0579554588,2209303.777959746,2193704.97918992,2178041.8160237223,2162311.3769289553,2146510.682794799,2130636.6852215184]],"stack":null}
[2026-03-04T06:40:00.196Z] {"timestamp":1772606398833,"level":"LOG","args":["[DEBUG] IRR calculated:","0.04934042050246809","as percentage:","4.93%"],"stack":null}
[2026-03-04T06:40:00.196Z] {"timestamp":1772606398833,"level":"LOG","args":["[DEBUG] IRR cashFlows:",[-21532470,2347245.6,2332105.4176000003,2316924.2959296005,2301699.8612458818,2286429.685863398,2271111.286784007,2255742.1242925352,2240319.600517421,2224841.0579554588,2209303.777959746,2193704.97918992,2178041.8160237223,2162311.3769289553,2146510.682794799,2130636.6852215184]],"stack":null}
[2026-03-04T06:40:00.196Z] {"timestamp":1772606398833,"level":"LOG","args":["[DEBUG] IRR calculated:","0.06275413050974829","as percentage:","6.28%"],"stack":null}
[2026-03-04T06:40:00.196Z] {"timestamp":1772606398833,"level":"LOG","args":["[DEBUG] IRR cashFlows:",[-21741770,2347245.6,2332105.4176000003,2316924.2959296005,2301699.8612458818,2286429.685863398,2271111.286784007,2255742.1242925352,2240319.600517421,2224841.0579554588,2209303.777959746,2193704.97918992,2178041.8160237223,2162311.3769289553,2146510.682794799,2130636.6852215184]],"stack":null}
[2026-03-04T06:40:00.196Z] {"timestamp":1772606398834,"level":"LOG","args":["[DEBUG] IRR calculated:","0.06123661152255619","as percentage:","6.12%"],"stack":null}
[2026-03-04T06:40:00.196Z] {"timestamp":1772606398834,"level":"LOG","args":["[DEBUG] IRR cashFlows:",[-22023520,2347245.6,2332105.4176000003,2316924.2959296005,2301699.8612458818,2286429.685863398,2271111.286784007,2255742.1242925352,2240319.600517421,2224841.0579554588,2209303.777959746,2193704.97918992,2178041.8160237223,2162311.3769289553,2146510.682794799,2130636.6852215184]],"stack":null}
[2026-03-04T06:40:00.196Z] {"timestamp":1772606398834,"level":"LOG","args":["[DEBUG] IRR calculated:","0.059228814052242125","as percentage:","5.92%"],"stack":null}
[2026-03-04T06:40:00.196Z] {"timestamp":1772606398834,"level":"LOG","args":["[DEBUG] IRR cashFlows:",[-22444995,2347245.6,2332105.4176000003,2316924.2959296005,2301699.8612458818,2286429.685863398,2271111.286784007,2255742.1242925352,2240319.600517421,2224841.0579554588,2209303.777959746,2193704.97918992,2178041.8160237223,2162311.3769289553,2146510.682794799,2130636.6852215184]],"stack":null}
[2026-03-04T06:40:00.196Z] {"timestamp":1772606398835,"level":"LOG","args":["[DEBUG] IRR calculated:","0.05629756874796892","as percentage:","5.63%"],"stack":null}
[2026-03-04T06:40:00.196Z] {"timestamp":1772606398835,"level":"LOG","args":["[DEBUG] IRR cashFlows:",[-23153970,2347245.6,2332105.4176000003,2316924.2959296005,2301699.8612458818,2286429.685863398,2271111.286784007,2255742.1242925352,2240319.600517421,2224841.0579554588,2209303.777959746,2193704.97918992,2178041.8160237223,2162311.3769289553,2146510.682794799,2130636.6852215184]],"stack":null}
[2026-03-04T06:40:00.196Z] {"timestamp":1772606398835,"level":"LOG","args":["[DEBUG] IRR calculated:","0.05155144940558404","as percentage:","5.16%"],"stack":null}
[2026-03-04T06:40:00.196Z] {"timestamp":1772606398835,"level":"LOG","args":["[DEBUG] IRR cashFlows:",[-24157920,2347245.6,2332105.4176000003,2316924.2959296005,2301699.8612458818,2286429.685863398,2271111.286784007,2255742.1242925352,2240319.600517421,2224841.0579554588,2209303.777959746,2193704.97918992,2178041.8160237223,2162311.3769289553,2146510.682794799,2130636.6852215184]],"stack":null}
[2026-03-04T06:40:00.196Z] {"timestamp":1772606398836,"level":"LOG","args":["[DEBUG] IRR calculated:","0.04519519488333343","as percentage:","4.52%"],"stack":null}
[2026-03-04T06:40:00.196Z] {"timestamp":1772606398836,"level":"LOG","args":["[DEBUG] IRR cashFlows:",[-21768970,2347245.6,2332105.4176000003,2316924.2959296005,2301699.8612458818,2286429.685863398,2271111.286784007,2255742.1242925352,2240319.600517421,2224841.0579554588,2209303.777959746,2193704.97918992,2178041.8160237223,2162311.3769289553,2146510.682794799,2130636.6852215184]],"stack":null}
[2026-03-04T06:40:00.196Z] {"timestamp":1772606398836,"level":"LOG","args":["[DEBUG] IRR calculated:","0.06104104462173325","as percentage:","6.10%"],"stack":null}
[2026-03-04T06:40:00.196Z] {"timestamp":1772606398836,"level":"LOG","args":["[DEBUG] IRR cashFlows:",[-22012770,2347245.6,2332105.4176000003,2316924.2959296005,2301699.8612458818,2286429.685863398,2271111.286784007,2255742.1242925352,2240319.600517421,2224841.0579554588,2209303.777959746,2193704.97918992,2178041.8160237223,2162311.3769289553,2146510.682794799,2130636.6852215184]],"stack":null}
[2026-03-04T06:40:00.196Z] {"timestamp":1772606398836,"level":"LOG","args":["[DEBUG] IRR calculated:","0.059304697559518414","as percentage:","5.93%"],"stack":null}
[2026-03-04T06:40:00.196Z] {"timestamp":1772606398837,"level":"LOG","args":["[DEBUG] IRR cashFlows:",[-22340520,2347245.6,2332105.4176000003,2316924.2959296005,2301699.8612458818,2286429.685863398,2271111.286784007,2255742.1242925352,2240319.600517421,2224841.0579554588,2209303.777959746,2193704.97918992,2178041.8160237223,2162311.3769289553,2146510.682794799,2130636.6852215184]],"stack":null}
[2026-03-04T06:40:00.196Z] {"timestamp":1772606398837,"level":"LOG","args":["[DEBUG] IRR calculated:","0.05701628578779293","as percentage:","5.70%"],"stack":null}
[2026-03-04T06:40:00.196Z] {"timestamp":1772606398837,"level":"LOG","args":["[DEBUG] IRR cashFlows:",[-22830995,2347245.6,2332105.4176000003,2316924.2959296005,2301699.8612458818,2286429.685863398,2271111.286784007,2255742.1242925352,2240319.600517421,2224841.0579554588,2209303.777959746,2193704.97918992,2178041.8160237223,2162311.3769289553,2146510.682794799,2130636.6852215184]],"stack":null}
[2026-03-04T06:40:00.196Z] {"timestamp":1772606398837,"level":"LOG","args":["[DEBUG] IRR calculated:","0.05368575162351056","as percentage:","5.37%"],"stack":null}
[2026-03-04T06:40:00.196Z] {"timestamp":1772606398838,"level":"LOG","args":["[DEBUG] IRR cashFlows:",[-23654970,2347245.6,2332105.4176000003,2316924.2959296005,2301699.8612458818,2286429.685863398,2271111.286784007,2255742.1242925352,2240319.600517421,2224841.0579554588,2209303.777959746,2193704.97918992,2178041.8160237223,2162311.3769289553,2146510.682794799,2130636.6852215184]],"stack":null}
[2026-03-04T06:40:00.196Z] {"timestamp":1772606398838,"level":"LOG","args":["[DEBUG] IRR calculated:","0.04832853410409417","as percentage:","4.83%"],"stack":null}
[2026-03-04T06:40:00.196Z] {"timestamp":1772606398838,"level":"LOG","args":["[DEBUG] IRR cashFlows:",[-24819920,2347245.6,2332105.4176000003,2316924.2959296005,2301699.8612458818,2286429.685863398,2271111.286784007,2255742.1242925352,2240319.600517421,2224841.0579554588,2209303.777959746,2193704.97918992,2178041.8160237223,2162311.3769289553,2146510.682794799,2130636.6852215184]],"stack":null}
[2026-03-04T06:40:00.196Z] {"timestamp":1772606398838,"level":"LOG","args":["[DEBUG] IRR calculated:","0.04121756847793396","as percentage:","4.12%"],"stack":null}
[2026-03-04T06:40:00.196Z] {"timestamp":1772606398839,"level":"LOG","args":["[DEBUG] IRR cashFlows:",[-22005470,2347245.6,2332105.4176000003,2316924.2959296005,2301699.8612458818,2286429.685863398,2271111.286784007,2255742.1242925352,2240319.600517421,2224841.0579554588,2209303.777959746,2193704.97918992,2178041.8160237223,2162311.3769289553,2146510.682794799,2130636.6852215184]],"stack":null}
[2026-03-04T06:40:00.196Z] {"timestamp":1772606398839,"level":"LOG","args":["[DEBUG] IRR calculated:","0.05935626009265614","as percentage:","5.94%"],"stack":null}
[2026-03-04T06:40:00.196Z] {"timestamp":1772606398839,"level":"LOG","args":["[DEBUG] IRR cashFlows:",[-22283770,2347245.6,2332105.4176000003,2316924.2959296005,2301699.8612458818,2286429.685863398,2271111.286784007,2255742.1242925352,2240319.600517421,2224841.0579554588,2209303.777959746,2193704.97918992,2178041.8160237223,2162311.3769289553,2146510.682794799,2130636.6852215184]],"stack":null}
[2026-03-04T06:40:00.196Z] {"timestamp":1772606398839,"level":"LOG","args":["[DEBUG] IRR calculated:","0.057408840891799956","as percentage:","5.74%"],"stack":null}
[2026-03-04T06:40:00.196Z] {"timestamp":1772606398840,"level":"LOG","args":["[DEBUG] IRR cashFlows:",[-22657520,2347245.6,2332105.4176000003,2316924.2959296005,2301699.8612458818,2286429.685863398,2271111.286784007,2255742.1242925352,2240319.600517421,2224841.0579554588,2209303.777959746,2193704.97918992,2178041.8160237223,2162311.3769289553,2146510.682794799,2130636.6852215184]],"stack":null}
[2026-03-04T06:40:00.196Z] {"timestamp":1772606398840,"level":"LOG","args":["[DEBUG] IRR calculated:","0.05485116325604188","as percentage:","5.49%"],"stack":null}
[2026-03-04T06:40:00.196Z] {"timestamp":1772606398840,"level":"LOG","args":["[DEBUG] IRR cashFlows:",[-23216995,2347245.6,2332105.4176000003,2316924.2959296005,2301699.8612458818,2286429.685863398,2271111.286784007,2255742.1242925352,2240319.600517421,2224841.0579554588,2209303.777959746,2193704.97918992,2178041.8160237223,2162311.3769289553,2146510.682794799,2130636.6852215184]],"stack":null}
[2026-03-04T06:40:00.196Z] {"timestamp":1772606398840,"level":"LOG","args":["[DEBUG] IRR calculated:","0.0511402269691923","as percentage:","5.11%"],"stack":null}
[2026-03-04T06:40:00.196Z] {"timestamp":1772606398840,"level":"LOG","args":["[DEBUG] IRR cashFlows:",[-24155970,2347245.6,2332105.4176000003,2316924.2959296005,2301699.8612458818,2286429.685863398,2271111.286784007,2255742.1242925352,2240319.600517421,2224841.0579554588,2209303.777959746,2193704.97918992,2178041.8160237223,2162311.3769289553,2146510.682794799,2130636.6852215184]],"stack":null}
[2026-03-04T06:40:00.196Z] {"timestamp":1772606398841,"level":"LOG","args":["[DEBUG] IRR calculated:","0.045207152988601854","as percentage:","4.52%"],"stack":null}
[2026-03-04T06:40:00.196Z] {"timestamp":1772606398841,"level":"LOG","args":["[DEBUG] IRR cashFlows:",[-25481920,2347245.6,2332105.4176000003,2316924.2959296005,2301699.8612458818,2286429.685863398,2271111.286784007,2255742.1242925352,2240319.600517421,2224841.0579554588,2209303.777959746,2193704.97918992,2178041.8160237223,2162311.3769289553,2146510.682794799,2130636.6852215184]],"stack":null}
[2026-03-04T06:40:00.196Z] {"timestamp":1772606398841,"level":"LOG","args":["[DEBUG] IRR calculated:","0.03739585270350466","as percentage:","3.74%"],"stack":null}
[2026-03-04T06:40:00.196Z] {"timestamp":1772606398841,"level":"LOG","args":["[DEBUG] IRR cashFlows:",[-22241970,2347245.6,2332105.4176000003,2316924.2959296005,2301699.8612458818,2286429.685863398,2271111.286784007,2255742.1242925352,2240319.600517421,2224841.0579554588,2209303.777959746,2193704.97918992,2178041.8160237223,2162311.3769289553,2146510.682794799,2130636.6852215184]],"stack":null}
[2026-03-04T06:40:00.196Z] {"timestamp":1772606398842,"level":"LOG","args":["[DEBUG] IRR calculated:","0.057698960409099664","as percentage:","5.77%"],"stack":null}
[2026-03-04T06:40:00.196Z] {"timestamp":1772606398842,"level":"LOG","args":["[DEBUG] IRR cashFlows:",[-22554770,2347245.6,2332105.4176000003,2316924.2959296005,2301699.8612458818,2286429.685863398,2271111.286784007,2255742.1242925352,2240319.600517421,2224841.0579554588,2209303.777959746,2193704.97918992,2178041.8160237223,2162311.3769289553,2146510.682794799,2130636.6852215184]],"stack":null}
[2026-03-04T06:40:00.196Z] {"timestamp":1772606398842,"level":"LOG","args":["[DEBUG] IRR calculated:","0.05554786743469475","as percentage:","5.55%"],"stack":null}
[2026-03-04T06:40:00.196Z] {"timestamp":1772606398842,"level":"LOG","args":["[DEBUG] IRR cashFlows:",[-22974520,2347245.6,2332105.4176000003,2316924.2959296005,2301699.8612458818,2286429.685863398,2271111.286784007,2255742.1242925352,2240319.600517421,2224841.0579554588,2209303.777959746,2193704.97918992,2178041.8160237223,2162311.3769289553,2146510.682794799,2130636.6852215184]],"stack":null}
[2026-03-04T06:40:00.196Z] {"timestamp":1772606398843,"level":"LOG","args":["[DEBUG] IRR calculated:","0.052731676639772296","as percentage:","5.27%"],"stack":null}
[2026-03-04T06:40:00.196Z] {"timestamp":1772606398843,"level":"LOG","args":["[DEBUG] IRR cashFlows:",[-23602995,2347245.6,2332105.4176000003,2316924.2959296005,2301699.8612458818,2286429.685863398,2271111.286784007,2255742.1242925352,2240319.600517421,2224841.0579554588,2209303.777959746,2193704.97918992,2178041.8160237223,2162311.3769289553,2146510.682794799,2130636.6852215184]],"stack":null}
[2026-03-04T06:40:00.196Z] {"timestamp":1772606398843,"level":"LOG","args":["[DEBUG] IRR calculated:","0.04865806819294149","as percentage:","4.87%"],"stack":null}
[2026-03-04T06:40:00.196Z] {"timestamp":1772606398843,"level":"LOG","args":["[DEBUG] IRR cashFlows:",[-24656970,2347245.6,2332105.4176000003,2316924.2959296005,2301699.8612458818,2286429.685863398,2271111.286784007,2255742.1242925352,2240319.600517421,2224841.0579554588,2209303.777959746,2193704.97918992,2178041.8160237223,2162311.3769289553,2146510.682794799,2130636.6852215184]],"stack":null}
[2026-03-04T06:40:00.196Z] {"timestamp":1772606398843,"level":"LOG","args":["[DEBUG] IRR calculated:","0.04218175772827382","as percentage:","4.22%"],"stack":null}
[2026-03-04T06:40:00.196Z] {"timestamp":1772606398844,"level":"LOG","args":["[DEBUG] IRR cashFlows:",[-26143920,2347245.6,2332105.4176000003,2316924.2959296005,2301699.8612458818,2286429.685863398,2271111.286784007,2255742.1242925352,2240319.600517421,2224841.0579554588,2209303.777959746,2193704.97918992,2178041.8160237223,2162311.3769289553,2146510.682794799,2130636.6852215184]],"stack":null}
[2026-03-04T06:40:00.196Z] {"timestamp":1772606398844,"level":"LOG","args":["[DEBUG] IRR calculated:","0.03371948310590141","as percentage:","3.37%"],"stack":null}
[2026-03-04T06:40:00.196Z] {"timestamp":1772606398844,"level":"LOG","args":["[DEBUG] IRR cashFlows:",[-22478470,2347245.6,2332105.4176000003,2316924.2959296005,2301699.8612458818,2286429.685863398,2271111.286784007,2255742.1242925352,2240319.600517421,2224841.0579554588,2209303.777959746,2193704.97918992,2178041.8160237223,2162311.3769289553,2146510.682794799,2130636.6852215184]],"stack":null}
[2026-03-04T06:40:00.196Z] {"timestamp":1772606398844,"level":"LOG","args":["[DEBUG] IRR calculated:","0.05606836197584341","as percentage:","5.61%"],"stack":null}
[2026-03-04T06:40:00.196Z] {"timestamp":1772606398845,"level":"LOG","args":["[DEBUG] IRR cashFlows:",[-22825770,2347245.6,2332105.4176000003,2316924.2959296005,2301699.8612458818,2286429.685863398,2271111.286784007,2255742.1242925352,2240319.600517421,2224841.0579554588,2209303.777959746,2193704.97918992,2178041.8160237223,2162311.3769289553,2146510.682794799,2130636.6852215184]],"stack":null}
[2026-03-04T06:40:00.196Z] {"timestamp":1772606398845,"level":"LOG","args":["[DEBUG] IRR calculated:","0.053720656465298784","as percentage:","5.37%"],"stack":null}
[2026-03-04T06:40:00.196Z] {"timestamp":1772606398845,"level":"LOG","args":["[DEBUG] IRR cashFlows:",[-23291520,2347245.6,2332105.4176000003,2316924.2959296005,2301699.8612458818,2286429.685863398,2271111.286784007,2255742.1242925352,2240319.600517421,2224841.0579554588,2209303.777959746,2193704.97918992,2178041.8160237223,2162311.3769289553,2146510.682794799,2130636.6852215184]],"stack":null}
[2026-03-04T06:40:00.196Z] {"timestamp":1772606398845,"level":"LOG","args":["[DEBUG] IRR calculated:","0.05065614821353178","as percentage:","5.07%"],"stack":null}
[2026-03-04T06:40:00.196Z] {"timestamp":1772606398846,"level":"LOG","args":["[DEBUG] IRR cashFlows:",[-23988995,2347245.6,2332105.4176000003,2316924.2959296005,2301699.8612458818,2286429.685863398,2271111.286784007,2255742.1242925352,2240319.600517421,2224841.0579554588,2209303.777959746,2193704.97918992,2178041.8160237223,2162311.3769289553,2146510.682794799,2130636.6852215184]],"stack":null}
[2026-03-04T06:40:00.196Z] {"timestamp":1772606398846,"level":"LOG","args":["[DEBUG] IRR calculated:","0.04623652840614501","as percentage:","4.62%"],"stack":null}
[2026-03-04T06:40:00.196Z] {"timestamp":1772606398846,"level":"LOG","args":["[DEBUG] IRR cashFlows:",[-25157970,2347245.6,2332105.4176000003,2316924.2959296005,2301699.8612458818,2286429.685863398,2271111.286784007,2255742.1242925352,2240319.600517421,2224841.0579554588,2209303.777959746,2193704.97918992,2178041.8160237223,2162311.3769289553,2146510.682794799,2130636.6852215184]],"stack":null}
[2026-03-04T06:40:00.196Z] {"timestamp":1772606398846,"level":"LOG","args":["[DEBUG] IRR calculated:","0.03924722036257718","as percentage:","3.92%"],"stack":null}
[2026-03-04T06:40:00.196Z] {"timestamp":1772606398847,"level":"LOG","args":["[DEBUG] IRR cashFlows:",[-26805920,2347245.6,2332105.4176000003,2316924.2959296005,2301699.8612458818,2286429.685863398,2271111.286784007,2255742.1242925352,2240319.600517421,2224841.0579554588,2209303.777959746,2193704.97918992,2178041.8160237223,2162311.3769289553,2146510.682794799,2130636.6852215184]],"stack":null}
[2026-03-04T06:40:00.196Z] {"timestamp":1772606398847,"level":"LOG","args":["[DEBUG] IRR calculated:","0.03017888385735712","as percentage:","3.02%"],"stack":null}
[2026-03-04T06:40:00.196Z] {"timestamp":1772606398847,"level":"LOG","args":["[DEBUG SENSITIVITY] Matrix minIrr:","0.03017888385735712","maxIrr:","0.07177519955991235","minIrr%:","3.02","maxIrr%:","7.18"],"stack":null}
[2026-03-04T06:40:00.196Z] {"timestamp":1772606399055,"level":"LOG","args":["[DEBUG] IRR cashFlows:",[-20052520,2347245.6,2332105.4176000003,2316924.2959296005,2301699.8612458818,2286429.685863398,2271111.286784007,2255742.1242925352,2240319.600517421,2224841.0579554588,2209303.777959746,2193704.97918992,2178041.8160237223,2162311.3769289553,2146510.682794799,2130636.6852215184]],"stack":null}
[2026-03-04T06:40:00.196Z] {"timestamp":1772606399055,"level":"LOG","args":["[DEBUG] IRR calculated:","0.0741731803149236","as percentage:","7.42%"],"stack":null}
[2026-03-04T06:40:00.196Z] {"timestamp":1772606399055,"level":"LOG","args":["[DEBUG] IRR cashFlows:",[-20349970,2347245.6,2332105.4176000003,2316924.2959296005,2301699.8612458818,2286429.685863398,2271111.286784007,2255742.1242925352,2240319.600517421,2224841.0579554588,2209303.777959746,2193704.97918992,2178041.8160237223,2162311.3769289553,2146510.682794799,2130636.6852215184]],"stack":null}
[2026-03-04T06:40:00.196Z] {"timestamp":1772606399056,"level":"LOG","args":["[DEBUG] IRR calculated:","0.07177519955991235","as percentage:","7.18%"],"stack":null}
[2026-03-04T06:40:00.196Z] {"timestamp":1772606399056,"level":"LOG","args":["[DEBUG SENSITIVITY] First cell (6kV, 1km):",{"lcoe":125.79290595909659,"irr":0.07177519955991235,"irrPercent":"7.18"}],"stack":null}
[2026-03-04T06:40:00.196Z] {"timestamp":1772606399056,"level":"LOG","args":["[DEBUG] IRR cashFlows:",[-20386770,2347245.6,2332105.4176000003,2316924.2959296005,2301699.8612458818,2286429.685863398,2271111.286784007,2255742.1242925352,2240319.600517421,2224841.0579554588,2209303.777959746,2193704.97918992,2178041.8160237223,2162311.3769289553,2146510.682794799,2130636.6852215184]],"stack":null}
[2026-03-04T06:40:00.196Z] {"timestamp":1772606399056,"level":"LOG","args":["[DEBUG] IRR calculated:","0.07148230806457223","as percentage:","7.15%"],"stack":null}
[2026-03-04T06:40:00.196Z] {"timestamp":1772606399057,"level":"LOG","args":["[DEBUG] IRR cashFlows:",[-20438520,2347245.6,2332105.4176000003,2316924.2959296005,2301699.8612458818,2286429.685863398,2271111.286784007,2255742.1242925352,2240319.600517421,2224841.0579554588,2209303.777959746,2193704.97918992,2178041.8160237223,2162311.3769289553,2146510.682794799,2130636.6852215184]],"stack":null}
[2026-03-04T06:40:00.196Z] {"timestamp":1772606399057,"level":"LOG","args":["[DEBUG] IRR calculated:","0.0710718143025396","as percentage:","7.11%"],"stack":null}
[2026-03-04T06:40:00.196Z] {"timestamp":1772606399057,"level":"LOG","args":["[DEBUG] IRR cashFlows:",[-20514995,2347245.6,2332105.4176000003,2316924.2959296005,2301699.8612458818,2286429.685863398,2271111.286784007,2255742.1242925352,2240319.600517421,2224841.0579554588,2209303.777959746,2193704.97918992,2178041.8160237223,2162311.3769289553,2146510.682794799,2130636.6852215184]],"stack":null}
[2026-03-04T06:40:00.196Z] {"timestamp":1772606399057,"level":"LOG","args":["[DEBUG] IRR calculated:","0.07046813757853714","as percentage:","7.05%"],"stack":null}
[2026-03-04T06:40:00.196Z] {"timestamp":1772606399058,"level":"LOG","args":["[DEBUG] IRR cashFlows:",[-20648970,2347245.6,2332105.4176000003,2316924.2959296005,2301699.8612458818,2286429.685863398,2271111.286784007,2255742.1242925352,2240319.600517421,2224841.0579554588,2209303.777959746,2193704.97918992,2178041.8160237223,2162311.3769289553,2146510.682794799,2130636.6852215184]],"stack":null}
[2026-03-04T06:40:00.196Z] {"timestamp":1772606399058,"level":"LOG","args":["[DEBUG] IRR calculated:","0.06941892935770343","as percentage:","6.94%"],"stack":null}
[2026-03-04T06:40:00.196Z] {"timestamp":1772606399058,"level":"LOG","args":["[DEBUG] IRR cashFlows:",[-20847920,2347245.6,2332105.4176000003,2316924.2959296005,2301699.8612458818,2286429.685863398,2271111.286784007,2255742.1242925352,2240319.600517421,2224841.0579554588,2209303.777959746,2193704.97918992,2178041.8160237223,2162311.3769289553,2146510.682794799,2130636.6852215184]],"stack":null}
[2026-03-04T06:40:00.196Z] {"timestamp":1772606399058,"level":"LOG","args":["[DEBUG] IRR calculated:","0.06788016749640302","as percentage:","6.79%"],"stack":null}
[2026-03-04T06:40:00.196Z] {"timestamp":1772606399059,"level":"LOG","args":["[DEBUG] IRR cashFlows:",[-20586470,2347245.6,2332105.4176000003,2316924.2959296005,2301699.8612458818,2286429.685863398,2271111.286784007,2255742.1242925352,2240319.600517421,2224841.0579554588,2209303.777959746,2193704.97918992,2178041.8160237223,2162311.3769289553,2146510.682794799,2130636.6852215184]],"stack":null}
[2026-03-04T06:40:00.196Z] {"timestamp":1772606399059,"level":"LOG","args":["[DEBUG] IRR calculated:","0.0699070741742143","as percentage:","6.99%"],"stack":null}
[2026-03-04T06:40:00.196Z] {"timestamp":1772606399059,"level":"LOG","args":["[DEBUG] IRR cashFlows:",[-20657770,2347245.6,2332105.4176000003,2316924.2959296005,2301699.8612458818,2286429.685863398,2271111.286784007,2255742.1242925352,2240319.600517421,2224841.0579554588,2209303.777959746,2193704.97918992,2178041.8160237223,2162311.3769289553,2146510.682794799,2130636.6852215184]],"stack":null}
[2026-03-04T06:40:00.196Z] {"timestamp":1772606399059,"level":"LOG","args":["[DEBUG] IRR calculated:","0.06935038224521867","as percentage:","6.94%"],"stack":null}
[2026-03-04T06:40:00.196Z] {"timestamp":1772606399059,"level":"LOG","args":["[DEBUG] IRR cashFlows:",[-20755520,2347245.6,2332105.4176000003,2316924.2959296005,2301699.8612458818,2286429.685863398,2271111.286784007,2255742.1242925352,2240319.600517421,2224841.0579554588,2209303.777959746,2193704.97918992,2178041.8160237223,2162311.3769289553,2146510.682794799,2130636.6852215184]],"stack":null}
[2026-03-04T06:40:00.196Z] {"timestamp":1772606399060,"level":"LOG","args":["[DEBUG] IRR calculated:","0.06859199042281805","as percentage:","6.86%"],"stack":null}
[2026-03-04T06:40:00.196Z] {"timestamp":1772606399060,"level":"LOG","args":["[DEBUG] IRR cashFlows:",[-20900995,2347245.6,2332105.4176000003,2316924.2959296005,2301699.8612458818,2286429.685863398,2271111.286784007,2255742.1242925352,2240319.600517421,2224841.0579554588,2209303.777959746,2193704.97918992,2178041.8160237223,2162311.3769289553,2146510.682794799,2130636.6852215184]],"stack":null}
[2026-03-04T06:40:00.196Z] {"timestamp":1772606399060,"level":"LOG","args":["[DEBUG] IRR calculated:","0.06747349355098918","as percentage:","6.75%"],"stack":null}
[2026-03-04T06:40:00.196Z] {"timestamp":1772606399060,"level":"LOG","args":["[DEBUG] IRR cashFlows:",[-21149970,2347245.6,2332105.4176000003,2316924.2959296005,2301699.8612458818,2286429.685863398,2271111.286784007,2255742.1242925352,2240319.600517421,2224841.0579554588,2209303.777959746,2193704.97918992,2178041.8160237223,2162311.3769289553,2146510.682794799,2130636.6852215184]],"stack":null}
[2026-03-04T06:40:00.196Z] {"timestamp":1772606399061,"level":"LOG","args":["[DEBUG] IRR calculated:","0.06558685445344957","as percentage:","6.56%"],"stack":null}
[2026-03-04T06:40:00.196Z] {"timestamp":1772606399061,"level":"LOG","args":["[DEBUG] IRR cashFlows:",[-21509920,2347245.6,2332105.4176000003,2316924.2959296005,2301699.8612458818,2286429.685863398,2271111.286784007,2255742.1242925352,2240319.600517421,2224841.0579554588,2209303.777959746,2193704.97918992,2178041.8160237223,2162311.3769289553,2146510.682794799,2130636.6852215184]],"stack":null}
[2026-03-04T06:40:00.196Z] {"timestamp":1772606399061,"level":"LOG","args":["[DEBUG] IRR calculated:","0.06291897990856639","as percentage:","6.29%"],"stack":null}
[2026-03-04T06:40:00.196Z] {"timestamp":1772606399061,"level":"LOG","args":["[DEBUG] IRR cashFlows:",[-20822970,2347245.6,2332105.4176000003,2316924.2959296005,2301699.8612458818,2286429.685863398,2271111.286784007,2255742.1242925352,2240319.600517421,2224841.0579554588,2209303.777959746,2193704.97918992,2178041.8160237223,2162311.3769289553,2146510.682794799,2130636.6852215184]],"stack":null}
[2026-03-04T06:40:00.196Z] {"timestamp":1772606399062,"level":"LOG","args":["[DEBUG] IRR calculated:","0.06807189383610872","as percentage:","6.81%"],"stack":null}
[2026-03-04T06:40:00.196Z] {"timestamp":1772606399062,"level":"LOG","args":["[DEBUG] IRR cashFlows:",[-20928770,2347245.6,2332105.4176000003,2316924.2959296005,2301699.8612458818,2286429.685863398,2271111.286784007,2255742.1242925352,2240319.600517421,2224841.0579554588,2209303.777959746,2193704.97918992,2178041.8160237223,2162311.3769289553,2146510.682794799,2130636.6852215184]],"stack":null}
[2026-03-04T06:40:00.196Z] {"timestamp":1772606399062,"level":"LOG","args":["[DEBUG] IRR calculated:","0.06726130973497234","as percentage:","6.73%"],"stack":null}
[2026-03-04T06:40:00.196Z] {"timestamp":1772606399062,"level":"LOG","args":["[DEBUG] IRR cashFlows:",[-21072520,2347245.6,2332105.4176000003,2316924.2959296005,2301699.8612458818,2286429.685863398,2271111.286784007,2255742.1242925352,2240319.600517421,2224841.0579554588,2209303.777959746,2193704.97918992,2178041.8160237223,2162311.3769289553,2146510.682794799,2130636.6852215184]],"stack":null}
[2026-03-04T06:40:00.196Z] {"timestamp":1772606399062,"level":"LOG","args":["[DEBUG] IRR calculated:","0.06617005552855004","as percentage:","6.62%"],"stack":null}
[2026-03-04T06:40:00.196Z] {"timestamp":1772606399063,"level":"LOG","args":["[DEBUG] IRR cashFlows:",[-21286995,2347245.6,2332105.4176000003,2316924.2959296005,2301699.8612458818,2286429.685863398,2271111.286784007,2255742.1242925352,2240319.600517421,2224841.0579554588,2209303.777959746,2193704.97918992,2178041.8160237223,2162311.3769289553,2146510.682794799,2130636.6852215184]],"stack":null}
[2026-03-04T06:40:00.196Z] {"timestamp":1772606399063,"level":"LOG","args":["[DEBUG] IRR calculated:","0.0645630715551585","as percentage:","6.46%"],"stack":null}
[2026-03-04T06:40:00.196Z] {"timestamp":1772606399063,"level":"LOG","args":["[DEBUG] IRR cashFlows:",[-21650970,2347245.6,2332105.4176000003,2316924.2959296005,2301699.8612458818,2286429.685863398,2271111.286784007,2255742.1242925352,2240319.600517421,2224841.0579554588,2209303.777959746,2193704.97918992,2178041.8160237223,2162311.3769289553,2146510.682794799,2130636.6852215184]],"stack":null}
[2026-03-04T06:40:00.196Z] {"timestamp":1772606399063,"level":"LOG","args":["[DEBUG] IRR calculated:","0.06189218671006957","as percentage:","6.19%"],"stack":null}
[2026-03-04T06:40:00.196Z] {"timestamp":1772606399064,"level":"LOG","args":["[DEBUG] IRR cashFlows:",[-22171920,2347245.6,2332105.4176000003,2316924.2959296005,2301699.8612458818,2286429.685863398,2271111.286784007,2255742.1242925352,2240319.600517421,2224841.0579554588,2209303.777959746,2193704.97918992,2178041.8160237223,2162311.3769289553,2146510.682794799,2130636.6852215184]],"stack":null}
[2026-03-04T06:40:00.196Z] {"timestamp":1772606399064,"level":"LOG","args":["[DEBUG] IRR calculated:","0.05818702567430743","as percentage:","5.82%"],"stack":null}
[2026-03-04T06:40:00.196Z] {"timestamp":1772606399064,"level":"LOG","args":["[DEBUG] IRR cashFlows:",[-21059470,2347245.6,2332105.4176000003,2316924.2959296005,2301699.8612458818,2286429.685863398,2271111.286784007,2255742.1242925352,2240319.600517421,2224841.0579554588,2209303.777959746,2193704.97918992,2178041.8160237223,2162311.3769289553,2146510.682794799,2130636.6852215184]],"stack":null}
[2026-03-04T06:40:00.196Z] {"timestamp":1772606399065,"level":"LOG","args":["[DEBUG] IRR calculated:","0.06626864791267574","as percentage:","6.63%"],"stack":null}
[2026-03-04T06:40:00.196Z] {"timestamp":1772606399065,"level":"LOG","args":["[DEBUG] IRR cashFlows:",[-21199770,2347245.6,2332105.4176000003,2316924.2959296005,2301699.8612458818,2286429.685863398,2271111.286784007,2255742.1242925352,2240319.600517421,2224841.0579554588,2209303.777959746,2193704.97918992,2178041.8160237223,2162311.3769289553,2146510.682794799,2130636.6852215184]],"stack":null}
[2026-03-04T06:40:00.196Z] {"timestamp":1772606399065,"level":"LOG","args":["[DEBUG] IRR calculated:","0.06521359458773965","as percentage:","6.52%"],"stack":null}
[2026-03-04T06:40:00.196Z] {"timestamp":1772606399066,"level":"LOG","args":["[DEBUG] IRR cashFlows:",[-21389520,2347245.6,2332105.4176000003,2316924.2959296005,2301699.8612458818,2286429.685863398,2271111.286784007,2255742.1242925352,2240319.600517421,2224841.0579554588,2209303.777959746,2193704.97918992,2178041.8160237223,2162311.3769289553,2146510.682794799,2130636.6852215184]],"stack":null}
[2026-03-04T06:40:00.196Z] {"timestamp":1772606399066,"level":"LOG","args":["[DEBUG] IRR calculated:","0.06380366768687845","as percentage:","6.38%"],"stack":null}
[2026-03-04T06:40:00.196Z] {"timestamp":1772606399066,"level":"LOG","args":["[DEBUG] IRR cashFlows:",[-21672995,2347245.6,2332105.4176000003,2316924.2959296005,2301699.8612458818,2286429.685863398,2271111.286784007,2255742.1242925352,2240319.600517421,2224841.0579554588,2209303.777959746,2193704.97918992,2178041.8160237223,2162311.3769289553,2146510.682794799,2130636.6852215184]],"stack":null}
[2026-03-04T06:40:00.197Z] {"timestamp":1772606399066,"level":"LOG","args":["[DEBUG] IRR calculated:","0.06173277934950446","as percentage:","6.17%"],"stack":null}
[2026-03-04T06:40:00.197Z] {"timestamp":1772606399067,"level":"LOG","args":["[DEBUG] IRR cashFlows:",[-22151970,2347245.6,2332105.4176000003,2316924.2959296005,2301699.8612458818,2286429.685863398,2271111.286784007,2255742.1242925352,2240319.600517421,2224841.0579554588,2209303.777959746,2193704.97918992,2178041.8160237223,2162311.3769289553,2146510.682794799,2130636.6852215184]],"stack":null}
[2026-03-04T06:40:00.197Z] {"timestamp":1772606399067,"level":"LOG","args":["[DEBUG] IRR calculated:","0.058326456314478206","as percentage:","5.83%"],"stack":null}
[2026-03-04T06:40:00.197Z] {"timestamp":1772606399067,"level":"LOG","args":["[DEBUG] IRR cashFlows:",[-22833920,2347245.6,2332105.4176000003,2316924.2959296005,2301699.8612458818,2286429.685863398,2271111.286784007,2255742.1242925352,2240319.600517421,2224841.0579554588,2209303.777959746,2193704.97918992,2178041.8160237223,2162311.3769289553,2146510.682794799,2130636.6852215184]],"stack":null}
[2026-03-04T06:40:00.197Z] {"timestamp":1772606399067,"level":"LOG","args":["[DEBUG] IRR calculated:","0.05366621689490417","as percentage:","5.37%"],"stack":null}
[2026-03-04T06:40:00.197Z] {"timestamp":1772606399068,"level":"LOG","args":["[DEBUG] IRR cashFlows:",[-21295970,2347245.6,2332105.4176000003,2316924.2959296005,2301699.8612458818,2286429.685863398,2271111.286784007,2255742.1242925352,2240319.600517421,2224841.0579554588,2209303.777959746,2193704.97918992,2178041.8160237223,2162311.3769289553,2146510.682794799,2130636.6852215184]],"stack":null}
[2026-03-04T06:40:00.197Z] {"timestamp":1772606399068,"level":"LOG","args":["[DEBUG] IRR calculated:","0.0644963689857477","as percentage:","6.45%"],"stack":null}
[2026-03-04T06:40:00.197Z] {"timestamp":1772606399068,"level":"LOG","args":["[DEBUG] IRR cashFlows:",[-21470770,2347245.6,2332105.4176000003,2316924.2959296005,2301699.8612458818,2286429.685863398,2271111.286784007,2255742.1242925352,2240319.600517421,2224841.0579554588,2209303.777959746,2193704.97918992,2178041.8160237223,2162311.3769289553,2146510.682794799,2130636.6852215184]],"stack":null}
[2026-03-04T06:40:00.197Z] {"timestamp":1772606399068,"level":"LOG","args":["[DEBUG] IRR calculated:","0.06320581353613193","as percentage:","6.32%"],"stack":null}
[2026-03-04T06:40:00.197Z] {"timestamp":1772606399069,"level":"LOG","args":["[DEBUG] IRR cashFlows:",[-21706520,2347245.6,2332105.4176000003,2316924.2959296005,2301699.8612458818,2286429.685863398,2271111.286784007,2255742.1242925352,2240319.600517421,2224841.0579554588,2209303.777959746,2193704.97918992,2178041.8160237223,2162311.3769289553,2146510.682794799,2130636.6852215184]],"stack":null}
[2026-03-04T06:40:00.197Z] {"timestamp":1772606399069,"level":"LOG","args":["[DEBUG] IRR calculated:","0.061490616557580056","as percentage:","6.15%"],"stack":null}
[2026-03-04T06:40:00.197Z] {"timestamp":1772606399069,"level":"LOG","args":["[DEBUG] IRR cashFlows:",[-22058995,2347245.6,2332105.4176000003,2316924.2959296005,2301699.8612458818,2286429.685863398,2271111.286784007,2255742.1242925352,2240319.600517421,2224841.0579554588,2209303.777959746,2193704.97918992,2178041.8160237223,2162311.3769289553,2146510.682794799,2130636.6852215184]],"stack":null}
[2026-03-04T06:40:00.197Z] {"timestamp":1772606399069,"level":"LOG","args":["[DEBUG] IRR calculated:","0.05897880004117877","as percentage:","5.90%"],"stack":null}
[2026-03-04T06:40:00.197Z] {"timestamp":1772606399070,"level":"LOG","args":["[DEBUG] IRR cashFlows:",[-22652970,2347245.6,2332105.4176000003,2316924.2959296005,2301699.8612458818,2286429.685863398,2271111.286784007,2255742.1242925352,2240319.600517421,2224841.0579554588,2209303.777959746,2193704.97918992,2178041.8160237223,2162311.3769289553,2146510.682794799,2130636.6852215184]],"stack":null}
[2026-03-04T06:40:00.197Z] {"timestamp":1772606399070,"level":"LOG","args":["[DEBUG] IRR calculated:","0.054881913002986935","as percentage:","5.49%"],"stack":null}
[2026-03-04T06:40:00.197Z] {"timestamp":1772606399070,"level":"LOG","args":["[DEBUG] IRR cashFlows:",[-23495920,2347245.6,2332105.4176000003,2316924.2959296005,2301699.8612458818,2286429.685863398,2271111.286784007,2255742.1242925352,2240319.600517421,2224841.0579554588,2209303.777959746,2193704.97918992,2178041.8160237223,2162311.3769289553,2146510.682794799,2130636.6852215184]],"stack":null}
[2026-03-04T06:40:00.197Z] {"timestamp":1772606399070,"level":"LOG","args":["[DEBUG] IRR calculated:","0.04934042050246809","as percentage:","4.93%"],"stack":null}
[2026-03-04T06:40:00.197Z] {"timestamp":1772606399071,"level":"LOG","args":["[DEBUG] IRR cashFlows:",[-21532470,2347245.6,2332105.4176000003,2316924.2959296005,2301699.8612458818,2286429.685863398,2271111.286784007,2255742.1242925352,2240319.600517421,2224841.0579554588,2209303.777959746,2193704.97918992,2178041.8160237223,2162311.3769289553,2146510.682794799,2130636.6852215184]],"stack":null}
[2026-03-04T06:40:00.197Z] {"timestamp":1772606399071,"level":"LOG","args":["[DEBUG] IRR calculated:","0.06275413050974829","as percentage:","6.28%"],"stack":null}
[2026-03-04T06:40:00.197Z] {"timestamp":1772606399071,"level":"LOG","args":["[DEBUG] IRR cashFlows:",[-21741770,2347245.6,2332105.4176000003,2316924.2959296005,2301699.8612458818,2286429.685863398,2271111.286784007,2255742.1242925352,2240319.600517421,2224841.0579554588,2209303.777959746,2193704.97918992,2178041.8160237223,2162311.3769289553,2146510.682794799,2130636.6852215184]],"stack":null}
[2026-03-04T06:40:00.197Z] {"timestamp":1772606399071,"level":"LOG","args":["[DEBUG] IRR calculated:","0.06123661152255619","as percentage:","6.12%"],"stack":null}
[2026-03-04T06:40:00.197Z] {"timestamp":1772606399071,"level":"LOG","args":["[DEBUG] IRR cashFlows:",[-22023520,2347245.6,2332105.4176000003,2316924.2959296005,2301699.8612458818,2286429.685863398,2271111.286784007,2255742.1242925352,2240319.600517421,2224841.0579554588,2209303.777959746,2193704.97918992,2178041.8160237223,2162311.3769289553,2146510.682794799,2130636.6852215184]],"stack":null}
[2026-03-04T06:40:00.197Z] {"timestamp":1772606399072,"level":"LOG","args":["[DEBUG] IRR calculated:","0.059228814052242125","as percentage:","5.92%"],"stack":null}
[2026-03-04T06:40:00.197Z] {"timestamp":1772606399072,"level":"LOG","args":["[DEBUG] IRR cashFlows:",[-22444995,2347245.6,2332105.4176000003,2316924.2959296005,2301699.8612458818,2286429.685863398,2271111.286784007,2255742.1242925352,2240319.600517421,2224841.0579554588,2209303.777959746,2193704.97918992,2178041.8160237223,2162311.3769289553,2146510.682794799,2130636.6852215184]],"stack":null}
[2026-03-04T06:40:00.197Z] {"timestamp":1772606399072,"level":"LOG","args":["[DEBUG] IRR calculated:","0.05629756874796892","as percentage:","5.63%"],"stack":null}
[2026-03-04T06:40:00.197Z] {"timestamp":1772606399072,"level":"LOG","args":["[DEBUG] IRR cashFlows:",[-23153970,2347245.6,2332105.4176000003,2316924.2959296005,2301699.8612458818,2286429.685863398,2271111.286784007,2255742.1242925352,2240319.600517421,2224841.0579554588,2209303.777959746,2193704.97918992,2178041.8160237223,2162311.3769289553,2146510.682794799,2130636.6852215184]],"stack":null}
[2026-03-04T06:40:00.197Z] {"timestamp":1772606399072,"level":"LOG","args":["[DEBUG] IRR calculated:","0.05155144940558404","as percentage:","5.16%"],"stack":null}
[2026-03-04T06:40:00.197Z] {"timestamp":1772606399073,"level":"LOG","args":["[DEBUG] IRR cashFlows:",[-24157920,2347245.6,2332105.4176000003,2316924.2959296005,2301699.8612458818,2286429.685863398,2271111.286784007,2255742.1242925352,2240319.600517421,2224841.0579554588,2209303.777959746,2193704.97918992,2178041.8160237223,2162311.3769289553,2146510.682794799,2130636.6852215184]],"stack":null}
[2026-03-04T06:40:00.197Z] {"timestamp":1772606399073,"level":"LOG","args":["[DEBUG] IRR calculated:","0.04519519488333343","as percentage:","4.52%"],"stack":null}
[2026-03-04T06:40:00.197Z] {"timestamp":1772606399073,"level":"LOG","args":["[DEBUG] IRR cashFlows:",[-21768970,2347245.6,2332105.4176000003,2316924.2959296005,2301699.8612458818,2286429.685863398,2271111.286784007,2255742.1242925352,2240319.600517421,2224841.0579554588,2209303.777959746,2193704.97918992,2178041.8160237223,2162311.3769289553,2146510.682794799,2130636.6852215184]],"stack":null}
[2026-03-04T06:40:00.197Z] {"timestamp":1772606399073,"level":"LOG","args":["[DEBUG] IRR calculated:","0.06104104462173325","as percentage:","6.10%"],"stack":null}
[2026-03-04T06:40:00.197Z] {"timestamp":1772606399074,"level":"LOG","args":["[DEBUG] IRR cashFlows:",[-22012770,2347245.6,2332105.4176000003,2316924.2959296005,2301699.8612458818,2286429.685863398,2271111.286784007,2255742.1242925352,2240319.600517421,2224841.0579554588,2209303.777959746,2193704.97918992,2178041.8160237223,2162311.3769289553,2146510.682794799,2130636.6852215184]],"stack":null}
[2026-03-04T06:40:00.197Z] {"timestamp":1772606399074,"level":"LOG","args":["[DEBUG] IRR calculated:","0.059304697559518414","as percentage:","5.93%"],"stack":null}
[2026-03-04T06:40:00.197Z] {"timestamp":1772606399074,"level":"LOG","args":["[DEBUG] IRR cashFlows:",[-22340520,2347245.6,2332105.4176000003,2316924.2959296005,2301699.8612458818,2286429.685863398,2271111.286784007,2255742.1242925352,2240319.600517421,2224841.0579554588,2209303.777959746,2193704.97918992,2178041.8160237223,2162311.3769289553,2146510.682794799,2130636.6852215184]],"stack":null}
[2026-03-04T06:40:00.197Z] {"timestamp":1772606399074,"level":"LOG","args":["[DEBUG] IRR calculated:","0.05701628578779293","as percentage:","5.70%"],"stack":null}
[2026-03-04T06:40:00.197Z] {"timestamp":1772606399074,"level":"LOG","args":["[DEBUG] IRR cashFlows:",[-22830995,2347245.6,2332105.4176000003,2316924.2959296005,2301699.8612458818,2286429.685863398,2271111.286784007,2255742.1242925352,2240319.600517421,2224841.0579554588,2209303.777959746,2193704.97918992,2178041.8160237223,2162311.3769289553,2146510.682794799,2130636.6852215184]],"stack":null}
[2026-03-04T06:40:00.197Z] {"timestamp":1772606399075,"level":"LOG","args":["[DEBUG] IRR calculated:","0.05368575162351056","as percentage:","5.37%"],"stack":null}
[2026-03-04T06:40:00.197Z] {"timestamp":1772606399075,"level":"LOG","args":["[DEBUG] IRR cashFlows:",[-23654970,2347245.6,2332105.4176000003,2316924.2959296005,2301699.8612458818,2286429.685863398,2271111.286784007,2255742.1242925352,2240319.600517421,2224841.0579554588,2209303.777959746,2193704.97918992,2178041.8160237223,2162311.3769289553,2146510.682794799,2130636.6852215184]],"stack":null}
[2026-03-04T06:40:00.197Z] {"timestamp":1772606399075,"level":"LOG","args":["[DEBUG] IRR calculated:","0.04832853410409417","as percentage:","4.83%"],"stack":null}
[2026-03-04T06:40:00.197Z] {"timestamp":1772606399075,"level":"LOG","args":["[DEBUG] IRR cashFlows:",[-24819920,2347245.6,2332105.4176000003,2316924.2959296005,2301699.8612458818,2286429.685863398,2271111.286784007,2255742.1242925352,2240319.600517421,2224841.0579554588,2209303.777959746,2193704.97918992,2178041.8160237223,2162311.3769289553,2146510.682794799,2130636.6852215184]],"stack":null}
[2026-03-04T06:40:00.197Z] {"timestamp":1772606399076,"level":"LOG","args":["[DEBUG] IRR calculated:","0.04121756847793396","as percentage:","4.12%"],"stack":null}
[2026-03-04T06:40:00.197Z] {"timestamp":1772606399076,"level":"LOG","args":["[DEBUG] IRR cashFlows:",[-22005470,2347245.6,2332105.4176000003,2316924.2959296005,2301699.8612458818,2286429.685863398,2271111.286784007,2255742.1242925352,2240319.600517421,2224841.0579554588,2209303.777959746,2193704.97918992,2178041.8160237223,2162311.3769289553,2146510.682794799,2130636.6852215184]],"stack":null}
[2026-03-04T06:40:00.197Z] {"timestamp":1772606399076,"level":"LOG","args":["[DEBUG] IRR calculated:","0.05935626009265614","as percentage:","5.94%"],"stack":null}
[2026-03-04T06:40:00.197Z] {"timestamp":1772606399076,"level":"LOG","args":["[DEBUG] IRR cashFlows:",[-22283770,2347245.6,2332105.4176000003,2316924.2959296005,2301699.8612458818,2286429.685863398,2271111.286784007,2255742.1242925352,2240319.600517421,2224841.0579554588,2209303.777959746,2193704.97918992,2178041.8160237223,2162311.3769289553,2146510.682794799,2130636.6852215184]],"stack":null}
[2026-03-04T06:40:00.197Z] {"timestamp":1772606399076,"level":"LOG","args":["[DEBUG] IRR calculated:","0.057408840891799956","as percentage:","5.74%"],"stack":null}
[2026-03-04T06:40:00.197Z] {"timestamp":1772606399077,"level":"LOG","args":["[DEBUG] IRR cashFlows:",[-22657520,2347245.6,2332105.4176000003,2316924.2959296005,2301699.8612458818,2286429.685863398,2271111.286784007,2255742.1242925352,2240319.600517421,2224841.0579554588,2209303.777959746,2193704.97918992,2178041.8160237223,2162311.3769289553,2146510.682794799,2130636.6852215184]],"stack":null}
[2026-03-04T06:40:00.197Z] {"timestamp":1772606399077,"level":"LOG","args":["[DEBUG] IRR calculated:","0.05485116325604188","as percentage:","5.49%"],"stack":null}
[2026-03-04T06:40:00.197Z] {"timestamp":1772606399077,"level":"LOG","args":["[DEBUG] IRR cashFlows:",[-23216995,2347245.6,2332105.4176000003,2316924.2959296005,2301699.8612458818,2286429.685863398,2271111.286784007,2255742.1242925352,2240319.600517421,2224841.0579554588,2209303.777959746,2193704.97918992,2178041.8160237223,2162311.3769289553,2146510.682794799,2130636.6852215184]],"stack":null}
[2026-03-04T06:40:00.197Z] {"timestamp":1772606399077,"level":"LOG","args":["[DEBUG] IRR calculated:","0.0511402269691923","as percentage:","5.11%"],"stack":null}
[2026-03-04T06:40:00.197Z] {"timestamp":1772606399077,"level":"LOG","args":["[DEBUG] IRR cashFlows:",[-24155970,2347245.6,2332105.4176000003,2316924.2959296005,2301699.8612458818,2286429.685863398,2271111.286784007,2255742.1242925352,2240319.600517421,2224841.0579554588,2209303.777959746,2193704.97918992,2178041.8160237223,2162311.3769289553,2146510.682794799,2130636.6852215184]],"stack":null}
[2026-03-04T06:40:00.197Z] {"timestamp":1772606399078,"level":"LOG","args":["[DEBUG] IRR calculated:","0.045207152988601854","as percentage:","4.52%"],"stack":null}
[2026-03-04T06:40:00.197Z] {"timestamp":1772606399078,"level":"LOG","args":["[DEBUG] IRR cashFlows:",[-25481920,2347245.6,2332105.4176000003,2316924.2959296005,2301699.8612458818,2286429.685863398,2271111.286784007,2255742.1242925352,2240319.600517421,2224841.0579554588,2209303.777959746,2193704.97918992,2178041.8160237223,2162311.3769289553,2146510.682794799,2130636.6852215184]],"stack":null}
[2026-03-04T06:40:00.197Z] {"timestamp":1772606399078,"level":"LOG","args":["[DEBUG] IRR calculated:","0.03739585270350466","as percentage:","3.74%"],"stack":null}
[2026-03-04T06:40:00.197Z] {"timestamp":1772606399078,"level":"LOG","args":["[DEBUG] IRR cashFlows:",[-22241970,2347245.6,2332105.4176000003,2316924.2959296005,2301699.8612458818,2286429.685863398,2271111.286784007,2255742.1242925352,2240319.600517421,2224841.0579554588,2209303.777959746,2193704.97918992,2178041.8160237223,2162311.3769289553,2146510.682794799,2130636.6852215184]],"stack":null}
[2026-03-04T06:40:00.197Z] {"timestamp":1772606399078,"level":"LOG","args":["[DEBUG] IRR calculated:","0.057698960409099664","as percentage:","5.77%"],"stack":null}
[2026-03-04T06:40:00.197Z] {"timestamp":1772606399079,"level":"LOG","args":["[DEBUG] IRR cashFlows:",[-22554770,2347245.6,2332105.4176000003,2316924.2959296005,2301699.8612458818,2286429.685863398,2271111.286784007,2255742.1242925352,2240319.600517421,2224841.0579554588,2209303.777959746,2193704.97918992,2178041.8160237223,2162311.3769289553,2146510.682794799,2130636.6852215184]],"stack":null}
[2026-03-04T06:40:00.197Z] {"timestamp":1772606399079,"level":"LOG","args":["[DEBUG] IRR calculated:","0.05554786743469475","as percentage:","5.55%"],"stack":null}
[2026-03-04T06:40:00.197Z] {"timestamp":1772606399079,"level":"LOG","args":["[DEBUG] IRR cashFlows:",[-22974520,2347245.6,2332105.4176000003,2316924.2959296005,2301699.8612458818,2286429.685863398,2271111.286784007,2255742.1242925352,2240319.600517421,2224841.0579554588,2209303.777959746,2193704.97918992,2178041.8160237223,2162311.3769289553,2146510.682794799,2130636.6852215184]],"stack":null}
[2026-03-04T06:40:00.197Z] {"timestamp":1772606399079,"level":"LOG","args":["[DEBUG] IRR calculated:","0.052731676639772296","as percentage:","5.27%"],"stack":null}
[2026-03-04T06:40:00.197Z] {"timestamp":1772606399079,"level":"LOG","args":["[DEBUG] IRR cashFlows:",[-23602995,2347245.6,2332105.4176000003,2316924.2959296005,2301699.8612458818,2286429.685863398,2271111.286784007,2255742.1242925352,2240319.600517421,2224841.0579554588,2209303.777959746,2193704.97918992,2178041.8160237223,2162311.3769289553,2146510.682794799,2130636.6852215184]],"stack":null}
[2026-03-04T06:40:00.197Z] {"timestamp":1772606399080,"level":"LOG","args":["[DEBUG] IRR calculated:","0.04865806819294149","as percentage:","4.87%"],"stack":null}
[2026-03-04T06:40:00.197Z] {"timestamp":1772606399080,"level":"LOG","args":["[DEBUG] IRR cashFlows:",[-24656970,2347245.6,2332105.4176000003,2316924.2959296005,2301699.8612458818,2286429.685863398,2271111.286784007,2255742.1242925352,2240319.600517421,2224841.0579554588,2209303.777959746,2193704.97918992,2178041.8160237223,2162311.3769289553,2146510.682794799,2130636.6852215184]],"stack":null}
[2026-03-04T06:40:00.197Z] {"timestamp":1772606399080,"level":"LOG","args":["[DEBUG] IRR calculated:","0.04218175772827382","as percentage:","4.22%"],"stack":null}
[2026-03-04T06:40:00.197Z] {"timestamp":1772606399080,"level":"LOG","args":["[DEBUG] IRR cashFlows:",[-26143920,2347245.6,2332105.4176000003,2316924.2959296005,2301699.8612458818,2286429.685863398,2271111.286784007,2255742.1242925352,2240319.600517421,2224841.0579554588,2209303.777959746,2193704.97918992,2178041.8160237223,2162311.3769289553,2146510.682794799,2130636.6852215184]],"stack":null}
[2026-03-04T06:40:00.197Z] {"timestamp":1772606399081,"level":"LOG","args":["[DEBUG] IRR calculated:","0.03371948310590141","as percentage:","3.37%"],"stack":null}
[2026-03-04T06:40:00.197Z] {"timestamp":1772606399081,"level":"LOG","args":["[DEBUG] IRR cashFlows:",[-22478470,2347245.6,2332105.4176000003,2316924.2959296005,2301699.8612458818,2286429.685863398,2271111.286784007,2255742.1242925352,2240319.600517421,2224841.0579554588,2209303.777959746,2193704.97918992,2178041.8160237223,2162311.3769289553,2146510.682794799,2130636.6852215184]],"stack":null}
[2026-03-04T06:40:00.197Z] {"timestamp":1772606399081,"level":"LOG","args":["[DEBUG] IRR calculated:","0.05606836197584341","as percentage:","5.61%"],"stack":null}
[2026-03-04T06:40:00.197Z] {"timestamp":1772606399081,"level":"LOG","args":["[DEBUG] IRR cashFlows:",[-22825770,2347245.6,2332105.4176000003,2316924.2959296005,2301699.8612458818,2286429.685863398,2271111.286784007,2255742.1242925352,2240319.600517421,2224841.0579554588,2209303.777959746,2193704.97918992,2178041.8160237223,2162311.3769289553,2146510.682794799,2130636.6852215184]],"stack":null}
[2026-03-04T06:40:00.197Z] {"timestamp":1772606399082,"level":"LOG","args":["[DEBUG] IRR calculated:","0.053720656465298784","as percentage:","5.37%"],"stack":null}
[2026-03-04T06:40:00.197Z] {"timestamp":1772606399082,"level":"LOG","args":["[DEBUG] IRR cashFlows:",[-23291520,2347245.6,2332105.4176000003,2316924.2959296005,2301699.8612458818,2286429.685863398,2271111.286784007,2255742.1242925352,2240319.600517421,2224841.0579554588,2209303.777959746,2193704.97918992,2178041.8160237223,2162311.3769289553,2146510.682794799,2130636.6852215184]],"stack":null}
[2026-03-04T06:40:00.197Z] {"timestamp":1772606399082,"level":"LOG","args":["[DEBUG] IRR calculated:","0.05065614821353178","as percentage:","5.07%"],"stack":null}
[2026-03-04T06:40:00.197Z] {"timestamp":1772606399082,"level":"LOG","args":["[DEBUG] IRR cashFlows:",[-23988995,2347245.6,2332105.4176000003,2316924.2959296005,2301699.8612458818,2286429.685863398,2271111.286784007,2255742.1242925352,2240319.600517421,2224841.0579554588,2209303.777959746,2193704.97918992,2178041.8160237223,2162311.3769289553,2146510.682794799,2130636.6852215184]],"stack":null}
[2026-03-04T06:40:00.197Z] {"timestamp":1772606399082,"level":"LOG","args":["[DEBUG] IRR calculated:","0.04623652840614501","as percentage:","4.62%"],"stack":null}
[2026-03-04T06:40:00.197Z] {"timestamp":1772606399083,"level":"LOG","args":["[DEBUG] IRR cashFlows:",[-25157970,2347245.6,2332105.4176000003,2316924.2959296005,2301699.8612458818,2286429.685863398,2271111.286784007,2255742.1242925352,2240319.600517421,2224841.0579554588,2209303.777959746,2193704.97918992,2178041.8160237223,2162311.3769289553,2146510.682794799,2130636.6852215184]],"stack":null}
[2026-03-04T06:40:00.197Z] {"timestamp":1772606399083,"level":"LOG","args":["[DEBUG] IRR calculated:","0.03924722036257718","as percentage:","3.92%"],"stack":null}
[2026-03-04T06:40:00.197Z] {"timestamp":1772606399083,"level":"LOG","args":["[DEBUG] IRR cashFlows:",[-26805920,2347245.6,2332105.4176000003,2316924.2959296005,2301699.8612458818,2286429.685863398,2271111.286784007,2255742.1242925352,2240319.600517421,2224841.0579554588,2209303.777959746,2193704.97918992,2178041.8160237223,2162311.3769289553,2146510.682794799,2130636.6852215184]],"stack":null}
[2026-03-04T06:40:00.197Z] {"timestamp":1772606399083,"level":"LOG","args":["[DEBUG] IRR calculated:","0.03017888385735712","as percentage:","3.02%"],"stack":null}
[2026-03-04T06:40:00.197Z] {"timestamp":1772606399083,"level":"LOG","args":["[DEBUG SENSITIVITY] Matrix minIrr:","0.03017888385735712","maxIrr:","0.07177519955991235","minIrr%:","3.02","maxIrr%:","7.18"],"stack":null}
[2026-03-04T06:40:32.187Z] {"timestamp":1772606431885,"level":"LOG","args":["[DEBUG] IRR cashFlows:",[-20052520,2347245.6,2332105.4176000003,2316924.2959296005,2301699.8612458818,2286429.685863398,2271111.286784007,2255742.1242925352,2240319.600517421,2224841.0579554588,2209303.777959746,2193704.97918992,2178041.8160237223,2162311.3769289553,2146510.682794799,2130636.6852215184]],"stack":null}
[2026-03-04T06:40:32.187Z] {"timestamp":1772606431885,"level":"LOG","args":["[DEBUG] IRR calculated:","0.0741731803149236","as percentage:","7.42%"],"stack":null}
[2026-03-04T06:40:32.187Z] {"timestamp":1772606431886,"level":"LOG","args":["[DEBUG] IRR cashFlows:",[-20349970,2347245.6,2332105.4176000003,2316924.2959296005,2301699.8612458818,2286429.685863398,2271111.286784007,2255742.1242925352,2240319.600517421,2224841.0579554588,2209303.777959746,2193704.97918992,2178041.8160237223,2162311.3769289553,2146510.682794799,2130636.6852215184]],"stack":null}
[2026-03-04T06:40:32.187Z] {"timestamp":1772606431886,"level":"LOG","args":["[DEBUG] IRR calculated:","0.07177519955991235","as percentage:","7.18%"],"stack":null}
[2026-03-04T06:40:32.187Z] {"timestamp":1772606431886,"level":"LOG","args":["[DEBUG SENSITIVITY] First cell (6kV, 1km):",{"lcoe":125.79290595909659,"irr":0.07177519955991235,"irrPercent":"7.18"}],"stack":null}
[2026-03-04T06:40:32.187Z] {"timestamp":1772606431886,"level":"LOG","args":["[DEBUG] IRR cashFlows:",[-20386770,2347245.6,2332105.4176000003,2316924.2959296005,2301699.8612458818,2286429.685863398,2271111.286784007,2255742.1242925352,2240319.600517421,2224841.0579554588,2209303.777959746,2193704.97918992,2178041.8160237223,2162311.3769289553,2146510.682794799,2130636.6852215184]],"stack":null}
[2026-03-04T06:40:32.187Z] {"timestamp":1772606431887,"level":"LOG","args":["[DEBUG] IRR calculated:","0.07148230806457223","as percentage:","7.15%"],"stack":null}
[2026-03-04T06:40:32.187Z] {"timestamp":1772606431887,"level":"LOG","args":["[DEBUG] IRR cashFlows:",[-20438520,2347245.6,2332105.4176000003,2316924.2959296005,2301699.8612458818,2286429.685863398,2271111.286784007,2255742.1242925352,2240319.600517421,2224841.0579554588,2209303.777959746,2193704.97918992,2178041.8160237223,2162311.3769289553,2146510.682794799,2130636.6852215184]],"stack":null}
[2026-03-04T06:40:32.187Z] {"timestamp":1772606431887,"level":"LOG","args":["[DEBUG] IRR calculated:","0.0710718143025396","as percentage:","7.11%"],"stack":null}
[2026-03-04T06:40:32.187Z] {"timestamp":1772606431887,"level":"LOG","args":["[DEBUG] IRR cashFlows:",[-20514995,2347245.6,2332105.4176000003,2316924.2959296005,2301699.8612458818,2286429.685863398,2271111.286784007,2255742.1242925352,2240319.600517421,2224841.0579554588,2209303.777959746,2193704.97918992,2178041.8160237223,2162311.3769289553,2146510.682794799,2130636.6852215184]],"stack":null}
[2026-03-04T06:40:32.187Z] {"timestamp":1772606431887,"level":"LOG","args":["[DEBUG] IRR calculated:","0.07046813757853714","as percentage:","7.05%"],"stack":null}
[2026-03-04T06:40:32.187Z] {"timestamp":1772606431888,"level":"LOG","args":["[DEBUG] IRR cashFlows:",[-20648970,2347245.6,2332105.4176000003,2316924.2959296005,2301699.8612458818,2286429.685863398,2271111.286784007,2255742.1242925352,2240319.600517421,2224841.0579554588,2209303.777959746,2193704.97918992,2178041.8160237223,2162311.3769289553,2146510.682794799,2130636.6852215184]],"stack":null}
[2026-03-04T06:40:32.187Z] {"timestamp":1772606431888,"level":"LOG","args":["[DEBUG] IRR calculated:","0.06941892935770343","as percentage:","6.94%"],"stack":null}
[2026-03-04T06:40:32.187Z] {"timestamp":1772606431888,"level":"LOG","args":["[DEBUG] IRR cashFlows:",[-20847920,2347245.6,2332105.4176000003,2316924.2959296005,2301699.8612458818,2286429.685863398,2271111.286784007,2255742.1242925352,2240319.600517421,2224841.0579554588,2209303.777959746,2193704.97918992,2178041.8160237223,2162311.3769289553,2146510.682794799,2130636.6852215184]],"stack":null}
[2026-03-04T06:40:32.187Z] {"timestamp":1772606431888,"level":"LOG","args":["[DEBUG] IRR calculated:","0.06788016749640302","as percentage:","6.79%"],"stack":null}
[2026-03-04T06:40:32.187Z] {"timestamp":1772606431888,"level":"LOG","args":["[DEBUG] IRR cashFlows:",[-20586470,2347245.6,2332105.4176000003,2316924.2959296005,2301699.8612458818,2286429.685863398,2271111.286784007,2255742.1242925352,2240319.600517421,2224841.0579554588,2209303.777959746,2193704.97918992,2178041.8160237223,2162311.3769289553,2146510.682794799,2130636.6852215184]],"stack":null}
[2026-03-04T06:40:32.187Z] {"timestamp":1772606431889,"level":"LOG","args":["[DEBUG] IRR calculated:","0.0699070741742143","as percentage:","6.99%"],"stack":null}
[2026-03-04T06:40:32.187Z] {"timestamp":1772606431889,"level":"LOG","args":["[DEBUG] IRR cashFlows:",[-20657770,2347245.6,2332105.4176000003,2316924.2959296005,2301699.8612458818,2286429.685863398,2271111.286784007,2255742.1242925352,2240319.600517421,2224841.0579554588,2209303.777959746,2193704.97918992,2178041.8160237223,2162311.3769289553,2146510.682794799,2130636.6852215184]],"stack":null}
[2026-03-04T06:40:32.187Z] {"timestamp":1772606431889,"level":"LOG","args":["[DEBUG] IRR calculated:","0.06935038224521867","as percentage:","6.94%"],"stack":null}
[2026-03-04T06:40:32.187Z] {"timestamp":1772606431889,"level":"LOG","args":["[DEBUG] IRR cashFlows:",[-20755520,2347245.6,2332105.4176000003,2316924.2959296005,2301699.8612458818,2286429.685863398,2271111.286784007,2255742.1242925352,2240319.600517421,2224841.0579554588,2209303.777959746,2193704.97918992,2178041.8160237223,2162311.3769289553,2146510.682794799,2130636.6852215184]],"stack":null}
[2026-03-04T06:40:32.187Z] {"timestamp":1772606431890,"level":"LOG","args":["[DEBUG] IRR calculated:","0.06859199042281805","as percentage:","6.86%"],"stack":null}
[2026-03-04T06:40:32.187Z] {"timestamp":1772606431890,"level":"LOG","args":["[DEBUG] IRR cashFlows:",[-20900995,2347245.6,2332105.4176000003,2316924.2959296005,2301699.8612458818,2286429.685863398,2271111.286784007,2255742.1242925352,2240319.600517421,2224841.0579554588,2209303.777959746,2193704.97918992,2178041.8160237223,2162311.3769289553,2146510.682794799,2130636.6852215184]],"stack":null}
[2026-03-04T06:40:32.187Z] {"timestamp":1772606431890,"level":"LOG","args":["[DEBUG] IRR calculated:","0.06747349355098918","as percentage:","6.75%"],"stack":null}
[2026-03-04T06:40:32.187Z] {"timestamp":1772606431890,"level":"LOG","args":["[DEBUG] IRR cashFlows:",[-21149970,2347245.6,2332105.4176000003,2316924.2959296005,2301699.8612458818,2286429.685863398,2271111.286784007,2255742.1242925352,2240319.600517421,2224841.0579554588,2209303.777959746,2193704.97918992,2178041.8160237223,2162311.3769289553,2146510.682794799,2130636.6852215184]],"stack":null}
[2026-03-04T06:40:32.187Z] {"timestamp":1772606431891,"level":"LOG","args":["[DEBUG] IRR calculated:","0.06558685445344957","as percentage:","6.56%"],"stack":null}
[2026-03-04T06:40:32.187Z] {"timestamp":1772606431891,"level":"LOG","args":["[DEBUG] IRR cashFlows:",[-21509920,2347245.6,2332105.4176000003,2316924.2959296005,2301699.8612458818,2286429.685863398,2271111.286784007,2255742.1242925352,2240319.600517421,2224841.0579554588,2209303.777959746,2193704.97918992,2178041.8160237223,2162311.3769289553,2146510.682794799,2130636.6852215184]],"stack":null}
[2026-03-04T06:40:32.187Z] {"timestamp":1772606431891,"level":"LOG","args":["[DEBUG] IRR calculated:","0.06291897990856639","as percentage:","6.29%"],"stack":null}
[2026-03-04T06:40:32.187Z] {"timestamp":1772606431891,"level":"LOG","args":["[DEBUG] IRR cashFlows:",[-20822970,2347245.6,2332105.4176000003,2316924.2959296005,2301699.8612458818,2286429.685863398,2271111.286784007,2255742.1242925352,2240319.600517421,2224841.0579554588,2209303.777959746,2193704.97918992,2178041.8160237223,2162311.3769289553,2146510.682794799,2130636.6852215184]],"stack":null}
[2026-03-04T06:40:32.187Z] {"timestamp":1772606431891,"level":"LOG","args":["[DEBUG] IRR calculated:","0.06807189383610872","as percentage:","6.81%"],"stack":null}
[2026-03-04T06:40:32.187Z] {"timestamp":1772606431892,"level":"LOG","args":["[DEBUG] IRR cashFlows:",[-20928770,2347245.6,2332105.4176000003,2316924.2959296005,2301699.8612458818,2286429.685863398,2271111.286784007,2255742.1242925352,2240319.600517421,2224841.0579554588,2209303.777959746,2193704.97918992,2178041.8160237223,2162311.3769289553,2146510.682794799,2130636.6852215184]],"stack":null}
[2026-03-04T06:40:32.187Z] {"timestamp":1772606431892,"level":"LOG","args":["[DEBUG] IRR calculated:","0.06726130973497234","as percentage:","6.73%"],"stack":null}
[2026-03-04T06:40:32.187Z] {"timestamp":1772606431892,"level":"LOG","args":["[DEBUG] IRR cashFlows:",[-21072520,2347245.6,2332105.4176000003,2316924.2959296005,2301699.8612458818,2286429.685863398,2271111.286784007,2255742.1242925352,2240319.600517421,2224841.0579554588,2209303.777959746,2193704.97918992,2178041.8160237223,2162311.3769289553,2146510.682794799,2130636.6852215184]],"stack":null}
[2026-03-04T06:40:32.187Z] {"timestamp":1772606431892,"level":"LOG","args":["[DEBUG] IRR calculated:","0.06617005552855004","as percentage:","6.62%"],"stack":null}
[2026-03-04T06:40:32.187Z] {"timestamp":1772606431892,"level":"LOG","args":["[DEBUG] IRR cashFlows:",[-21286995,2347245.6,2332105.4176000003,2316924.2959296005,2301699.8612458818,2286429.685863398,2271111.286784007,2255742.1242925352,2240319.600517421,2224841.0579554588,2209303.777959746,2193704.97918992,2178041.8160237223,2162311.3769289553,2146510.682794799,2130636.6852215184]],"stack":null}
[2026-03-04T06:40:32.187Z] {"timestamp":1772606431893,"level":"LOG","args":["[DEBUG] IRR calculated:","0.0645630715551585","as percentage:","6.46%"],"stack":null}
[2026-03-04T06:40:32.187Z] {"timestamp":1772606431893,"level":"LOG","args":["[DEBUG] IRR cashFlows:",[-21650970,2347245.6,2332105.4176000003,2316924.2959296005,2301699.8612458818,2286429.685863398,2271111.286784007,2255742.1242925352,2240319.600517421,2224841.0579554588,2209303.777959746,2193704.97918992,2178041.8160237223,2162311.3769289553,2146510.682794799,2130636.6852215184]],"stack":null}
[2026-03-04T06:40:32.187Z] {"timestamp":1772606431894,"level":"LOG","args":["[DEBUG] IRR calculated:","0.06189218671006957","as percentage:","6.19%"],"stack":null}
[2026-03-04T06:40:32.187Z] {"timestamp":1772606431894,"level":"LOG","args":["[DEBUG] IRR cashFlows:",[-22171920,2347245.6,2332105.4176000003,2316924.2959296005,2301699.8612458818,2286429.685863398,2271111.286784007,2255742.1242925352,2240319.600517421,2224841.0579554588,2209303.777959746,2193704.97918992,2178041.8160237223,2162311.3769289553,2146510.682794799,2130636.6852215184]],"stack":null}
[2026-03-04T06:40:32.187Z] {"timestamp":1772606431895,"level":"LOG","args":["[DEBUG] IRR calculated:","0.05818702567430743","as percentage:","5.82%"],"stack":null}
[2026-03-04T06:40:32.187Z] {"timestamp":1772606431895,"level":"LOG","args":["[DEBUG] IRR cashFlows:",[-21059470,2347245.6,2332105.4176000003,2316924.2959296005,2301699.8612458818,2286429.685863398,2271111.286784007,2255742.1242925352,2240319.600517421,2224841.0579554588,2209303.777959746,2193704.97918992,2178041.8160237223,2162311.3769289553,2146510.682794799,2130636.6852215184]],"stack":null}
[2026-03-04T06:40:32.187Z] {"timestamp":1772606431895,"level":"LOG","args":["[DEBUG] IRR calculated:","0.06626864791267574","as percentage:","6.63%"],"stack":null}
[2026-03-04T06:40:32.187Z] {"timestamp":1772606431895,"level":"LOG","args":["[DEBUG] IRR cashFlows:",[-21199770,2347245.6,2332105.4176000003,2316924.2959296005,2301699.8612458818,2286429.685863398,2271111.286784007,2255742.1242925352,2240319.600517421,2224841.0579554588,2209303.777959746,2193704.97918992,2178041.8160237223,2162311.3769289553,2146510.682794799,2130636.6852215184]],"stack":null}
[2026-03-04T06:40:32.187Z] {"timestamp":1772606431896,"level":"LOG","args":["[DEBUG] IRR calculated:","0.06521359458773965","as percentage:","6.52%"],"stack":null}
[2026-03-04T06:40:32.187Z] {"timestamp":1772606431896,"level":"LOG","args":["[DEBUG] IRR cashFlows:",[-21389520,2347245.6,2332105.4176000003,2316924.2959296005,2301699.8612458818,2286429.685863398,2271111.286784007,2255742.1242925352,2240319.600517421,2224841.0579554588,2209303.777959746,2193704.97918992,2178041.8160237223,2162311.3769289553,2146510.682794799,2130636.6852215184]],"stack":null}
[2026-03-04T06:40:32.187Z] {"timestamp":1772606431896,"level":"LOG","args":["[DEBUG] IRR calculated:","0.06380366768687845","as percentage:","6.38%"],"stack":null}
[2026-03-04T06:40:32.187Z] {"timestamp":1772606431896,"level":"LOG","args":["[DEBUG] IRR cashFlows:",[-21672995,2347245.6,2332105.4176000003,2316924.2959296005,2301699.8612458818,2286429.685863398,2271111.286784007,2255742.1242925352,2240319.600517421,2224841.0579554588,2209303.777959746,2193704.97918992,2178041.8160237223,2162311.3769289553,2146510.682794799,2130636.6852215184]],"stack":null}
[2026-03-04T06:40:32.187Z] {"timestamp":1772606431897,"level":"LOG","args":["[DEBUG] IRR calculated:","0.06173277934950446","as percentage:","6.17%"],"stack":null}
[2026-03-04T06:40:32.187Z] {"timestamp":1772606431897,"level":"LOG","args":["[DEBUG] IRR cashFlows:",[-22151970,2347245.6,2332105.4176000003,2316924.2959296005,2301699.8612458818,2286429.685863398,2271111.286784007,2255742.1242925352,2240319.600517421,2224841.0579554588,2209303.777959746,2193704.97918992,2178041.8160237223,2162311.3769289553,2146510.682794799,2130636.6852215184]],"stack":null}
[2026-03-04T06:40:32.187Z] {"timestamp":1772606431897,"level":"LOG","args":["[DEBUG] IRR calculated:","0.058326456314478206","as percentage:","5.83%"],"stack":null}
[2026-03-04T06:40:32.187Z] {"timestamp":1772606431897,"level":"LOG","args":["[DEBUG] IRR cashFlows:",[-22833920,2347245.6,2332105.4176000003,2316924.2959296005,2301699.8612458818,2286429.685863398,2271111.286784007,2255742.1242925352,2240319.600517421,2224841.0579554588,2209303.777959746,2193704.97918992,2178041.8160237223,2162311.3769289553,2146510.682794799,2130636.6852215184]],"stack":null}
[2026-03-04T06:40:32.187Z] {"timestamp":1772606431898,"level":"LOG","args":["[DEBUG] IRR calculated:","0.05366621689490417","as percentage:","5.37%"],"stack":null}
[2026-03-04T06:40:32.187Z] {"timestamp":1772606431898,"level":"LOG","args":["[DEBUG] IRR cashFlows:",[-21295970,2347245.6,2332105.4176000003,2316924.2959296005,2301699.8612458818,2286429.685863398,2271111.286784007,2255742.1242925352,2240319.600517421,2224841.0579554588,2209303.777959746,2193704.97918992,2178041.8160237223,2162311.3769289553,2146510.682794799,2130636.6852215184]],"stack":null}
[2026-03-04T06:40:32.187Z] {"timestamp":1772606431898,"level":"LOG","args":["[DEBUG] IRR calculated:","0.0644963689857477","as percentage:","6.45%"],"stack":null}
[2026-03-04T06:40:32.187Z] {"timestamp":1772606431898,"level":"LOG","args":["[DEBUG] IRR cashFlows:",[-21470770,2347245.6,2332105.4176000003,2316924.2959296005,2301699.8612458818,2286429.685863398,2271111.286784007,2255742.1242925352,2240319.600517421,2224841.0579554588,2209303.777959746,2193704.97918992,2178041.8160237223,2162311.3769289553,2146510.682794799,2130636.6852215184]],"stack":null}
[2026-03-04T06:40:32.187Z] {"timestamp":1772606431898,"level":"LOG","args":["[DEBUG] IRR calculated:","0.06320581353613193","as percentage:","6.32%"],"stack":null}
[2026-03-04T06:40:32.187Z] {"timestamp":1772606431899,"level":"LOG","args":["[DEBUG] IRR cashFlows:",[-21706520,2347245.6,2332105.4176000003,2316924.2959296005,2301699.8612458818,2286429.685863398,2271111.286784007,2255742.1242925352,2240319.600517421,2224841.0579554588,2209303.777959746,2193704.97918992,2178041.8160237223,2162311.3769289553,2146510.682794799,2130636.6852215184]],"stack":null}
[2026-03-04T06:40:32.187Z] {"timestamp":1772606431899,"level":"LOG","args":["[DEBUG] IRR calculated:","0.061490616557580056","as percentage:","6.15%"],"stack":null}
[2026-03-04T06:40:32.187Z] {"timestamp":1772606431899,"level":"LOG","args":["[DEBUG] IRR cashFlows:",[-22058995,2347245.6,2332105.4176000003,2316924.2959296005,2301699.8612458818,2286429.685863398,2271111.286784007,2255742.1242925352,2240319.600517421,2224841.0579554588,2209303.777959746,2193704.97918992,2178041.8160237223,2162311.3769289553,2146510.682794799,2130636.6852215184]],"stack":null}
[2026-03-04T06:40:32.187Z] {"timestamp":1772606431899,"level":"LOG","args":["[DEBUG] IRR calculated:","0.05897880004117877","as percentage:","5.90%"],"stack":null}
[2026-03-04T06:40:32.187Z] {"timestamp":1772606431900,"level":"LOG","args":["[DEBUG] IRR cashFlows:",[-22652970,2347245.6,2332105.4176000003,2316924.2959296005,2301699.8612458818,2286429.685863398,2271111.286784007,2255742.1242925352,2240319.600517421,2224841.0579554588,2209303.777959746,2193704.97918992,2178041.8160237223,2162311.3769289553,2146510.682794799,2130636.6852215184]],"stack":null}
[2026-03-04T06:40:32.187Z] {"timestamp":1772606431900,"level":"LOG","args":["[DEBUG] IRR calculated:","0.054881913002986935","as percentage:","5.49%"],"stack":null}
[2026-03-04T06:40:32.187Z] {"timestamp":1772606431900,"level":"LOG","args":["[DEBUG] IRR cashFlows:",[-23495920,2347245.6,2332105.4176000003,2316924.2959296005,2301699.8612458818,2286429.685863398,2271111.286784007,2255742.1242925352,2240319.600517421,2224841.0579554588,2209303.777959746,2193704.97918992,2178041.8160237223,2162311.3769289553,2146510.682794799,2130636.6852215184]],"stack":null}
[2026-03-04T06:40:32.187Z] {"timestamp":1772606431900,"level":"LOG","args":["[DEBUG] IRR calculated:","0.04934042050246809","as percentage:","4.93%"],"stack":null}
[2026-03-04T06:40:32.187Z] {"timestamp":1772606431901,"level":"LOG","args":["[DEBUG] IRR cashFlows:",[-21532470,2347245.6,2332105.4176000003,2316924.2959296005,2301699.8612458818,2286429.685863398,2271111.286784007,2255742.1242925352,2240319.600517421,2224841.0579554588,2209303.777959746,2193704.97918992,2178041.8160237223,2162311.3769289553,2146510.682794799,2130636.6852215184]],"stack":null}
[2026-03-04T06:40:32.187Z] {"timestamp":1772606431901,"level":"LOG","args":["[DEBUG] IRR calculated:","0.06275413050974829","as percentage:","6.28%"],"stack":null}
[2026-03-04T06:40:32.187Z] {"timestamp":1772606431901,"level":"LOG","args":["[DEBUG] IRR cashFlows:",[-21741770,2347245.6,2332105.4176000003,2316924.2959296005,2301699.8612458818,2286429.685863398,2271111.286784007,2255742.1242925352,2240319.600517421,2224841.0579554588,2209303.777959746,2193704.97918992,2178041.8160237223,2162311.3769289553,2146510.682794799,2130636.6852215184]],"stack":null}
[2026-03-04T06:40:32.187Z] {"timestamp":1772606431902,"level":"LOG","args":["[DEBUG] IRR calculated:","0.06123661152255619","as percentage:","6.12%"],"stack":null}
[2026-03-04T06:40:32.188Z] {"timestamp":1772606431902,"level":"LOG","args":["[DEBUG] IRR cashFlows:",[-22023520,2347245.6,2332105.4176000003,2316924.2959296005,2301699.8612458818,2286429.685863398,2271111.286784007,2255742.1242925352,2240319.600517421,2224841.0579554588,2209303.777959746,2193704.97918992,2178041.8160237223,2162311.3769289553,2146510.682794799,2130636.6852215184]],"stack":null}
[2026-03-04T06:40:32.188Z] {"timestamp":1772606431902,"level":"LOG","args":["[DEBUG] IRR calculated:","0.059228814052242125","as percentage:","5.92%"],"stack":null}
[2026-03-04T06:40:32.188Z] {"timestamp":1772606431903,"level":"LOG","args":["[DEBUG] IRR cashFlows:",[-22444995,2347245.6,2332105.4176000003,2316924.2959296005,2301699.8612458818,2286429.685863398,2271111.286784007,2255742.1242925352,2240319.600517421,2224841.0579554588,2209303.777959746,2193704.97918992,2178041.8160237223,2162311.3769289553,2146510.682794799,2130636.6852215184]],"stack":null}
[2026-03-04T06:40:32.188Z] {"timestamp":1772606431903,"level":"LOG","args":["[DEBUG] IRR calculated:","0.05629756874796892","as percentage:","5.63%"],"stack":null}
[2026-03-04T06:40:32.188Z] {"timestamp":1772606431903,"level":"LOG","args":["[DEBUG] IRR cashFlows:",[-23153970,2347245.6,2332105.4176000003,2316924.2959296005,2301699.8612458818,2286429.685863398,2271111.286784007,2255742.1242925352,2240319.600517421,2224841.0579554588,2209303.777959746,2193704.97918992,2178041.8160237223,2162311.3769289553,2146510.682794799,2130636.6852215184]],"stack":null}
[2026-03-04T06:40:32.188Z] {"timestamp":1772606431904,"level":"LOG","args":["[DEBUG] IRR calculated:","0.05155144940558404","as percentage:","5.16%"],"stack":null}
[2026-03-04T06:40:32.188Z] {"timestamp":1772606431904,"level":"LOG","args":["[DEBUG] IRR cashFlows:",[-24157920,2347245.6,2332105.4176000003,2316924.2959296005,2301699.8612458818,2286429.685863398,2271111.286784007,2255742.1242925352,2240319.600517421,2224841.0579554588,2209303.777959746,2193704.97918992,2178041.8160237223,2162311.3769289553,2146510.682794799,2130636.6852215184]],"stack":null}
[2026-03-04T06:40:32.188Z] {"timestamp":1772606431904,"level":"LOG","args":["[DEBUG] IRR calculated:","0.04519519488333343","as percentage:","4.52%"],"stack":null}
[2026-03-04T06:40:32.188Z] {"timestamp":1772606431905,"level":"LOG","args":["[DEBUG] IRR cashFlows:",[-21768970,2347245.6,2332105.4176000003,2316924.2959296005,2301699.8612458818,2286429.685863398,2271111.286784007,2255742.1242925352,2240319.600517421,2224841.0579554588,2209303.777959746,2193704.97918992,2178041.8160237223,2162311.3769289553,2146510.682794799,2130636.6852215184]],"stack":null}
[2026-03-04T06:40:32.188Z] {"timestamp":1772606431905,"level":"LOG","args":["[DEBUG] IRR calculated:","0.06104104462173325","as percentage:","6.10%"],"stack":null}
[2026-03-04T06:40:32.188Z] {"timestamp":1772606431905,"level":"LOG","args":["[DEBUG] IRR cashFlows:",[-22012770,2347245.6,2332105.4176000003,2316924.2959296005,2301699.8612458818,2286429.685863398,2271111.286784007,2255742.1242925352,2240319.600517421,2224841.0579554588,2209303.777959746,2193704.97918992,2178041.8160237223,2162311.3769289553,2146510.682794799,2130636.6852215184]],"stack":null}
[2026-03-04T06:40:32.188Z] {"timestamp":1772606431906,"level":"LOG","args":["[DEBUG] IRR calculated:","0.059304697559518414","as percentage:","5.93%"],"stack":null}
[2026-03-04T06:40:32.188Z] {"timestamp":1772606431906,"level":"LOG","args":["[DEBUG] IRR cashFlows:",[-22340520,2347245.6,2332105.4176000003,2316924.2959296005,2301699.8612458818,2286429.685863398,2271111.286784007,2255742.1242925352,2240319.600517421,2224841.0579554588,2209303.777959746,2193704.97918992,2178041.8160237223,2162311.3769289553,2146510.682794799,2130636.6852215184]],"stack":null}
[2026-03-04T06:40:32.188Z] {"timestamp":1772606431906,"level":"LOG","args":["[DEBUG] IRR calculated:","0.05701628578779293","as percentage:","5.70%"],"stack":null}
[2026-03-04T06:40:32.188Z] {"timestamp":1772606431907,"level":"LOG","args":["[DEBUG] IRR cashFlows:",[-22830995,2347245.6,2332105.4176000003,2316924.2959296005,2301699.8612458818,2286429.685863398,2271111.286784007,2255742.1242925352,2240319.600517421,2224841.0579554588,2209303.777959746,2193704.97918992,2178041.8160237223,2162311.3769289553,2146510.682794799,2130636.6852215184]],"stack":null}
[2026-03-04T06:40:32.188Z] {"timestamp":1772606431907,"level":"LOG","args":["[DEBUG] IRR calculated:","0.05368575162351056","as percentage:","5.37%"],"stack":null}
[2026-03-04T06:40:32.188Z] {"timestamp":1772606431907,"level":"LOG","args":["[DEBUG] IRR cashFlows:",[-23654970,2347245.6,2332105.4176000003,2316924.2959296005,2301699.8612458818,2286429.685863398,2271111.286784007,2255742.1242925352,2240319.600517421,2224841.0579554588,2209303.777959746,2193704.97918992,2178041.8160237223,2162311.3769289553,2146510.682794799,2130636.6852215184]],"stack":null}
[2026-03-04T06:40:32.188Z] {"timestamp":1772606431908,"level":"LOG","args":["[DEBUG] IRR calculated:","0.04832853410409417","as percentage:","4.83%"],"stack":null}
[2026-03-04T06:40:32.188Z] {"timestamp":1772606431908,"level":"LOG","args":["[DEBUG] IRR cashFlows:",[-24819920,2347245.6,2332105.4176000003,2316924.2959296005,2301699.8612458818,2286429.685863398,2271111.286784007,2255742.1242925352,2240319.600517421,2224841.0579554588,2209303.777959746,2193704.97918992,2178041.8160237223,2162311.3769289553,2146510.682794799,2130636.6852215184]],"stack":null}
[2026-03-04T06:40:32.188Z] {"timestamp":1772606431909,"level":"LOG","args":["[DEBUG] IRR calculated:","0.04121756847793396","as percentage:","4.12%"],"stack":null}
[2026-03-04T06:40:32.188Z] {"timestamp":1772606431909,"level":"LOG","args":["[DEBUG] IRR cashFlows:",[-22005470,2347245.6,2332105.4176000003,2316924.2959296005,2301699.8612458818,2286429.685863398,2271111.286784007,2255742.1242925352,2240319.600517421,2224841.0579554588,2209303.777959746,2193704.97918992,2178041.8160237223,2162311.3769289553,2146510.682794799,2130636.6852215184]],"stack":null}
[2026-03-04T06:40:32.188Z] {"timestamp":1772606431909,"level":"LOG","args":["[DEBUG] IRR calculated:","0.05935626009265614","as percentage:","5.94%"],"stack":null}
[2026-03-04T06:40:32.188Z] {"timestamp":1772606431910,"level":"LOG","args":["[DEBUG] IRR cashFlows:",[-22283770,2347245.6,2332105.4176000003,2316924.2959296005,2301699.8612458818,2286429.685863398,2271111.286784007,2255742.1242925352,2240319.600517421,2224841.0579554588,2209303.777959746,2193704.97918992,2178041.8160237223,2162311.3769289553,2146510.682794799,2130636.6852215184]],"stack":null}
[2026-03-04T06:40:32.188Z] {"timestamp":1772606431910,"level":"LOG","args":["[DEBUG] IRR calculated:","0.057408840891799956","as percentage:","5.74%"],"stack":null}
[2026-03-04T06:40:32.188Z] {"timestamp":1772606431910,"level":"LOG","args":["[DEBUG] IRR cashFlows:",[-22657520,2347245.6,2332105.4176000003,2316924.2959296005,2301699.8612458818,2286429.685863398,2271111.286784007,2255742.1242925352,2240319.600517421,2224841.0579554588,2209303.777959746,2193704.97918992,2178041.8160237223,2162311.3769289553,2146510.682794799,2130636.6852215184]],"stack":null}
[2026-03-04T06:40:32.188Z] {"timestamp":1772606431911,"level":"LOG","args":["[DEBUG] IRR calculated:","0.05485116325604188","as percentage:","5.49%"],"stack":null}
[2026-03-04T06:40:32.188Z] {"timestamp":1772606431911,"level":"LOG","args":["[DEBUG] IRR cashFlows:",[-23216995,2347245.6,2332105.4176000003,2316924.2959296005,2301699.8612458818,2286429.685863398,2271111.286784007,2255742.1242925352,2240319.600517421,2224841.0579554588,2209303.777959746,2193704.97918992,2178041.8160237223,2162311.3769289553,2146510.682794799,2130636.6852215184]],"stack":null}
[2026-03-04T06:40:32.188Z] {"timestamp":1772606431911,"level":"LOG","args":["[DEBUG] IRR calculated:","0.0511402269691923","as percentage:","5.11%"],"stack":null}
[2026-03-04T06:40:32.188Z] {"timestamp":1772606431911,"level":"LOG","args":["[DEBUG] IRR cashFlows:",[-24155970,2347245.6,2332105.4176000003,2316924.2959296005,2301699.8612458818,2286429.685863398,2271111.286784007,2255742.1242925352,2240319.600517421,2224841.0579554588,2209303.777959746,2193704.97918992,2178041.8160237223,2162311.3769289553,2146510.682794799,2130636.6852215184]],"stack":null}
[2026-03-04T06:40:32.188Z] {"timestamp":1772606431911,"level":"LOG","args":["[DEBUG] IRR calculated:","0.045207152988601854","as percentage:","4.52%"],"stack":null}
[2026-03-04T06:40:32.188Z] {"timestamp":1772606431912,"level":"LOG","args":["[DEBUG] IRR cashFlows:",[-25481920,2347245.6,2332105.4176000003,2316924.2959296005,2301699.8612458818,2286429.685863398,2271111.286784007,2255742.1242925352,2240319.600517421,2224841.0579554588,2209303.777959746,2193704.97918992,2178041.8160237223,2162311.3769289553,2146510.682794799,2130636.6852215184]],"stack":null}
[2026-03-04T06:40:32.188Z] {"timestamp":1772606431912,"level":"LOG","args":["[DEBUG] IRR calculated:","0.03739585270350466","as percentage:","3.74%"],"stack":null}
[2026-03-04T06:40:32.188Z] {"timestamp":1772606431912,"level":"LOG","args":["[DEBUG] IRR cashFlows:",[-22241970,2347245.6,2332105.4176000003,2316924.2959296005,2301699.8612458818,2286429.685863398,2271111.286784007,2255742.1242925352,2240319.600517421,2224841.0579554588,2209303.777959746,2193704.97918992,2178041.8160237223,2162311.3769289553,2146510.682794799,2130636.6852215184]],"stack":null}
[2026-03-04T06:40:32.188Z] {"timestamp":1772606431912,"level":"LOG","args":["[DEBUG] IRR calculated:","0.057698960409099664","as percentage:","5.77%"],"stack":null}
[2026-03-04T06:40:32.188Z] {"timestamp":1772606431912,"level":"LOG","args":["[DEBUG] IRR cashFlows:",[-22554770,2347245.6,2332105.4176000003,2316924.2959296005,2301699.8612458818,2286429.685863398,2271111.286784007,2255742.1242925352,2240319.600517421,2224841.0579554588,2209303.777959746,2193704.97918992,2178041.8160237223,2162311.3769289553,2146510.682794799,2130636.6852215184]],"stack":null}
[2026-03-04T06:40:32.188Z] {"timestamp":1772606431913,"level":"LOG","args":["[DEBUG] IRR calculated:","0.05554786743469475","as percentage:","5.55%"],"stack":null}
[2026-03-04T06:40:32.188Z] {"timestamp":1772606431913,"level":"LOG","args":["[DEBUG] IRR cashFlows:",[-22974520,2347245.6,2332105.4176000003,2316924.2959296005,2301699.8612458818,2286429.685863398,2271111.286784007,2255742.1242925352,2240319.600517421,2224841.0579554588,2209303.777959746,2193704.97918992,2178041.8160237223,2162311.3769289553,2146510.682794799,2130636.6852215184]],"stack":null}
[2026-03-04T06:40:32.188Z] {"timestamp":1772606431913,"level":"LOG","args":["[DEBUG] IRR calculated:","0.052731676639772296","as percentage:","5.27%"],"stack":null}
[2026-03-04T06:40:32.188Z] {"timestamp":1772606431913,"level":"LOG","args":["[DEBUG] IRR cashFlows:",[-23602995,2347245.6,2332105.4176000003,2316924.2959296005,2301699.8612458818,2286429.685863398,2271111.286784007,2255742.1242925352,2240319.600517421,2224841.0579554588,2209303.777959746,2193704.97918992,2178041.8160237223,2162311.3769289553,2146510.682794799,2130636.6852215184]],"stack":null}
[2026-03-04T06:40:32.188Z] {"timestamp":1772606431914,"level":"LOG","args":["[DEBUG] IRR calculated:","0.04865806819294149","as percentage:","4.87%"],"stack":null}
[2026-03-04T06:40:32.188Z] {"timestamp":1772606431914,"level":"LOG","args":["[DEBUG] IRR cashFlows:",[-24656970,2347245.6,2332105.4176000003,2316924.2959296005,2301699.8612458818,2286429.685863398,2271111.286784007,2255742.1242925352,2240319.600517421,2224841.0579554588,2209303.777959746,2193704.97918992,2178041.8160237223,2162311.3769289553,2146510.682794799,2130636.6852215184]],"stack":null}
[2026-03-04T06:40:32.188Z] {"timestamp":1772606431914,"level":"LOG","args":["[DEBUG] IRR calculated:","0.04218175772827382","as percentage:","4.22%"],"stack":null}
[2026-03-04T06:40:32.188Z] {"timestamp":1772606431914,"level":"LOG","args":["[DEBUG] IRR cashFlows:",[-26143920,2347245.6,2332105.4176000003,2316924.2959296005,2301699.8612458818,2286429.685863398,2271111.286784007,2255742.1242925352,2240319.600517421,2224841.0579554588,2209303.777959746,2193704.97918992,2178041.8160237223,2162311.3769289553,2146510.682794799,2130636.6852215184]],"stack":null}
[2026-03-04T06:40:32.188Z] {"timestamp":1772606431914,"level":"LOG","args":["[DEBUG] IRR calculated:","0.03371948310590141","as percentage:","3.37%"],"stack":null}
[2026-03-04T06:40:32.188Z] {"timestamp":1772606431915,"level":"LOG","args":["[DEBUG] IRR cashFlows:",[-22478470,2347245.6,2332105.4176000003,2316924.2959296005,2301699.8612458818,2286429.685863398,2271111.286784007,2255742.1242925352,2240319.600517421,2224841.0579554588,2209303.777959746,2193704.97918992,2178041.8160237223,2162311.3769289553,2146510.682794799,2130636.6852215184]],"stack":null}
[2026-03-04T06:40:32.188Z] {"timestamp":1772606431915,"level":"LOG","args":["[DEBUG] IRR calculated:","0.05606836197584341","as percentage:","5.61%"],"stack":null}
[2026-03-04T06:40:32.188Z] {"timestamp":1772606431915,"level":"LOG","args":["[DEBUG] IRR cashFlows:",[-22825770,2347245.6,2332105.4176000003,2316924.2959296005,2301699.8612458818,2286429.685863398,2271111.286784007,2255742.1242925352,2240319.600517421,2224841.0579554588,2209303.777959746,2193704.97918992,2178041.8160237223,2162311.3769289553,2146510.682794799,2130636.6852215184]],"stack":null}
[2026-03-04T06:40:32.188Z] {"timestamp":1772606431915,"level":"LOG","args":["[DEBUG] IRR calculated:","0.053720656465298784","as percentage:","5.37%"],"stack":null}
[2026-03-04T06:40:32.188Z] {"timestamp":1772606431916,"level":"LOG","args":["[DEBUG] IRR cashFlows:",[-23291520,2347245.6,2332105.4176000003,2316924.2959296005,2301699.8612458818,2286429.685863398,2271111.286784007,2255742.1242925352,2240319.600517421,2224841.0579554588,2209303.777959746,2193704.97918992,2178041.8160237223,2162311.3769289553,2146510.682794799,2130636.6852215184]],"stack":null}
[2026-03-04T06:40:32.188Z] {"timestamp":1772606431916,"level":"LOG","args":["[DEBUG] IRR calculated:","0.05065614821353178","as percentage:","5.07%"],"stack":null}
[2026-03-04T06:40:32.188Z] {"timestamp":1772606431916,"level":"LOG","args":["[DEBUG] IRR cashFlows:",[-23988995,2347245.6,2332105.4176000003,2316924.2959296005,2301699.8612458818,2286429.685863398,2271111.286784007,2255742.1242925352,2240319.600517421,2224841.0579554588,2209303.777959746,2193704.97918992,2178041.8160237223,2162311.3769289553,2146510.682794799,2130636.6852215184]],"stack":null}
[2026-03-04T06:40:32.188Z] {"timestamp":1772606431917,"level":"LOG","args":["[DEBUG] IRR calculated:","0.04623652840614501","as percentage:","4.62%"],"stack":null}
[2026-03-04T06:40:32.188Z] {"timestamp":1772606431917,"level":"LOG","args":["[DEBUG] IRR cashFlows:",[-25157970,2347245.6,2332105.4176000003,2316924.2959296005,2301699.8612458818,2286429.685863398,2271111.286784007,2255742.1242925352,2240319.600517421,2224841.0579554588,2209303.777959746,2193704.97918992,2178041.8160237223,2162311.3769289553,2146510.682794799,2130636.6852215184]],"stack":null}
[2026-03-04T06:40:32.188Z] {"timestamp":1772606431917,"level":"LOG","args":["[DEBUG] IRR calculated:","0.03924722036257718","as percentage:","3.92%"],"stack":null}
[2026-03-04T06:40:32.188Z] {"timestamp":1772606431917,"level":"LOG","args":["[DEBUG] IRR cashFlows:",[-26805920,2347245.6,2332105.4176000003,2316924.2959296005,2301699.8612458818,2286429.685863398,2271111.286784007,2255742.1242925352,2240319.600517421,2224841.0579554588,2209303.777959746,2193704.97918992,2178041.8160237223,2162311.3769289553,2146510.682794799,2130636.6852215184]],"stack":null}
[2026-03-04T06:40:32.188Z] {"timestamp":1772606431918,"level":"LOG","args":["[DEBUG] IRR calculated:","0.03017888385735712","as percentage:","3.02%"],"stack":null}
[2026-03-04T06:40:32.188Z] {"timestamp":1772606431918,"level":"LOG","args":["[DEBUG SENSITIVITY] Matrix minIrr:","0.03017888385735712","maxIrr:","0.07177519955991235","minIrr%:","3.02","maxIrr%:","7.18"],"stack":null}
[2026-03-04T06:40:32.188Z] {"timestamp":1772606431997,"level":"LOG","args":["[DEBUG] IRR cashFlows:",[-19140146,2347245.6,2332105.4176000003,2316924.2959296005,2301699.8612458818,2286429.685863398,2271111.286784007,2255742.1242925352,2240319.600517421,2224841.0579554588,2209303.777959746,2193704.97918992,2178041.8160237223,2162311.3769289553,2146510.682794799,2130636.6852215184]],"stack":null}
[2026-03-04T06:40:32.188Z] {"timestamp":1772606431998,"level":"LOG","args":["[DEBUG] IRR calculated:","0.08188810011210194","as percentage:","8.19%"],"stack":null}
[2026-03-04T06:40:32.188Z] {"timestamp":1772606431998,"level":"LOG","args":["[DEBUG] IRR cashFlows:",[-16693783,2347245.6,2332105.4176000003,2316924.2959296005,2301699.8612458818,2286429.685863398,2271111.286784007,2255742.1242925352,2240319.600517421,2224841.0579554588,2209303.777959746,2193704.97918992,2178041.8160237223,2162311.3769289553,2146510.682794799,2130636.6852215184]],"stack":null}
[2026-03-04T06:40:32.188Z] {"timestamp":1772606431999,"level":"LOG","args":["[DEBUG] IRR calculated:","0.10578335620220448","as percentage:","10.58%"],"stack":null}
[2026-03-04T06:40:32.188Z] {"timestamp":1772606431999,"level":"LOG","args":["[DEBUG SENSITIVITY] First cell (6kV, 1km):",{"lcoe":107.23664415668291,"irr":0.10578335620220448,"irrPercent":"10.58"}],"stack":null}
[2026-03-04T06:40:32.188Z] {"timestamp":1772606431999,"level":"LOG","args":["[DEBUG] IRR cashFlows:",[-16730583,2347245.6,2332105.4176000003,2316924.2959296005,2301699.8612458818,2286429.685863398,2271111.286784007,2255742.1242925352,2240319.600517421,2224841.0579554588,2209303.777959746,2193704.97918992,2178041.8160237223,2162311.3769289553,2146510.682794799,2130636.6852215184]],"stack":null}
[2026-03-04T06:40:32.188Z] {"timestamp":1772606432000,"level":"LOG","args":["[DEBUG] IRR calculated:","0.1053829568135391","as percentage:","10.54%"],"stack":null}
[2026-03-04T06:40:32.188Z] {"timestamp":1772606432000,"level":"LOG","args":["[DEBUG] IRR cashFlows:",[-16782333,2347245.6,2332105.4176000003,2316924.2959296005,2301699.8612458818,2286429.685863398,2271111.286784007,2255742.1242925352,2240319.600517421,2224841.0579554588,2209303.777959746,2193704.97918992,2178041.8160237223,2162311.3769289553,2146510.682794799,2130636.6852215184]],"stack":null}
[2026-03-04T06:40:32.188Z] {"timestamp":1772606432001,"level":"LOG","args":["[DEBUG] IRR calculated:","0.10482228706070094","as percentage:","10.48%"],"stack":null}
[2026-03-04T06:40:32.188Z] {"timestamp":1772606432001,"level":"LOG","args":["[DEBUG] IRR cashFlows:",[-16858808,2347245.6,2332105.4176000003,2316924.2959296005,2301699.8612458818,2286429.685863398,2271111.286784007,2255742.1242925352,2240319.600517421,2224841.0579554588,2209303.777959746,2193704.97918992,2178041.8160237223,2162311.3769289553,2146510.682794799,2130636.6852215184]],"stack":null}
[2026-03-04T06:40:32.188Z] {"timestamp":1772606432001,"level":"LOG","args":["[DEBUG] IRR calculated:","0.10399881340905252","as percentage:","10.40%"],"stack":null}
[2026-03-04T06:40:32.188Z] {"timestamp":1772606432002,"level":"LOG","args":["[DEBUG] IRR cashFlows:",[-16992783,2347245.6,2332105.4176000003,2316924.2959296005,2301699.8612458818,2286429.685863398,2271111.286784007,2255742.1242925352,2240319.600517421,2224841.0579554588,2209303.777959746,2193704.97918992,2178041.8160237223,2162311.3769289553,2146510.682794799,2130636.6852215184]],"stack":null}
[2026-03-04T06:40:32.188Z] {"timestamp":1772606432002,"level":"LOG","args":["[DEBUG] IRR calculated:","0.10257055917965041","as percentage:","10.26%"],"stack":null}
[2026-03-04T06:40:32.188Z] {"timestamp":1772606432002,"level":"LOG","args":["[DEBUG] IRR cashFlows:",[-17191733,2347245.6,2332105.4176000003,2316924.2959296005,2301699.8612458818,2286429.685863398,2271111.286784007,2255742.1242925352,2240319.600517421,2224841.0579554588,2209303.777959746,2193704.97918992,2178041.8160237223,2162311.3769289553,2146510.682794799,2130636.6852215184]],"stack":null}
[2026-03-04T06:40:32.188Z] {"timestamp":1772606432003,"level":"LOG","args":["[DEBUG] IRR calculated:","0.10048264646681052","as percentage:","10.05%"],"stack":null}
[2026-03-04T06:40:32.188Z] {"timestamp":1772606432003,"level":"LOG","args":["[DEBUG] IRR cashFlows:",[-16930283,2347245.6,2332105.4176000003,2316924.2959296005,2301699.8612458818,2286429.685863398,2271111.286784007,2255742.1242925352,2240319.600517421,2224841.0579554588,2209303.777959746,2193704.97918992,2178041.8160237223,2162311.3769289553,2146510.682794799,2130636.6852215184]],"stack":null}
[2026-03-04T06:40:32.188Z] {"timestamp":1772606432004,"level":"LOG","args":["[DEBUG] IRR calculated:","0.1032345882189762","as percentage:","10.32%"],"stack":null}
[2026-03-04T06:40:32.188Z] {"timestamp":1772606432004,"level":"LOG","args":["[DEBUG] IRR cashFlows:",[-17001583,2347245.6,2332105.4176000003,2316924.2959296005,2301699.8612458818,2286429.685863398,2271111.286784007,2255742.1242925352,2240319.600517421,2224841.0579554588,2209303.777959746,2193704.97918992,2178041.8160237223,2162311.3769289553,2146510.682794799,2130636.6852215184]],"stack":null}
[2026-03-04T06:40:32.188Z] {"timestamp":1772606432004,"level":"LOG","args":["[DEBUG] IRR calculated:","0.10247737864401013","as percentage:","10.25%"],"stack":null}
[2026-03-04T06:40:32.188Z] {"timestamp":1772606432005,"level":"LOG","args":["[DEBUG] IRR cashFlows:",[-17099333,2347245.6,2332105.4176000003,2316924.2959296005,2301699.8612458818,2286429.685863398,2271111.286784007,2255742.1242925352,2240319.600517421,2224841.0579554588,2209303.777959746,2193704.97918992,2178041.8160237223,2162311.3769289553,2146510.682794799,2130636.6852215184]],"stack":null}
[2026-03-04T06:40:32.188Z] {"timestamp":1772606432005,"level":"LOG","args":["[DEBUG] IRR calculated:","0.10144751015600208","as percentage:","10.14%"],"stack":null}
[2026-03-04T06:40:32.188Z] {"timestamp":1772606432005,"level":"LOG","args":["[DEBUG] IRR cashFlows:",[-17244808,2347245.6,2332105.4176000003,2316924.2959296005,2301699.8612458818,2286429.685863398,2271111.286784007,2255742.1242925352,2240319.600517421,2224841.0579554588,2209303.777959746,2193704.97918992,2178041.8160237223,2162311.3769289553,2146510.682794799,2130636.6852215184]],"stack":null}
[2026-03-04T06:40:32.188Z] {"timestamp":1772606432006,"level":"LOG","args":["[DEBUG] IRR calculated:","0.09993217057313891","as percentage:","9.99%"],"stack":null}
[2026-03-04T06:40:32.188Z] {"timestamp":1772606432006,"level":"LOG","args":["[DEBUG] IRR cashFlows:",[-17493783,2347245.6,2332105.4176000003,2316924.2959296005,2301699.8612458818,2286429.685863398,2271111.286784007,2255742.1242925352,2240319.600517421,2224841.0579554588,2209303.777959746,2193704.97918992,2178041.8160237223,2162311.3769289553,2146510.682794799,2130636.6852215184]],"stack":null}
[2026-03-04T06:40:32.188Z] {"timestamp":1772606432007,"level":"LOG","args":["[DEBUG] IRR calculated:","0.097385610610615","as percentage:","9.74%"],"stack":null}
[2026-03-04T06:40:32.188Z] {"timestamp":1772606432007,"level":"LOG","args":["[DEBUG] IRR cashFlows:",[-17853733,2347245.6,2332105.4176000003,2316924.2959296005,2301699.8612458818,2286429.685863398,2271111.286784007,2255742.1242925352,2240319.600517421,2224841.0579554588,2209303.777959746,2193704.97918992,2178041.8160237223,2162311.3769289553,2146510.682794799,2130636.6852215184]],"stack":null}
[2026-03-04T06:40:32.188Z] {"timestamp":1772606432007,"level":"LOG","args":["[DEBUG] IRR calculated:","0.09380450938138768","as percentage:","9.38%"],"stack":null}
[2026-03-04T06:40:32.188Z] {"timestamp":1772606432008,"level":"LOG","args":["[DEBUG] IRR cashFlows:",[-17166783,2347245.6,2332105.4176000003,2316924.2959296005,2301699.8612458818,2286429.685863398,2271111.286784007,2255742.1242925352,2240319.600517421,2224841.0579554588,2209303.777959746,2193704.97918992,2178041.8160237223,2162311.3769289553,2146510.682794799,2130636.6852215184]],"stack":null}
[2026-03-04T06:40:32.188Z] {"timestamp":1772606432008,"level":"LOG","args":["[DEBUG] IRR calculated:","0.10074236053473883","as percentage:","10.07%"],"stack":null}
[2026-03-04T06:40:32.188Z] {"timestamp":1772606432008,"level":"LOG","args":["[DEBUG] IRR cashFlows:",[-17272583,2347245.6,2332105.4176000003,2316924.2959296005,2301699.8612458818,2286429.685863398,2271111.286784007,2255742.1242925352,2240319.600517421,2224841.0579554588,2209303.777959746,2193704.97918992,2178041.8160237223,2162311.3769289553,2146510.682794799,2130636.6852215184]],"stack":null}
[2026-03-04T06:40:32.188Z] {"timestamp":1772606432009,"level":"LOG","args":["[DEBUG] IRR calculated:","0.09964517713912449","as percentage:","9.96%"],"stack":null}
[2026-03-04T06:40:32.188Z] {"timestamp":1772606432009,"level":"LOG","args":["[DEBUG] IRR cashFlows:",[-17416333,2347245.6,2332105.4176000003,2316924.2959296005,2301699.8612458818,2286429.685863398,2271111.286784007,2255742.1242925352,2240319.600517421,2224841.0579554588,2209303.777959746,2193704.97918992,2178041.8160237223,2162311.3769289553,2146510.682794799,2130636.6852215184]],"stack":null}
[2026-03-04T06:40:32.188Z] {"timestamp":1772606432010,"level":"LOG","args":["[DEBUG] IRR calculated:","0.09817154771704771","as percentage:","9.82%"],"stack":null}
[2026-03-04T06:40:32.188Z] {"timestamp":1772606432010,"level":"LOG","args":["[DEBUG] IRR cashFlows:",[-17630808,2347245.6,2332105.4176000003,2316924.2959296005,2301699.8612458818,2286429.685863398,2271111.286784007,2255742.1242925352,2240319.600517421,2224841.0579554588,2209303.777959746,2193704.97918992,2178041.8160237223,2162311.3769289553,2146510.682794799,2130636.6852215184]],"stack":null}
[2026-03-04T06:40:32.188Z] {"timestamp":1772606432010,"level":"LOG","args":["[DEBUG] IRR calculated:","0.09600863882410789","as percentage:","9.60%"],"stack":null}
[2026-03-04T06:40:32.188Z] {"timestamp":1772606432011,"level":"LOG","args":["[DEBUG] IRR cashFlows:",[-17994783,2347245.6,2332105.4176000003,2316924.2959296005,2301699.8612458818,2286429.685863398,2271111.286784007,2255742.1242925352,2240319.600517421,2224841.0579554588,2209303.777959746,2193704.97918992,2178041.8160237223,2162311.3769289553,2146510.682794799,2130636.6852215184]],"stack":null}
[2026-03-04T06:40:32.188Z] {"timestamp":1772606432011,"level":"LOG","args":["[DEBUG] IRR calculated:","0.09243237689329904","as percentage:","9.24%"],"stack":null}
[2026-03-04T06:40:32.188Z] {"timestamp":1772606432011,"level":"LOG","args":["[DEBUG] IRR cashFlows:",[-18515733,2347245.6,2332105.4176000003,2316924.2959296005,2301699.8612458818,2286429.685863398,2271111.286784007,2255742.1242925352,2240319.600517421,2224841.0579554588,2209303.777959746,2193704.97918992,2178041.8160237223,2162311.3769289553,2146510.682794799,2130636.6852215184]],"stack":null}
[2026-03-04T06:40:32.188Z] {"timestamp":1772606432012,"level":"LOG","args":["[DEBUG] IRR calculated:","0.08750885979621777","as percentage:","8.75%"],"stack":null}
[2026-03-04T06:40:32.188Z] {"timestamp":1772606432012,"level":"LOG","args":["[DEBUG] IRR cashFlows:",[-17403283,2347245.6,2332105.4176000003,2316924.2959296005,2301699.8612458818,2286429.685863398,2271111.286784007,2255742.1242925352,2240319.600517421,2224841.0579554588,2209303.777959746,2193704.97918992,2178041.8160237223,2162311.3769289553,2146510.682794799,2130636.6852215184]],"stack":null}
[2026-03-04T06:40:32.188Z] {"timestamp":1772606432013,"level":"LOG","args":["[DEBUG] IRR calculated:","0.09830452444306234","as percentage:","9.83%"],"stack":null}
[2026-03-04T06:40:32.188Z] {"timestamp":1772606432013,"level":"LOG","args":["[DEBUG] IRR cashFlows:",[-17543583,2347245.6,2332105.4176000003,2316924.2959296005,2301699.8612458818,2286429.685863398,2271111.286784007,2255742.1242925352,2240319.600517421,2224841.0579554588,2209303.777959746,2193704.97918992,2178041.8160237223,2162311.3769289553,2146510.682794799,2130636.6852215184]],"stack":null}
[2026-03-04T06:40:32.188Z] {"timestamp":1772606432014,"level":"LOG","args":["[DEBUG] IRR calculated:","0.09688318382174635","as percentage:","9.69%"],"stack":null}
[2026-03-04T06:40:32.188Z] {"timestamp":1772606432014,"level":"LOG","args":["[DEBUG] IRR cashFlows:",[-17733333,2347245.6,2332105.4176000003,2316924.2959296005,2301699.8612458818,2286429.685863398,2271111.286784007,2255742.1242925352,2240319.600517421,2224841.0579554588,2209303.777959746,2193704.97918992,2178041.8160237223,2162311.3769289553,2146510.682794799,2130636.6852215184]],"stack":null}
[2026-03-04T06:40:32.188Z] {"timestamp":1772606432014,"level":"LOG","args":["[DEBUG] IRR calculated:","0.09498946472182843","as percentage:","9.50%"],"stack":null}
[2026-03-04T06:40:32.188Z] {"timestamp":1772606432015,"level":"LOG","args":["[DEBUG] IRR cashFlows:",[-18016808,2347245.6,2332105.4176000003,2316924.2959296005,2301699.8612458818,2286429.685863398,2271111.286784007,2255742.1242925352,2240319.600517421,2224841.0579554588,2209303.777959746,2193704.97918992,2178041.8160237223,2162311.3769289553,2146510.682794799,2130636.6852215184]],"stack":null}
[2026-03-04T06:40:32.188Z] {"timestamp":1772606432015,"level":"LOG","args":["[DEBUG] IRR calculated:","0.09221965904950226","as percentage:","9.22%"],"stack":null}
[2026-03-04T06:40:32.188Z] {"timestamp":1772606432015,"level":"LOG","args":["[DEBUG] IRR cashFlows:",[-18495783,2347245.6,2332105.4176000003,2316924.2959296005,2301699.8612458818,2286429.685863398,2271111.286784007,2255742.1242925352,2240319.600517421,2224841.0579554588,2209303.777959746,2193704.97918992,2178041.8160237223,2162311.3769289553,2146510.682794799,2130636.6852215184]],"stack":null}
[2026-03-04T06:40:32.188Z] {"timestamp":1772606432016,"level":"LOG","args":["[DEBUG] IRR calculated:","0.08769336072306687","as percentage:","8.77%"],"stack":null}
[2026-03-04T06:40:32.188Z] {"timestamp":1772606432016,"level":"LOG","args":["[DEBUG] IRR cashFlows:",[-19177733,2347245.6,2332105.4176000003,2316924.2959296005,2301699.8612458818,2286429.685863398,2271111.286784007,2255742.1242925352,2240319.600517421,2224841.0579554588,2209303.777959746,2193704.97918992,2178041.8160237223,2162311.3769289553,2146510.682794799,2130636.6852215184]],"stack":null}
[2026-03-04T06:40:32.188Z] {"timestamp":1772606432017,"level":"LOG","args":["[DEBUG] IRR calculated:","0.08155896126816733","as percentage:","8.16%"],"stack":null}
[2026-03-04T06:40:32.188Z] {"timestamp":1772606432017,"level":"LOG","args":["[DEBUG] IRR cashFlows:",[-17639783,2347245.6,2332105.4176000003,2316924.2959296005,2301699.8612458818,2286429.685863398,2271111.286784007,2255742.1242925352,2240319.600517421,2224841.0579554588,2209303.777959746,2193704.97918992,2178041.8160237223,2162311.3769289553,2146510.682794799,2130636.6852215184]],"stack":null}
[2026-03-04T06:40:32.188Z] {"timestamp":1772606432017,"level":"LOG","args":["[DEBUG] IRR calculated:","0.09591904397068707","as percentage:","9.59%"],"stack":null}
[2026-03-04T06:40:32.188Z] {"timestamp":1772606432018,"level":"LOG","args":["[DEBUG] IRR cashFlows:",[-17814583,2347245.6,2332105.4176000003,2316924.2959296005,2301699.8612458818,2286429.685863398,2271111.286784007,2255742.1242925352,2240319.600517421,2224841.0579554588,2209303.777959746,2193704.97918992,2178041.8160237223,2162311.3769289553,2146510.682794799,2130636.6852215184]],"stack":null}
[2026-03-04T06:40:32.188Z] {"timestamp":1772606432018,"level":"LOG","args":["[DEBUG] IRR calculated:","0.09418841875687332","as percentage:","9.42%"],"stack":null}
[2026-03-04T06:40:32.188Z] {"timestamp":1772606432019,"level":"LOG","args":["[DEBUG] IRR cashFlows:",[-18050333,2347245.6,2332105.4176000003,2316924.2959296005,2301699.8612458818,2286429.685863398,2271111.286784007,2255742.1242925352,2240319.600517421,2224841.0579554588,2209303.777959746,2193704.97918992,2178041.8160237223,2162311.3769289553,2146510.682794799,2130636.6852215184]],"stack":null}
[2026-03-04T06:40:32.188Z] {"timestamp":1772606432020,"level":"LOG","args":["[DEBUG] IRR calculated:","0.09189666498841542","as percentage:","9.19%"],"stack":null}
[2026-03-04T06:40:32.188Z] {"timestamp":1772606432020,"level":"LOG","args":["[DEBUG] IRR cashFlows:",[-18402808,2347245.6,2332105.4176000003,2316924.2959296005,2301699.8612458818,2286429.685863398,2271111.286784007,2255742.1242925352,2240319.600517421,2224841.0579554588,2209303.777959746,2193704.97918992,2178041.8160237223,2162311.3769289553,2146510.682794799,2130636.6852215184]],"stack":null}
[2026-03-04T06:40:32.188Z] {"timestamp":1772606432021,"level":"LOG","args":["[DEBUG] IRR calculated:","0.08855737346756919","as percentage:","8.86%"],"stack":null}
[2026-03-04T06:40:32.188Z] {"timestamp":1772606432021,"level":"LOG","args":["[DEBUG] IRR cashFlows:",[-18996783,2347245.6,2332105.4176000003,2316924.2959296005,2301699.8612458818,2286429.685863398,2271111.286784007,2255742.1242925352,2240319.600517421,2224841.0579554588,2209303.777959746,2193704.97918992,2178041.8160237223,2162311.3769289553,2146510.682794799,2130636.6852215184]],"stack":null}
[2026-03-04T06:40:32.188Z] {"timestamp":1772606432021,"level":"LOG","args":["[DEBUG] IRR calculated:","0.08315286513686267","as percentage:","8.32%"],"stack":null}
[2026-03-04T06:40:32.188Z] {"timestamp":1772606432022,"level":"LOG","args":["[DEBUG] IRR cashFlows:",[-19839733,2347245.6,2332105.4176000003,2316924.2959296005,2301699.8612458818,2286429.685863398,2271111.286784007,2255742.1242925352,2240319.600517421,2224841.0579554588,2209303.777959746,2193704.97918992,2178041.8160237223,2162311.3769289553,2146510.682794799,2130636.6852215184]],"stack":null}
[2026-03-04T06:40:32.188Z] {"timestamp":1772606432022,"level":"LOG","args":["[DEBUG] IRR calculated:","0.07592285116027965","as percentage:","7.59%"],"stack":null}
[2026-03-04T06:40:32.188Z] {"timestamp":1772606432022,"level":"LOG","args":["[DEBUG] IRR cashFlows:",[-17876283,2347245.6,2332105.4176000003,2316924.2959296005,2301699.8612458818,2286429.685863398,2271111.286784007,2255742.1242925352,2240319.600517421,2224841.0579554588,2209303.777959746,2193704.97918992,2178041.8160237223,2162311.3769289553,2146510.682794799,2130636.6852215184]],"stack":null}
[2026-03-04T06:40:32.188Z] {"timestamp":1772606432023,"level":"LOG","args":["[DEBUG] IRR calculated:","0.09358398843408036","as percentage:","9.36%"],"stack":null}
[2026-03-04T06:40:32.188Z] {"timestamp":1772606432023,"level":"LOG","args":["[DEBUG] IRR cashFlows:",[-18085583,2347245.6,2332105.4176000003,2316924.2959296005,2301699.8612458818,2286429.685863398,2271111.286784007,2255742.1242925352,2240319.600517421,2224841.0579554588,2209303.777959746,2193704.97918992,2178041.8160237223,2162311.3769289553,2146510.682794799,2130636.6852215184]],"stack":null}
[2026-03-04T06:40:32.188Z] {"timestamp":1772606432024,"level":"LOG","args":["[DEBUG] IRR calculated:","0.09155807645682093","as percentage:","9.16%"],"stack":null}
[2026-03-04T06:40:32.188Z] {"timestamp":1772606432024,"level":"LOG","args":["[DEBUG] IRR cashFlows:",[-18367333,2347245.6,2332105.4176000003,2316924.2959296005,2301699.8612458818,2286429.685863398,2271111.286784007,2255742.1242925352,2240319.600517421,2224841.0579554588,2209303.777959746,2193704.97918992,2178041.8160237223,2162311.3769289553,2146510.682794799,2130636.6852215184]],"stack":null}
[2026-03-04T06:40:32.188Z] {"timestamp":1772606432024,"level":"LOG","args":["[DEBUG] IRR calculated:","0.08888886201310844","as percentage:","8.89%"],"stack":null}
[2026-03-04T06:40:32.188Z] {"timestamp":1772606432025,"level":"LOG","args":["[DEBUG] IRR cashFlows:",[-18788808,2347245.6,2332105.4176000003,2316924.2959296005,2301699.8612458818,2286429.685863398,2271111.286784007,2255742.1242925352,2240319.600517421,2224841.0579554588,2209303.777959746,2193704.97918992,2178041.8160237223,2162311.3769289553,2146510.682794799,2130636.6852215184]],"stack":null}
[2026-03-04T06:40:32.188Z] {"timestamp":1772606432025,"level":"LOG","args":["[DEBUG] IRR calculated:","0.08501455383000364","as percentage:","8.50%"],"stack":null}
[2026-03-04T06:40:32.188Z] {"timestamp":1772606432025,"level":"LOG","args":["[DEBUG] IRR cashFlows:",[-19497783,2347245.6,2332105.4176000003,2316924.2959296005,2301699.8612458818,2286429.685863398,2271111.286784007,2255742.1242925352,2240319.600517421,2224841.0579554588,2209303.777959746,2193704.97918992,2178041.8160237223,2162311.3769289553,2146510.682794799,2130636.6852215184]],"stack":null}
[2026-03-04T06:40:32.188Z] {"timestamp":1772606432026,"level":"LOG","args":["[DEBUG] IRR calculated:","0.07879676326508102","as percentage:","7.88%"],"stack":null}
[2026-03-04T06:40:32.188Z] {"timestamp":1772606432026,"level":"LOG","args":["[DEBUG] IRR cashFlows:",[-20501733,2347245.6,2332105.4176000003,2316924.2959296005,2301699.8612458818,2286429.685863398,2271111.286784007,2255742.1242925352,2240319.600517421,2224841.0579554588,2209303.777959746,2193704.97918992,2178041.8160237223,2162311.3769289553,2146510.682794799,2130636.6852215184]],"stack":null}
[2026-03-04T06:40:32.188Z] {"timestamp":1772606432027,"level":"LOG","args":["[DEBUG] IRR calculated:","0.07057257465341311","as percentage:","7.06%"],"stack":null}
[2026-03-04T06:40:32.188Z] {"timestamp":1772606432027,"level":"LOG","args":["[DEBUG] IRR cashFlows:",[-18112783,2347245.6,2332105.4176000003,2316924.2959296005,2301699.8612458818,2286429.685863398,2271111.286784007,2255742.1242925352,2240319.600517421,2224841.0579554588,2209303.777959746,2193704.97918992,2178041.8160237223,2162311.3769289553,2146510.682794799,2130636.6852215184]],"stack":null}
[2026-03-04T06:40:32.188Z] {"timestamp":1772606432027,"level":"LOG","args":["[DEBUG] IRR calculated:","0.09129752558313894","as percentage:","9.13%"],"stack":null}
[2026-03-04T06:40:32.188Z] {"timestamp":1772606432028,"level":"LOG","args":["[DEBUG] IRR cashFlows:",[-18356583,2347245.6,2332105.4176000003,2316924.2959296005,2301699.8612458818,2286429.685863398,2271111.286784007,2255742.1242925352,2240319.600517421,2224841.0579554588,2209303.777959746,2193704.97918992,2178041.8160237223,2162311.3769289553,2146510.682794799,2130636.6852215184]],"stack":null}
[2026-03-04T06:40:32.188Z] {"timestamp":1772606432028,"level":"LOG","args":["[DEBUG] IRR calculated:","0.08898951304326044","as percentage:","8.90%"],"stack":null}
[2026-03-04T06:40:32.188Z] {"timestamp":1772606432028,"level":"LOG","args":["[DEBUG] IRR cashFlows:",[-18684333,2347245.6,2332105.4176000003,2316924.2959296005,2301699.8612458818,2286429.685863398,2271111.286784007,2255742.1242925352,2240319.600517421,2224841.0579554588,2209303.777959746,2193704.97918992,2178041.8160237223,2162311.3769289553,2146510.682794799,2130636.6852215184]],"stack":null}
[2026-03-04T06:40:32.188Z] {"timestamp":1772606432029,"level":"LOG","args":["[DEBUG] IRR calculated:","0.08596205279614148","as percentage:","8.60%"],"stack":null}
[2026-03-04T06:40:32.188Z] {"timestamp":1772606432029,"level":"LOG","args":["[DEBUG] IRR cashFlows:",[-19174808,2347245.6,2332105.4176000003,2316924.2959296005,2301699.8612458818,2286429.685863398,2271111.286784007,2255742.1242925352,2240319.600517421,2224841.0579554588,2209303.777959746,2193704.97918992,2178041.8160237223,2162311.3769289553,2146510.682794799,2130636.6852215184]],"stack":null}
[2026-03-04T06:40:32.188Z] {"timestamp":1772606432030,"level":"LOG","args":["[DEBUG] IRR calculated:","0.08158453834594524","as percentage:","8.16%"],"stack":null}
[2026-03-04T06:40:32.188Z] {"timestamp":1772606432030,"level":"LOG","args":["[DEBUG] IRR cashFlows:",[-19998783,2347245.6,2332105.4176000003,2316924.2959296005,2301699.8612458818,2286429.685863398,2271111.286784007,2255742.1242925352,2240319.600517421,2224841.0579554588,2209303.777959746,2193704.97918992,2178041.8160237223,2162311.3769289553,2146510.682794799,2130636.6852215184]],"stack":null}
[2026-03-04T06:40:32.188Z] {"timestamp":1772606432030,"level":"LOG","args":["[DEBUG] IRR calculated:","0.07461230285429823","as percentage:","7.46%"],"stack":null}
[2026-03-04T06:40:32.188Z] {"timestamp":1772606432031,"level":"LOG","args":["[DEBUG] IRR cashFlows:",[-21163733,2347245.6,2332105.4176000003,2316924.2959296005,2301699.8612458818,2286429.685863398,2271111.286784007,2255742.1242925352,2240319.600517421,2224841.0579554588,2209303.777959746,2193704.97918992,2178041.8160237223,2162311.3769289553,2146510.682794799,2130636.6852215184]],"stack":null}
[2026-03-04T06:40:32.188Z] {"timestamp":1772606432031,"level":"LOG","args":["[DEBUG] IRR calculated:","0.06548356299544869","as percentage:","6.55%"],"stack":null}
[2026-03-04T06:40:32.188Z] {"timestamp":1772606432031,"level":"LOG","args":["[DEBUG] IRR cashFlows:",[-18349283,2347245.6,2332105.4176000003,2316924.2959296005,2301699.8612458818,2286429.685863398,2271111.286784007,2255742.1242925352,2240319.600517421,2224841.0579554588,2209303.777959746,2193704.97918992,2178041.8160237223,2162311.3769289553,2146510.682794799,2130636.6852215184]],"stack":null}
[2026-03-04T06:40:32.188Z] {"timestamp":1772606432032,"level":"LOG","args":["[DEBUG] IRR calculated:","0.08905791527863804","as percentage:","8.91%"],"stack":null}
[2026-03-04T06:40:32.188Z] {"timestamp":1772606432032,"level":"LOG","args":["[DEBUG] IRR cashFlows:",[-18627583,2347245.6,2332105.4176000003,2316924.2959296005,2301699.8612458818,2286429.685863398,2271111.286784007,2255742.1242925352,2240319.600517421,2224841.0579554588,2209303.777959746,2193704.97918992,2178041.8160237223,2162311.3769289553,2146510.682794799,2130636.6852215184]],"stack":null}
[2026-03-04T06:40:32.188Z] {"timestamp":1772606432033,"level":"LOG","args":["[DEBUG] IRR calculated:","0.08648023453680004","as percentage:","8.65%"],"stack":null}
[2026-03-04T06:40:32.188Z] {"timestamp":1772606432033,"level":"LOG","args":["[DEBUG] IRR cashFlows:",[-19001333,2347245.6,2332105.4176000003,2316924.2959296005,2301699.8612458818,2286429.685863398,2271111.286784007,2255742.1242925352,2240319.600517421,2224841.0579554588,2209303.777959746,2193704.97918992,2178041.8160237223,2162311.3769289553,2146510.682794799,2130636.6852215184]],"stack":null}
[2026-03-04T06:40:32.188Z] {"timestamp":1772606432033,"level":"LOG","args":["[DEBUG] IRR calculated:","0.08311249430203754","as percentage:","8.31%"],"stack":null}
[2026-03-04T06:40:32.188Z] {"timestamp":1772606432034,"level":"LOG","args":["[DEBUG] IRR cashFlows:",[-19560808,2347245.6,2332105.4176000003,2316924.2959296005,2301699.8612458818,2286429.685863398,2271111.286784007,2255742.1242925352,2240319.600517421,2224841.0579554588,2209303.777959746,2193704.97918992,2178041.8160237223,2162311.3769289553,2146510.682794799,2130636.6852215184]],"stack":null}
[2026-03-04T06:40:32.188Z] {"timestamp":1772606432034,"level":"LOG","args":["[DEBUG] IRR calculated:","0.0782611761110462","as percentage:","7.83%"],"stack":null}
[2026-03-04T06:40:32.188Z] {"timestamp":1772606432034,"level":"LOG","args":["[DEBUG] IRR cashFlows:",[-20499783,2347245.6,2332105.4176000003,2316924.2959296005,2301699.8612458818,2286429.685863398,2271111.286784007,2255742.1242925352,2240319.600517421,2224841.0579554588,2209303.777959746,2193704.97918992,2178041.8160237223,2162311.3769289553,2146510.682794799,2130636.6852215184]],"stack":null}
[2026-03-04T06:40:32.188Z] {"timestamp":1772606432035,"level":"LOG","args":["[DEBUG] IRR calculated:","0.07058793956022096","as percentage:","7.06%"],"stack":null}
[2026-03-04T06:40:32.188Z] {"timestamp":1772606432035,"level":"LOG","args":["[DEBUG] IRR cashFlows:",[-21825733,2347245.6,2332105.4176000003,2316924.2959296005,2301699.8612458818,2286429.685863398,2271111.286784007,2255742.1242925352,2240319.600517421,2224841.0579554588,2209303.777959746,2193704.97918992,2178041.8160237223,2162311.3769289553,2146510.682794799,2130636.6852215184]],"stack":null}
[2026-03-04T06:40:32.188Z] {"timestamp":1772606432036,"level":"LOG","args":["[DEBUG] IRR calculated:","0.060634125128794056","as percentage:","6.06%"],"stack":null}
[2026-03-04T06:40:32.188Z] {"timestamp":1772606432036,"level":"LOG","args":["[DEBUG] IRR cashFlows:",[-18585783,2347245.6,2332105.4176000003,2316924.2959296005,2301699.8612458818,2286429.685863398,2271111.286784007,2255742.1242925352,2240319.600517421,2224841.0579554588,2209303.777959746,2193704.97918992,2178041.8160237223,2162311.3769289553,2146510.682794799,2130636.6852215184]],"stack":null}
[2026-03-04T06:40:32.188Z] {"timestamp":1772606432037,"level":"LOG","args":["[DEBUG] IRR calculated:","0.086863503655292","as percentage:","8.69%"],"stack":null}
[2026-03-04T06:40:32.188Z] {"timestamp":1772606432037,"level":"LOG","args":["[DEBUG] IRR cashFlows:",[-18898583,2347245.6,2332105.4176000003,2316924.2959296005,2301699.8612458818,2286429.685863398,2271111.286784007,2255742.1242925352,2240319.600517421,2224841.0579554588,2209303.777959746,2193704.97918992,2178041.8160237223,2162311.3769289553,2146510.682794799,2130636.6852215184]],"stack":null}
[2026-03-04T06:40:32.188Z] {"timestamp":1772606432037,"level":"LOG","args":["[DEBUG] IRR calculated:","0.08402788615979274","as percentage:","8.40%"],"stack":null}
[2026-03-04T06:40:32.188Z] {"timestamp":1772606432038,"level":"LOG","args":["[DEBUG] IRR cashFlows:",[-19318333,2347245.6,2332105.4176000003,2316924.2959296005,2301699.8612458818,2286429.685863398,2271111.286784007,2255742.1242925352,2240319.600517421,2224841.0579554588,2209303.777959746,2193704.97918992,2178041.8160237223,2162311.3769289553,2146510.682794799,2130636.6852215184]],"stack":null}
[2026-03-04T06:40:32.188Z] {"timestamp":1772606432038,"level":"LOG","args":["[DEBUG] IRR calculated:","0.0803366822493588","as percentage:","8.03%"],"stack":null}
[2026-03-04T06:40:32.188Z] {"timestamp":1772606432038,"level":"LOG","args":["[DEBUG] IRR cashFlows:",[-19946808,2347245.6,2332105.4176000003,2316924.2959296005,2301699.8612458818,2286429.685863398,2271111.286784007,2255742.1242925352,2240319.600517421,2224841.0579554588,2209303.777959746,2193704.97918992,2178041.8160237223,2162311.3769289553,2146510.682794799,2130636.6852215184]],"stack":null}
[2026-03-04T06:40:32.188Z] {"timestamp":1772606432039,"level":"LOG","args":["[DEBUG] IRR calculated:","0.07503877801567681","as percentage:","7.50%"],"stack":null}
[2026-03-04T06:40:32.188Z] {"timestamp":1772606432039,"level":"LOG","args":["[DEBUG] IRR cashFlows:",[-21000783,2347245.6,2332105.4176000003,2316924.2959296005,2301699.8612458818,2286429.685863398,2271111.286784007,2255742.1242925352,2240319.600517421,2224841.0579554588,2209303.777959746,2193704.97918992,2178041.8160237223,2162311.3769289553,2146510.682794799,2130636.6852215184]],"stack":null}
[2026-03-04T06:40:32.188Z] {"timestamp":1772606432040,"level":"LOG","args":["[DEBUG] IRR calculated:","0.06671319416716959","as percentage:","6.67%"],"stack":null}
[2026-03-04T06:40:32.188Z] {"timestamp":1772606432040,"level":"LOG","args":["[DEBUG] IRR cashFlows:",[-22487733,2347245.6,2332105.4176000003,2316924.2959296005,2301699.8612458818,2286429.685863398,2271111.286784007,2255742.1242925352,2240319.600517421,2224841.0579554588,2209303.777959746,2193704.97918992,2178041.8160237223,2162311.3769289553,2146510.682794799,2130636.6852215184]],"stack":null}
[2026-03-04T06:40:32.188Z] {"timestamp":1772606432040,"level":"LOG","args":["[DEBUG] IRR calculated:","0.056005029173035986","as percentage:","5.60%"],"stack":null}
[2026-03-04T06:40:32.188Z] {"timestamp":1772606432041,"level":"LOG","args":["[DEBUG] IRR cashFlows:",[-18822283,2347245.6,2332105.4176000003,2316924.2959296005,2301699.8612458818,2286429.685863398,2271111.286784007,2255742.1242925352,2240319.600517421,2224841.0579554588,2209303.777959746,2193704.97918992,2178041.8160237223,2162311.3769289553,2146510.682794799,2130636.6852215184]],"stack":null}
[2026-03-04T06:40:32.188Z] {"timestamp":1772606432041,"level":"LOG","args":["[DEBUG] IRR calculated:","0.08471271772734819","as percentage:","8.47%"],"stack":null}
[2026-03-04T06:40:32.188Z] {"timestamp":1772606432042,"level":"LOG","args":["[DEBUG] IRR cashFlows:",[-19169583,2347245.6,2332105.4176000003,2316924.2959296005,2301699.8612458818,2286429.685863398,2271111.286784007,2255742.1242925352,2240319.600517421,2224841.0579554588,2209303.777959746,2193704.97918992,2178041.8160237223,2162311.3769289553,2146510.682794799,2130636.6852215184]],"stack":null}
[2026-03-04T06:40:32.188Z] {"timestamp":1772606432042,"level":"LOG","args":["[DEBUG] IRR calculated:","0.08163024255112675","as percentage:","8.16%"],"stack":null}
[2026-03-04T06:40:32.188Z] {"timestamp":1772606432043,"level":"LOG","args":["[DEBUG] IRR cashFlows:",[-19635333,2347245.6,2332105.4176000003,2316924.2959296005,2301699.8612458818,2286429.685863398,2271111.286784007,2255742.1242925352,2240319.600517421,2224841.0579554588,2209303.777959746,2193704.97918992,2178041.8160237223,2162311.3769289553,2146510.682794799,2130636.6852215184]],"stack":null}
[2026-03-04T06:40:32.188Z] {"timestamp":1772606432044,"level":"LOG","args":["[DEBUG] IRR calculated:","0.0776313319640563","as percentage:","7.76%"],"stack":null}
[2026-03-04T06:40:32.188Z] {"timestamp":1772606432044,"level":"LOG","args":["[DEBUG] IRR cashFlows:",[-20332808,2347245.6,2332105.4176000003,2316924.2959296005,2301699.8612458818,2286429.685863398,2271111.286784007,2255742.1242925352,2240319.600517421,2224841.0579554588,2209303.777959746,2193704.97918992,2178041.8160237223,2162311.3769289553,2146510.682794799,2130636.6852215184]],"stack":null}
[2026-03-04T06:40:32.188Z] {"timestamp":1772606432044,"level":"LOG","args":["[DEBUG] IRR calculated:","0.07191207326381982","as percentage:","7.19%"],"stack":null}
[2026-03-04T06:40:32.188Z] {"timestamp":1772606432045,"level":"LOG","args":["[DEBUG] IRR cashFlows:",[-21501783,2347245.6,2332105.4176000003,2316924.2959296005,2301699.8612458818,2286429.685863398,2271111.286784007,2255742.1242925352,2240319.600517421,2224841.0579554588,2209303.777959746,2193704.97918992,2178041.8160237223,2162311.3769289553,2146510.682794799,2130636.6852215184]],"stack":null}
[2026-03-04T06:40:32.188Z] {"timestamp":1772606432045,"level":"LOG","args":["[DEBUG] IRR calculated:","0.06297852980205786","as percentage:","6.30%"],"stack":null}
[2026-03-04T06:40:32.188Z] {"timestamp":1772606432046,"level":"LOG","args":["[DEBUG] IRR cashFlows:",[-23149733,2347245.6,2332105.4176000003,2316924.2959296005,2301699.8612458818,2286429.685863398,2271111.286784007,2255742.1242925352,2240319.600517421,2224841.0579554588,2209303.777959746,2193704.97918992,2178041.8160237223,2162311.3769289553,2146510.682794799,2130636.6852215184]],"stack":null}
[2026-03-04T06:40:32.188Z] {"timestamp":1772606432046,"level":"LOG","args":["[DEBUG] IRR calculated:","0.051579155668547066","as percentage:","5.16%"],"stack":null}
[2026-03-04T06:40:32.188Z] {"timestamp":1772606432046,"level":"LOG","args":["[DEBUG SENSITIVITY] Matrix minIrr:","0.051579155668547066","maxIrr:","0.10578335620220448","minIrr%:","5.16","maxIrr%:","10.58"],"stack":null}
[2026-03-04T06:40:32.188Z] {"timestamp":1772606432047,"level":"LOG","args":["[DEBUG] IRR cashFlows:",[-20052520,2347245.6,2332105.4176000003,2316924.2959296005,2301699.8612458818,2286429.685863398,2271111.286784007,2255742.1242925352,2240319.600517421,2224841.0579554588,2209303.777959746,2193704.97918992,2178041.8160237223,2162311.3769289553,2146510.682794799,2130636.6852215184]],"stack":null}
[2026-03-04T06:40:32.188Z] {"timestamp":1772606432048,"level":"LOG","args":["[DEBUG] IRR calculated:","0.0741731803149236","as percentage:","7.42%"],"stack":null}
[2026-03-04T06:40:32.188Z] {"timestamp":1772606432048,"level":"LOG","args":["[DEBUG] IRR cashFlows:",[-20349970,2347245.6,2332105.4176000003,2316924.2959296005,2301699.8612458818,2286429.685863398,2271111.286784007,2255742.1242925352,2240319.600517421,2224841.0579554588,2209303.777959746,2193704.97918992,2178041.8160237223,2162311.3769289553,2146510.682794799,2130636.6852215184]],"stack":null}
[2026-03-04T06:40:32.188Z] {"timestamp":1772606432048,"level":"LOG","args":["[DEBUG] IRR calculated:","0.07177519955991235","as percentage:","7.18%"],"stack":null}
[2026-03-04T06:40:32.188Z] {"timestamp":1772606432048,"level":"LOG","args":["[DEBUG SENSITIVITY] First cell (6kV, 1km):",{"lcoe":125.79290595909659,"irr":0.07177519955991235,"irrPercent":"7.18"}],"stack":null}
[2026-03-04T06:40:32.188Z] {"timestamp":1772606432048,"level":"LOG","args":["[DEBUG] IRR cashFlows:",[-20386770,2347245.6,2332105.4176000003,2316924.2959296005,2301699.8612458818,2286429.685863398,2271111.286784007,2255742.1242925352,2240319.600517421,2224841.0579554588,2209303.777959746,2193704.97918992,2178041.8160237223,2162311.3769289553,2146510.682794799,2130636.6852215184]],"stack":null}
[2026-03-04T06:40:32.188Z] {"timestamp":1772606432049,"level":"LOG","args":["[DEBUG] IRR calculated:","0.07148230806457223","as percentage:","7.15%"],"stack":null}
[2026-03-04T06:40:32.188Z] {"timestamp":1772606432049,"level":"LOG","args":["[DEBUG] IRR cashFlows:",[-20438520,2347245.6,2332105.4176000003,2316924.2959296005,2301699.8612458818,2286429.685863398,2271111.286784007,2255742.1242925352,2240319.600517421,2224841.0579554588,2209303.777959746,2193704.97918992,2178041.8160237223,2162311.3769289553,2146510.682794799,2130636.6852215184]],"stack":null}
[2026-03-04T06:40:32.188Z] {"timestamp":1772606432049,"level":"LOG","args":["[DEBUG] IRR calculated:","0.0710718143025396","as percentage:","7.11%"],"stack":null}
[2026-03-04T06:40:32.188Z] {"timestamp":1772606432050,"level":"LOG","args":["[DEBUG] IRR cashFlows:",[-20514995,2347245.6,2332105.4176000003,2316924.2959296005,2301699.8612458818,2286429.685863398,2271111.286784007,2255742.1242925352,2240319.600517421,2224841.0579554588,2209303.777959746,2193704.97918992,2178041.8160237223,2162311.3769289553,2146510.682794799,2130636.6852215184]],"stack":null}
[2026-03-04T06:40:32.188Z] {"timestamp":1772606432050,"level":"LOG","args":["[DEBUG] IRR calculated:","0.07046813757853714","as percentage:","7.05%"],"stack":null}
[2026-03-04T06:40:32.188Z] {"timestamp":1772606432050,"level":"LOG","args":["[DEBUG] IRR cashFlows:",[-20648970,2347245.6,2332105.4176000003,2316924.2959296005,2301699.8612458818,2286429.685863398,2271111.286784007,2255742.1242925352,2240319.600517421,2224841.0579554588,2209303.777959746,2193704.97918992,2178041.8160237223,2162311.3769289553,2146510.682794799,2130636.6852215184]],"stack":null}
[2026-03-04T06:40:32.188Z] {"timestamp":1772606432051,"level":"LOG","args":["[DEBUG] IRR calculated:","0.06941892935770343","as percentage:","6.94%"],"stack":null}
[2026-03-04T06:40:32.188Z] {"timestamp":1772606432051,"level":"LOG","args":["[DEBUG] IRR cashFlows:",[-20847920,2347245.6,2332105.4176000003,2316924.2959296005,2301699.8612458818,2286429.685863398,2271111.286784007,2255742.1242925352,2240319.600517421,2224841.0579554588,2209303.777959746,2193704.97918992,2178041.8160237223,2162311.3769289553,2146510.682794799,2130636.6852215184]],"stack":null}
[2026-03-04T06:40:32.188Z] {"timestamp":1772606432051,"level":"LOG","args":["[DEBUG] IRR calculated:","0.06788016749640302","as percentage:","6.79%"],"stack":null}
[2026-03-04T06:40:32.188Z] {"timestamp":1772606432051,"level":"LOG","args":["[DEBUG] IRR cashFlows:",[-20586470,2347245.6,2332105.4176000003,2316924.2959296005,2301699.8612458818,2286429.685863398,2271111.286784007,2255742.1242925352,2240319.600517421,2224841.0579554588,2209303.777959746,2193704.97918992,2178041.8160237223,2162311.3769289553,2146510.682794799,2130636.6852215184]],"stack":null}
[2026-03-04T06:40:32.188Z] {"timestamp":1772606432052,"level":"LOG","args":["[DEBUG] IRR calculated:","0.0699070741742143","as percentage:","6.99%"],"stack":null}
[2026-03-04T06:40:32.188Z] {"timestamp":1772606432052,"level":"LOG","args":["[DEBUG] IRR cashFlows:",[-20657770,2347245.6,2332105.4176000003,2316924.2959296005,2301699.8612458818,2286429.685863398,2271111.286784007,2255742.1242925352,2240319.600517421,2224841.0579554588,2209303.777959746,2193704.97918992,2178041.8160237223,2162311.3769289553,2146510.682794799,2130636.6852215184]],"stack":null}
[2026-03-04T06:40:32.188Z] {"timestamp":1772606432052,"level":"LOG","args":["[DEBUG] IRR calculated:","0.06935038224521867","as percentage:","6.94%"],"stack":null}
[2026-03-04T06:40:32.188Z] {"timestamp":1772606432052,"level":"LOG","args":["[DEBUG] IRR cashFlows:",[-20755520,2347245.6,2332105.4176000003,2316924.2959296005,2301699.8612458818,2286429.685863398,2271111.286784007,2255742.1242925352,2240319.600517421,2224841.0579554588,2209303.777959746,2193704.97918992,2178041.8160237223,2162311.3769289553,2146510.682794799,2130636.6852215184]],"stack":null}
[2026-03-04T06:40:32.188Z] {"timestamp":1772606432053,"level":"LOG","args":["[DEBUG] IRR calculated:","0.06859199042281805","as percentage:","6.86%"],"stack":null}
[2026-03-04T06:40:32.188Z] {"timestamp":1772606432053,"level":"LOG","args":["[DEBUG] IRR cashFlows:",[-20900995,2347245.6,2332105.4176000003,2316924.2959296005,2301699.8612458818,2286429.685863398,2271111.286784007,2255742.1242925352,2240319.600517421,2224841.0579554588,2209303.777959746,2193704.97918992,2178041.8160237223,2162311.3769289553,2146510.682794799,2130636.6852215184]],"stack":null}
[2026-03-04T06:40:32.188Z] {"timestamp":1772606432053,"level":"LOG","args":["[DEBUG] IRR calculated:","0.06747349355098918","as percentage:","6.75%"],"stack":null}
[2026-03-04T06:40:32.188Z] {"timestamp":1772606432053,"level":"LOG","args":["[DEBUG] IRR cashFlows:",[-21149970,2347245.6,2332105.4176000003,2316924.2959296005,2301699.8612458818,2286429.685863398,2271111.286784007,2255742.1242925352,2240319.600517421,2224841.0579554588,2209303.777959746,2193704.97918992,2178041.8160237223,2162311.3769289553,2146510.682794799,2130636.6852215184]],"stack":null}
[2026-03-04T06:40:32.188Z] {"timestamp":1772606432054,"level":"LOG","args":["[DEBUG] IRR calculated:","0.06558685445344957","as percentage:","6.56%"],"stack":null}
[2026-03-04T06:40:32.188Z] {"timestamp":1772606432054,"level":"LOG","args":["[DEBUG] IRR cashFlows:",[-21509920,2347245.6,2332105.4176000003,2316924.2959296005,2301699.8612458818,2286429.685863398,2271111.286784007,2255742.1242925352,2240319.600517421,2224841.0579554588,2209303.777959746,2193704.97918992,2178041.8160237223,2162311.3769289553,2146510.682794799,2130636.6852215184]],"stack":null}
[2026-03-04T06:40:32.188Z] {"timestamp":1772606432054,"level":"LOG","args":["[DEBUG] IRR calculated:","0.06291897990856639","as percentage:","6.29%"],"stack":null}
[2026-03-04T06:40:32.188Z] {"timestamp":1772606432054,"level":"LOG","args":["[DEBUG] IRR cashFlows:",[-20822970,2347245.6,2332105.4176000003,2316924.2959296005,2301699.8612458818,2286429.685863398,2271111.286784007,2255742.1242925352,2240319.600517421,2224841.0579554588,2209303.777959746,2193704.97918992,2178041.8160237223,2162311.3769289553,2146510.682794799,2130636.6852215184]],"stack":null}
[2026-03-04T06:40:32.188Z] {"timestamp":1772606432055,"level":"LOG","args":["[DEBUG] IRR calculated:","0.06807189383610872","as percentage:","6.81%"],"stack":null}
[2026-03-04T06:40:32.188Z] {"timestamp":1772606432055,"level":"LOG","args":["[DEBUG] IRR cashFlows:",[-20928770,2347245.6,2332105.4176000003,2316924.2959296005,2301699.8612458818,2286429.685863398,2271111.286784007,2255742.1242925352,2240319.600517421,2224841.0579554588,2209303.777959746,2193704.97918992,2178041.8160237223,2162311.3769289553,2146510.682794799,2130636.6852215184]],"stack":null}
[2026-03-04T06:40:32.188Z] {"timestamp":1772606432055,"level":"LOG","args":["[DEBUG] IRR calculated:","0.06726130973497234","as percentage:","6.73%"],"stack":null}
[2026-03-04T06:40:32.188Z] {"timestamp":1772606432055,"level":"LOG","args":["[DEBUG] IRR cashFlows:",[-21072520,2347245.6,2332105.4176000003,2316924.2959296005,2301699.8612458818,2286429.685863398,2271111.286784007,2255742.1242925352,2240319.600517421,2224841.0579554588,2209303.777959746,2193704.97918992,2178041.8160237223,2162311.3769289553,2146510.682794799,2130636.6852215184]],"stack":null}
[2026-03-04T06:40:32.188Z] {"timestamp":1772606432056,"level":"LOG","args":["[DEBUG] IRR calculated:","0.06617005552855004","as percentage:","6.62%"],"stack":null}
[2026-03-04T06:40:32.188Z] {"timestamp":1772606432056,"level":"LOG","args":["[DEBUG] IRR cashFlows:",[-21286995,2347245.6,2332105.4176000003,2316924.2959296005,2301699.8612458818,2286429.685863398,2271111.286784007,2255742.1242925352,2240319.600517421,2224841.0579554588,2209303.777959746,2193704.97918992,2178041.8160237223,2162311.3769289553,2146510.682794799,2130636.6852215184]],"stack":null}
[2026-03-04T06:40:32.188Z] {"timestamp":1772606432056,"level":"LOG","args":["[DEBUG] IRR calculated:","0.0645630715551585","as percentage:","6.46%"],"stack":null}
[2026-03-04T06:40:32.188Z] {"timestamp":1772606432056,"level":"LOG","args":["[DEBUG] IRR cashFlows:",[-21650970,2347245.6,2332105.4176000003,2316924.2959296005,2301699.8612458818,2286429.685863398,2271111.286784007,2255742.1242925352,2240319.600517421,2224841.0579554588,2209303.777959746,2193704.97918992,2178041.8160237223,2162311.3769289553,2146510.682794799,2130636.6852215184]],"stack":null}
[2026-03-04T06:40:32.188Z] {"timestamp":1772606432057,"level":"LOG","args":["[DEBUG] IRR calculated:","0.06189218671006957","as percentage:","6.19%"],"stack":null}
[2026-03-04T06:40:32.188Z] {"timestamp":1772606432057,"level":"LOG","args":["[DEBUG] IRR cashFlows:",[-22171920,2347245.6,2332105.4176000003,2316924.2959296005,2301699.8612458818,2286429.685863398,2271111.286784007,2255742.1242925352,2240319.600517421,2224841.0579554588,2209303.777959746,2193704.97918992,2178041.8160237223,2162311.3769289553,2146510.682794799,2130636.6852215184]],"stack":null}
[2026-03-04T06:40:32.188Z] {"timestamp":1772606432057,"level":"LOG","args":["[DEBUG] IRR calculated:","0.05818702567430743","as percentage:","5.82%"],"stack":null}
[2026-03-04T06:40:32.188Z] {"timestamp":1772606432057,"level":"LOG","args":["[DEBUG] IRR cashFlows:",[-21059470,2347245.6,2332105.4176000003,2316924.2959296005,2301699.8612458818,2286429.685863398,2271111.286784007,2255742.1242925352,2240319.600517421,2224841.0579554588,2209303.777959746,2193704.97918992,2178041.8160237223,2162311.3769289553,2146510.682794799,2130636.6852215184]],"stack":null}
[2026-03-04T06:40:32.188Z] {"timestamp":1772606432058,"level":"LOG","args":["[DEBUG] IRR calculated:","0.06626864791267574","as percentage:","6.63%"],"stack":null}
[2026-03-04T06:40:32.188Z] {"timestamp":1772606432058,"level":"LOG","args":["[DEBUG] IRR cashFlows:",[-21199770,2347245.6,2332105.4176000003,2316924.2959296005,2301699.8612458818,2286429.685863398,2271111.286784007,2255742.1242925352,2240319.600517421,2224841.0579554588,2209303.777959746,2193704.97918992,2178041.8160237223,2162311.3769289553,2146510.682794799,2130636.6852215184]],"stack":null}
[2026-03-04T06:40:32.188Z] {"timestamp":1772606432058,"level":"LOG","args":["[DEBUG] IRR calculated:","0.06521359458773965","as percentage:","6.52%"],"stack":null}
[2026-03-04T06:40:32.188Z] {"timestamp":1772606432058,"level":"LOG","args":["[DEBUG] IRR cashFlows:",[-21389520,2347245.6,2332105.4176000003,2316924.2959296005,2301699.8612458818,2286429.685863398,2271111.286784007,2255742.1242925352,2240319.600517421,2224841.0579554588,2209303.777959746,2193704.97918992,2178041.8160237223,2162311.3769289553,2146510.682794799,2130636.6852215184]],"stack":null}
[2026-03-04T06:40:32.188Z] {"timestamp":1772606432058,"level":"LOG","args":["[DEBUG] IRR calculated:","0.06380366768687845","as percentage:","6.38%"],"stack":null}
[2026-03-04T06:40:32.188Z] {"timestamp":1772606432059,"level":"LOG","args":["[DEBUG] IRR cashFlows:",[-21672995,2347245.6,2332105.4176000003,2316924.2959296005,2301699.8612458818,2286429.685863398,2271111.286784007,2255742.1242925352,2240319.600517421,2224841.0579554588,2209303.777959746,2193704.97918992,2178041.8160237223,2162311.3769289553,2146510.682794799,2130636.6852215184]],"stack":null}
[2026-03-04T06:40:32.188Z] {"timestamp":1772606432059,"level":"LOG","args":["[DEBUG] IRR calculated:","0.06173277934950446","as percentage:","6.17%"],"stack":null}
[2026-03-04T06:40:32.188Z] {"timestamp":1772606432059,"level":"LOG","args":["[DEBUG] IRR cashFlows:",[-22151970,2347245.6,2332105.4176000003,2316924.2959296005,2301699.8612458818,2286429.685863398,2271111.286784007,2255742.1242925352,2240319.600517421,2224841.0579554588,2209303.777959746,2193704.97918992,2178041.8160237223,2162311.3769289553,2146510.682794799,2130636.6852215184]],"stack":null}
[2026-03-04T06:40:32.188Z] {"timestamp":1772606432059,"level":"LOG","args":["[DEBUG] IRR calculated:","0.058326456314478206","as percentage:","5.83%"],"stack":null}
[2026-03-04T06:40:32.188Z] {"timestamp":1772606432060,"level":"LOG","args":["[DEBUG] IRR cashFlows:",[-22833920,2347245.6,2332105.4176000003,2316924.2959296005,2301699.8612458818,2286429.685863398,2271111.286784007,2255742.1242925352,2240319.600517421,2224841.0579554588,2209303.777959746,2193704.97918992,2178041.8160237223,2162311.3769289553,2146510.682794799,2130636.6852215184]],"stack":null}
[2026-03-04T06:40:32.188Z] {"timestamp":1772606432060,"level":"LOG","args":["[DEBUG] IRR calculated:","0.05366621689490417","as percentage:","5.37%"],"stack":null}
[2026-03-04T06:40:32.188Z] {"timestamp":1772606432060,"level":"LOG","args":["[DEBUG] IRR cashFlows:",[-21295970,2347245.6,2332105.4176000003,2316924.2959296005,2301699.8612458818,2286429.685863398,2271111.286784007,2255742.1242925352,2240319.600517421,2224841.0579554588,2209303.777959746,2193704.97918992,2178041.8160237223,2162311.3769289553,2146510.682794799,2130636.6852215184]],"stack":null}
[2026-03-04T06:40:32.188Z] {"timestamp":1772606432060,"level":"LOG","args":["[DEBUG] IRR calculated:","0.0644963689857477","as percentage:","6.45%"],"stack":null}
[2026-03-04T06:40:32.188Z] {"timestamp":1772606432061,"level":"LOG","args":["[DEBUG] IRR cashFlows:",[-21470770,2347245.6,2332105.4176000003,2316924.2959296005,2301699.8612458818,2286429.685863398,2271111.286784007,2255742.1242925352,2240319.600517421,2224841.0579554588,2209303.777959746,2193704.97918992,2178041.8160237223,2162311.3769289553,2146510.682794799,2130636.6852215184]],"stack":null}
[2026-03-04T06:40:32.188Z] {"timestamp":1772606432061,"level":"LOG","args":["[DEBUG] IRR calculated:","0.06320581353613193","as percentage:","6.32%"],"stack":null}
[2026-03-04T06:40:32.188Z] {"timestamp":1772606432061,"level":"LOG","args":["[DEBUG] IRR cashFlows:",[-21706520,2347245.6,2332105.4176000003,2316924.2959296005,2301699.8612458818,2286429.685863398,2271111.286784007,2255742.1242925352,2240319.600517421,2224841.0579554588,2209303.777959746,2193704.97918992,2178041.8160237223,2162311.3769289553,2146510.682794799,2130636.6852215184]],"stack":null}
[2026-03-04T06:40:32.188Z] {"timestamp":1772606432061,"level":"LOG","args":["[DEBUG] IRR calculated:","0.061490616557580056","as percentage:","6.15%"],"stack":null}
[2026-03-04T06:40:32.188Z] {"timestamp":1772606432062,"level":"LOG","args":["[DEBUG] IRR cashFlows:",[-22058995,2347245.6,2332105.4176000003,2316924.2959296005,2301699.8612458818,2286429.685863398,2271111.286784007,2255742.1242925352,2240319.600517421,2224841.0579554588,2209303.777959746,2193704.97918992,2178041.8160237223,2162311.3769289553,2146510.682794799,2130636.6852215184]],"stack":null}
[2026-03-04T06:40:32.188Z] {"timestamp":1772606432062,"level":"LOG","args":["[DEBUG] IRR calculated:","0.05897880004117877","as percentage:","5.90%"],"stack":null}
[2026-03-04T06:40:32.188Z] {"timestamp":1772606432062,"level":"LOG","args":["[DEBUG] IRR cashFlows:",[-22652970,2347245.6,2332105.4176000003,2316924.2959296005,2301699.8612458818,2286429.685863398,2271111.286784007,2255742.1242925352,2240319.600517421,2224841.0579554588,2209303.777959746,2193704.97918992,2178041.8160237223,2162311.3769289553,2146510.682794799,2130636.6852215184]],"stack":null}
[2026-03-04T06:40:32.188Z] {"timestamp":1772606432062,"level":"LOG","args":["[DEBUG] IRR calculated:","0.054881913002986935","as percentage:","5.49%"],"stack":null}
[2026-03-04T06:40:32.188Z] {"timestamp":1772606432063,"level":"LOG","args":["[DEBUG] IRR cashFlows:",[-23495920,2347245.6,2332105.4176000003,2316924.2959296005,2301699.8612458818,2286429.685863398,2271111.286784007,2255742.1242925352,2240319.600517421,2224841.0579554588,2209303.777959746,2193704.97918992,2178041.8160237223,2162311.3769289553,2146510.682794799,2130636.6852215184]],"stack":null}
[2026-03-04T06:40:32.188Z] {"timestamp":1772606432063,"level":"LOG","args":["[DEBUG] IRR calculated:","0.04934042050246809","as percentage:","4.93%"],"stack":null}
[2026-03-04T06:40:32.188Z] {"timestamp":1772606432063,"level":"LOG","args":["[DEBUG] IRR cashFlows:",[-21532470,2347245.6,2332105.4176000003,2316924.2959296005,2301699.8612458818,2286429.685863398,2271111.286784007,2255742.1242925352,2240319.600517421,2224841.0579554588,2209303.777959746,2193704.97918992,2178041.8160237223,2162311.3769289553,2146510.682794799,2130636.6852215184]],"stack":null}
[2026-03-04T06:40:32.188Z] {"timestamp":1772606432063,"level":"LOG","args":["[DEBUG] IRR calculated:","0.06275413050974829","as percentage:","6.28%"],"stack":null}
[2026-03-04T06:40:32.188Z] {"timestamp":1772606432064,"level":"LOG","args":["[DEBUG] IRR cashFlows:",[-21741770,2347245.6,2332105.4176000003,2316924.2959296005,2301699.8612458818,2286429.685863398,2271111.286784007,2255742.1242925352,2240319.600517421,2224841.0579554588,2209303.777959746,2193704.97918992,2178041.8160237223,2162311.3769289553,2146510.682794799,2130636.6852215184]],"stack":null}
[2026-03-04T06:40:32.188Z] {"timestamp":1772606432064,"level":"LOG","args":["[DEBUG] IRR calculated:","0.06123661152255619","as percentage:","6.12%"],"stack":null}
[2026-03-04T06:40:32.188Z] {"timestamp":1772606432064,"level":"LOG","args":["[DEBUG] IRR cashFlows:",[-22023520,2347245.6,2332105.4176000003,2316924.2959296005,2301699.8612458818,2286429.685863398,2271111.286784007,2255742.1242925352,2240319.600517421,2224841.0579554588,2209303.777959746,2193704.97918992,2178041.8160237223,2162311.3769289553,2146510.682794799,2130636.6852215184]],"stack":null}
[2026-03-04T06:40:32.188Z] {"timestamp":1772606432064,"level":"LOG","args":["[DEBUG] IRR calculated:","0.059228814052242125","as percentage:","5.92%"],"stack":null}
[2026-03-04T06:40:32.188Z] {"timestamp":1772606432064,"level":"LOG","args":["[DEBUG] IRR cashFlows:",[-22444995,2347245.6,2332105.4176000003,2316924.2959296005,2301699.8612458818,2286429.685863398,2271111.286784007,2255742.1242925352,2240319.600517421,2224841.0579554588,2209303.777959746,2193704.97918992,2178041.8160237223,2162311.3769289553,2146510.682794799,2130636.6852215184]],"stack":null}
[2026-03-04T06:40:32.188Z] {"timestamp":1772606432065,"level":"LOG","args":["[DEBUG] IRR calculated:","0.05629756874796892","as percentage:","5.63%"],"stack":null}
[2026-03-04T06:40:32.188Z] {"timestamp":1772606432065,"level":"LOG","args":["[DEBUG] IRR cashFlows:",[-23153970,2347245.6,2332105.4176000003,2316924.2959296005,2301699.8612458818,2286429.685863398,2271111.286784007,2255742.1242925352,2240319.600517421,2224841.0579554588,2209303.777959746,2193704.97918992,2178041.8160237223,2162311.3769289553,2146510.682794799,2130636.6852215184]],"stack":null}
[2026-03-04T06:40:32.188Z] {"timestamp":1772606432065,"level":"LOG","args":["[DEBUG] IRR calculated:","0.05155144940558404","as percentage:","5.16%"],"stack":null}
[2026-03-04T06:40:32.188Z] {"timestamp":1772606432065,"level":"LOG","args":["[DEBUG] IRR cashFlows:",[-24157920,2347245.6,2332105.4176000003,2316924.2959296005,2301699.8612458818,2286429.685863398,2271111.286784007,2255742.1242925352,2240319.600517421,2224841.0579554588,2209303.777959746,2193704.97918992,2178041.8160237223,2162311.3769289553,2146510.682794799,2130636.6852215184]],"stack":null}
[2026-03-04T06:40:32.188Z] {"timestamp":1772606432066,"level":"LOG","args":["[DEBUG] IRR calculated:","0.04519519488333343","as percentage:","4.52%"],"stack":null}
[2026-03-04T06:40:32.188Z] {"timestamp":1772606432066,"level":"LOG","args":["[DEBUG] IRR cashFlows:",[-21768970,2347245.6,2332105.4176000003,2316924.2959296005,2301699.8612458818,2286429.685863398,2271111.286784007,2255742.1242925352,2240319.600517421,2224841.0579554588,2209303.777959746,2193704.97918992,2178041.8160237223,2162311.3769289553,2146510.682794799,2130636.6852215184]],"stack":null}
[2026-03-04T06:40:32.188Z] {"timestamp":1772606432066,"level":"LOG","args":["[DEBUG] IRR calculated:","0.06104104462173325","as percentage:","6.10%"],"stack":null}
[2026-03-04T06:40:32.188Z] {"timestamp":1772606432066,"level":"LOG","args":["[DEBUG] IRR cashFlows:",[-22012770,2347245.6,2332105.4176000003,2316924.2959296005,2301699.8612458818,2286429.685863398,2271111.286784007,2255742.1242925352,2240319.600517421,2224841.0579554588,2209303.777959746,2193704.97918992,2178041.8160237223,2162311.3769289553,2146510.682794799,2130636.6852215184]],"stack":null}
[2026-03-04T06:40:32.188Z] {"timestamp":1772606432067,"level":"LOG","args":["[DEBUG] IRR calculated:","0.059304697559518414","as percentage:","5.93%"],"stack":null}
[2026-03-04T06:40:32.188Z] {"timestamp":1772606432067,"level":"LOG","args":["[DEBUG] IRR cashFlows:",[-22340520,2347245.6,2332105.4176000003,2316924.2959296005,2301699.8612458818,2286429.685863398,2271111.286784007,2255742.1242925352,2240319.600517421,2224841.0579554588,2209303.777959746,2193704.97918992,2178041.8160237223,2162311.3769289553,2146510.682794799,2130636.6852215184]],"stack":null}
[2026-03-04T06:40:32.188Z] {"timestamp":1772606432067,"level":"LOG","args":["[DEBUG] IRR calculated:","0.05701628578779293","as percentage:","5.70%"],"stack":null}
[2026-03-04T06:40:32.188Z] {"timestamp":1772606432067,"level":"LOG","args":["[DEBUG] IRR cashFlows:",[-22830995,2347245.6,2332105.4176000003,2316924.2959296005,2301699.8612458818,2286429.685863398,2271111.286784007,2255742.1242925352,2240319.600517421,2224841.0579554588,2209303.777959746,2193704.97918992,2178041.8160237223,2162311.3769289553,2146510.682794799,2130636.6852215184]],"stack":null}
[2026-03-04T06:40:32.188Z] {"timestamp":1772606432068,"level":"LOG","args":["[DEBUG] IRR calculated:","0.05368575162351056","as percentage:","5.37%"],"stack":null}
[2026-03-04T06:40:32.188Z] {"timestamp":1772606432068,"level":"LOG","args":["[DEBUG] IRR cashFlows:",[-23654970,2347245.6,2332105.4176000003,2316924.2959296005,2301699.8612458818,2286429.685863398,2271111.286784007,2255742.1242925352,2240319.600517421,2224841.0579554588,2209303.777959746,2193704.97918992,2178041.8160237223,2162311.3769289553,2146510.682794799,2130636.6852215184]],"stack":null}
[2026-03-04T06:40:32.188Z] {"timestamp":1772606432068,"level":"LOG","args":["[DEBUG] IRR calculated:","0.04832853410409417","as percentage:","4.83%"],"stack":null}
[2026-03-04T06:40:32.188Z] {"timestamp":1772606432068,"level":"LOG","args":["[DEBUG] IRR cashFlows:",[-24819920,2347245.6,2332105.4176000003,2316924.2959296005,2301699.8612458818,2286429.685863398,2271111.286784007,2255742.1242925352,2240319.600517421,2224841.0579554588,2209303.777959746,2193704.97918992,2178041.8160237223,2162311.3769289553,2146510.682794799,2130636.6852215184]],"stack":null}
[2026-03-04T06:40:32.188Z] {"timestamp":1772606432068,"level":"LOG","args":["[DEBUG] IRR calculated:","0.04121756847793396","as percentage:","4.12%"],"stack":null}
[2026-03-04T06:40:32.188Z] {"timestamp":1772606432069,"level":"LOG","args":["[DEBUG] IRR cashFlows:",[-22005470,2347245.6,2332105.4176000003,2316924.2959296005,2301699.8612458818,2286429.685863398,2271111.286784007,2255742.1242925352,2240319.600517421,2224841.0579554588,2209303.777959746,2193704.97918992,2178041.8160237223,2162311.3769289553,2146510.682794799,2130636.6852215184]],"stack":null}
[2026-03-04T06:40:32.188Z] {"timestamp":1772606432069,"level":"LOG","args":["[DEBUG] IRR calculated:","0.05935626009265614","as percentage:","5.94%"],"stack":null}
[2026-03-04T06:40:32.188Z] {"timestamp":1772606432069,"level":"LOG","args":["[DEBUG] IRR cashFlows:",[-22283770,2347245.6,2332105.4176000003,2316924.2959296005,2301699.8612458818,2286429.685863398,2271111.286784007,2255742.1242925352,2240319.600517421,2224841.0579554588,2209303.777959746,2193704.97918992,2178041.8160237223,2162311.3769289553,2146510.682794799,2130636.6852215184]],"stack":null}
[2026-03-04T06:40:32.188Z] {"timestamp":1772606432069,"level":"LOG","args":["[DEBUG] IRR calculated:","0.057408840891799956","as percentage:","5.74%"],"stack":null}
[2026-03-04T06:40:32.188Z] {"timestamp":1772606432069,"level":"LOG","args":["[DEBUG] IRR cashFlows:",[-22657520,2347245.6,2332105.4176000003,2316924.2959296005,2301699.8612458818,2286429.685863398,2271111.286784007,2255742.1242925352,2240319.600517421,2224841.0579554588,2209303.777959746,2193704.97918992,2178041.8160237223,2162311.3769289553,2146510.682794799,2130636.6852215184]],"stack":null}
[2026-03-04T06:40:32.188Z] {"timestamp":1772606432070,"level":"LOG","args":["[DEBUG] IRR calculated:","0.05485116325604188","as percentage:","5.49%"],"stack":null}
[2026-03-04T06:40:32.188Z] {"timestamp":1772606432070,"level":"LOG","args":["[DEBUG] IRR cashFlows:",[-23216995,2347245.6,2332105.4176000003,2316924.2959296005,2301699.8612458818,2286429.685863398,2271111.286784007,2255742.1242925352,2240319.600517421,2224841.0579554588,2209303.777959746,2193704.97918992,2178041.8160237223,2162311.3769289553,2146510.682794799,2130636.6852215184]],"stack":null}
[2026-03-04T06:40:32.188Z] {"timestamp":1772606432071,"level":"LOG","args":["[DEBUG] IRR calculated:","0.0511402269691923","as percentage:","5.11%"],"stack":null}
[2026-03-04T06:40:32.188Z] {"timestamp":1772606432071,"level":"LOG","args":["[DEBUG] IRR cashFlows:",[-24155970,2347245.6,2332105.4176000003,2316924.2959296005,2301699.8612458818,2286429.685863398,2271111.286784007,2255742.1242925352,2240319.600517421,2224841.0579554588,2209303.777959746,2193704.97918992,2178041.8160237223,2162311.3769289553,2146510.682794799,2130636.6852215184]],"stack":null}
[2026-03-04T06:40:32.188Z] {"timestamp":1772606432071,"level":"LOG","args":["[DEBUG] IRR calculated:","0.045207152988601854","as percentage:","4.52%"],"stack":null}
[2026-03-04T06:40:32.188Z] {"timestamp":1772606432071,"level":"LOG","args":["[DEBUG] IRR cashFlows:",[-25481920,2347245.6,2332105.4176000003,2316924.2959296005,2301699.8612458818,2286429.685863398,2271111.286784007,2255742.1242925352,2240319.600517421,2224841.0579554588,2209303.777959746,2193704.97918992,2178041.8160237223,2162311.3769289553,2146510.682794799,2130636.6852215184]],"stack":null}
[2026-03-04T06:40:32.188Z] {"timestamp":1772606432072,"level":"LOG","args":["[DEBUG] IRR calculated:","0.03739585270350466","as percentage:","3.74%"],"stack":null}
[2026-03-04T06:40:32.188Z] {"timestamp":1772606432072,"level":"LOG","args":["[DEBUG] IRR cashFlows:",[-22241970,2347245.6,2332105.4176000003,2316924.2959296005,2301699.8612458818,2286429.685863398,2271111.286784007,2255742.1242925352,2240319.600517421,2224841.0579554588,2209303.777959746,2193704.97918992,2178041.8160237223,2162311.3769289553,2146510.682794799,2130636.6852215184]],"stack":null}
[2026-03-04T06:40:32.188Z] {"timestamp":1772606432072,"level":"LOG","args":["[DEBUG] IRR calculated:","0.057698960409099664","as percentage:","5.77%"],"stack":null}
[2026-03-04T06:40:32.188Z] {"timestamp":1772606432073,"level":"LOG","args":["[DEBUG] IRR cashFlows:",[-22554770,2347245.6,2332105.4176000003,2316924.2959296005,2301699.8612458818,2286429.685863398,2271111.286784007,2255742.1242925352,2240319.600517421,2224841.0579554588,2209303.777959746,2193704.97918992,2178041.8160237223,2162311.3769289553,2146510.682794799,2130636.6852215184]],"stack":null}
[2026-03-04T06:40:32.188Z] {"timestamp":1772606432073,"level":"LOG","args":["[DEBUG] IRR calculated:","0.05554786743469475","as percentage:","5.55%"],"stack":null}
[2026-03-04T06:40:32.188Z] {"timestamp":1772606432073,"level":"LOG","args":["[DEBUG] IRR cashFlows:",[-22974520,2347245.6,2332105.4176000003,2316924.2959296005,2301699.8612458818,2286429.685863398,2271111.286784007,2255742.1242925352,2240319.600517421,2224841.0579554588,2209303.777959746,2193704.97918992,2178041.8160237223,2162311.3769289553,2146510.682794799,2130636.6852215184]],"stack":null}
[2026-03-04T06:40:32.188Z] {"timestamp":1772606432073,"level":"LOG","args":["[DEBUG] IRR calculated:","0.052731676639772296","as percentage:","5.27%"],"stack":null}
[2026-03-04T06:40:32.188Z] {"timestamp":1772606432073,"level":"LOG","args":["[DEBUG] IRR cashFlows:",[-23602995,2347245.6,2332105.4176000003,2316924.2959296005,2301699.8612458818,2286429.685863398,2271111.286784007,2255742.1242925352,2240319.600517421,2224841.0579554588,2209303.777959746,2193704.97918992,2178041.8160237223,2162311.3769289553,2146510.682794799,2130636.6852215184]],"stack":null}
[2026-03-04T06:40:32.188Z] {"timestamp":1772606432074,"level":"LOG","args":["[DEBUG] IRR calculated:","0.04865806819294149","as percentage:","4.87%"],"stack":null}
[2026-03-04T06:40:32.188Z] {"timestamp":1772606432074,"level":"LOG","args":["[DEBUG] IRR cashFlows:",[-24656970,2347245.6,2332105.4176000003,2316924.2959296005,2301699.8612458818,2286429.685863398,2271111.286784007,2255742.1242925352,2240319.600517421,2224841.0579554588,2209303.777959746,2193704.97918992,2178041.8160237223,2162311.3769289553,2146510.682794799,2130636.6852215184]],"stack":null}
[2026-03-04T06:40:32.188Z] {"timestamp":1772606432074,"level":"LOG","args":["[DEBUG] IRR calculated:","0.04218175772827382","as percentage:","4.22%"],"stack":null}
[2026-03-04T06:40:32.188Z] {"timestamp":1772606432074,"level":"LOG","args":["[DEBUG] IRR cashFlows:",[-26143920,2347245.6,2332105.4176000003,2316924.2959296005,2301699.8612458818,2286429.685863398,2271111.286784007,2255742.1242925352,2240319.600517421,2224841.0579554588,2209303.777959746,2193704.97918992,2178041.8160237223,2162311.3769289553,2146510.682794799,2130636.6852215184]],"stack":null}
[2026-03-04T06:40:32.188Z] {"timestamp":1772606432075,"level":"LOG","args":["[DEBUG] IRR calculated:","0.03371948310590141","as percentage:","3.37%"],"stack":null}
[2026-03-04T06:40:32.188Z] {"timestamp":1772606432075,"level":"LOG","args":["[DEBUG] IRR cashFlows:",[-22478470,2347245.6,2332105.4176000003,2316924.2959296005,2301699.8612458818,2286429.685863398,2271111.286784007,2255742.1242925352,2240319.600517421,2224841.0579554588,2209303.777959746,2193704.97918992,2178041.8160237223,2162311.3769289553,2146510.682794799,2130636.6852215184]],"stack":null}
[2026-03-04T06:40:32.188Z] {"timestamp":1772606432075,"level":"LOG","args":["[DEBUG] IRR calculated:","0.05606836197584341","as percentage:","5.61%"],"stack":null}
[2026-03-04T06:40:32.188Z] {"timestamp":1772606432075,"level":"LOG","args":["[DEBUG] IRR cashFlows:",[-22825770,2347245.6,2332105.4176000003,2316924.2959296005,2301699.8612458818,2286429.685863398,2271111.286784007,2255742.1242925352,2240319.600517421,2224841.0579554588,2209303.777959746,2193704.97918992,2178041.8160237223,2162311.3769289553,2146510.682794799,2130636.6852215184]],"stack":null}
[2026-03-04T06:40:32.188Z] {"timestamp":1772606432076,"level":"LOG","args":["[DEBUG] IRR calculated:","0.053720656465298784","as percentage:","5.37%"],"stack":null}
[2026-03-04T06:40:32.188Z] {"timestamp":1772606432076,"level":"LOG","args":["[DEBUG] IRR cashFlows:",[-23291520,2347245.6,2332105.4176000003,2316924.2959296005,2301699.8612458818,2286429.685863398,2271111.286784007,2255742.1242925352,2240319.600517421,2224841.0579554588,2209303.777959746,2193704.97918992,2178041.8160237223,2162311.3769289553,2146510.682794799,2130636.6852215184]],"stack":null}
[2026-03-04T06:40:32.188Z] {"timestamp":1772606432076,"level":"LOG","args":["[DEBUG] IRR calculated:","0.05065614821353178","as percentage:","5.07%"],"stack":null}
[2026-03-04T06:40:32.188Z] {"timestamp":1772606432076,"level":"LOG","args":["[DEBUG] IRR cashFlows:",[-23988995,2347245.6,2332105.4176000003,2316924.2959296005,2301699.8612458818,2286429.685863398,2271111.286784007,2255742.1242925352,2240319.600517421,2224841.0579554588,2209303.777959746,2193704.97918992,2178041.8160237223,2162311.3769289553,2146510.682794799,2130636.6852215184]],"stack":null}
[2026-03-04T06:40:32.188Z] {"timestamp":1772606432076,"level":"LOG","args":["[DEBUG] IRR calculated:","0.04623652840614501","as percentage:","4.62%"],"stack":null}
[2026-03-04T06:40:32.188Z] {"timestamp":1772606432077,"level":"LOG","args":["[DEBUG] IRR cashFlows:",[-25157970,2347245.6,2332105.4176000003,2316924.2959296005,2301699.8612458818,2286429.685863398,2271111.286784007,2255742.1242925352,2240319.600517421,2224841.0579554588,2209303.777959746,2193704.97918992,2178041.8160237223,2162311.3769289553,2146510.682794799,2130636.6852215184]],"stack":null}
[2026-03-04T06:40:32.188Z] {"timestamp":1772606432077,"level":"LOG","args":["[DEBUG] IRR calculated:","0.03924722036257718","as percentage:","3.92%"],"stack":null}
[2026-03-04T06:40:32.188Z] {"timestamp":1772606432077,"level":"LOG","args":["[DEBUG] IRR cashFlows:",[-26805920,2347245.6,2332105.4176000003,2316924.2959296005,2301699.8612458818,2286429.685863398,2271111.286784007,2255742.1242925352,2240319.600517421,2224841.0579554588,2209303.777959746,2193704.97918992,2178041.8160237223,2162311.3769289553,2146510.682794799,2130636.6852215184]],"stack":null}
[2026-03-04T06:40:32.188Z] {"timestamp":1772606432077,"level":"LOG","args":["[DEBUG] IRR calculated:","0.03017888385735712","as percentage:","3.02%"],"stack":null}
[2026-03-04T06:40:32.188Z] {"timestamp":1772606432077,"level":"LOG","args":["[DEBUG SENSITIVITY] Matrix minIrr:","0.03017888385735712","maxIrr:","0.07177519955991235","minIrr%:","3.02","maxIrr%:","7.18"],"stack":null}
[2026-03-04T06:40:52.359Z] {"timestamp":1772606450348,"level":"DEBUG","args":["[Manus] Debug collector initialized (no rrweb, UI events only)"],"stack":null}
[2026-03-04T06:40:52.359Z] {"timestamp":1772606450397,"level":"DEBUG","args":["[vite] connected."],"stack":null}
[2026-03-04T06:40:52.359Z] {"timestamp":1772606450447,"level":"INFO","args":["%cDownload the React DevTools for a better development experience: https://react.dev/link/react-devtools","font-weight:bold"],"stack":null}
